Luna_星,8.0,2019-1-18 19:29:53,算不上五月天的死忠粉，听过的歌也是比较热门那几首，不过始终还是有好感的。演唱会是有主题的，也有巡回不同场次的画面，故事贯穿的不错，对世界的思考也是好的，这应该是好的艺人的姿态和态度。会场的气氛和场景也是好棒的！客串也不少。
-IHI-,6.6,2017-2-9 11:06:47,H---《3501》
-IHI-,6.6,2017-2-9 11:05:36,H---《3501》
tycoon,9.8,2015-9-4 0:10:51,电影院里的演唱会。还有还会去。
VK博,8.0,2015-8-17 16:07:26,不是五月天的歌迷，没资格评价，最后突然好想你或许和我最近的生活有感触，最后心情被音乐影响了
尊漠,8.2,2015-3-3 12:15:24,喜欢五月天的歌，然而不是狂热粉丝
雷特曼,10,2015-1-23 19:03:15,很不错的电影
请别评论,6.1,2014-12-7 10:35:09,就是个演唱会，如果加入一些台前幕后的小故事，小花絮会精彩些。
萧萧凯风,8.0,2014-11-23 10:10:49,我是来刷分的！
David_VIP,5.0,2014-11-12 21:41:03,【五月天诺亚方舟】五月天再次带给我们全新的小理念 音乐和电影的激情合作并创作 这一次导演也进行更换了 上一部追梦是故事多 这一次诺亚方舟演唱汇集全场 五月天的音乐想法非常的全面 他们会把观众的心情调整到最佳状态 言承旭和林依晨作为客串还是比较腼腆的 作为整体3D音乐剧来讲本片的整体音乐效果已经是比较豪华和现代化的了 很不错 阿信你很棒 我相信你会带领你的五月天走向另一个高点去创造另一个辉煌 
苗乐乐MiuMiu,5.0,2014-9-27 22:24:05,五月天是个卖信仰的乐团。。。
超级天后,5.0,2014-3-5 19:17:23,其实就是听听歌，我个人对乐队歌曲还是比较喜欢的，以前最爱的乐队是beyond，现在觉得五月天还是可以的。
yamabird,9.0,2014-2-13 13:51:22,可惜CON开到家门口时略晚，没有收录上啊~~~
超级自恋狂,10,2014-2-9 17:17:30,懂的不说话
家庭娱乐,0.1,2014-2-5 17:45:45,捞钱天团！
在路上Mtimer,9.1,2013-11-15 23:32:16,金逸电影院 基本是包场 一个人哈 哈哈哈
这年头感情全是走私货,0.1,2013-11-14 15:06:18,死逼们。。
Luna_星,8.0,2019-1-18 19:29:53,算不上五月天的死忠粉，听过的歌也是比较热门那几首，不过始终还是有好感的。演唱会是有主题的，也有巡回不同场次的画面，故事贯穿的不错，对世界的思考也是好的，这应该是好的艺人的姿态和态度。会场的气氛和场景也是好棒的！客串也不少。
-IHI-,6.6,2017-2-9 11:06:47,H---《3501》
-IHI-,6.6,2017-2-9 11:05:36,H---《3501》
tycoon,9.8,2015-9-4 0:10:51,电影院里的演唱会。还有还会去。
VK博,8.0,2015-8-17 16:07:26,不是五月天的歌迷，没资格评价，最后突然好想你或许和我最近的生活有感触，最后心情被音乐影响了
尊漠,8.2,2015-3-3 12:15:24,喜欢五月天的歌，然而不是狂热粉丝
雷特曼,10,2015-1-23 19:03:15,很不错的电影
请别评论,6.1,2014-12-7 10:35:09,就是个演唱会，如果加入一些台前幕后的小故事，小花絮会精彩些。
萧萧凯风,8.0,2014-11-23 10:10:49,我是来刷分的！
David_VIP,5.0,2014-11-12 21:41:03,【五月天诺亚方舟】五月天再次带给我们全新的小理念 音乐和电影的激情合作并创作 这一次导演也进行更换了 上一部追梦是故事多 这一次诺亚方舟演唱汇集全场 五月天的音乐想法非常的全面 他们会把观众的心情调整到最佳状态 言承旭和林依晨作为客串还是比较腼腆的 作为整体3D音乐剧来讲本片的整体音乐效果已经是比较豪华和现代化的了 很不错 阿信你很棒 我相信你会带领你的五月天走向另一个高点去创造另一个辉煌 
苗乐乐MiuMiu,5.0,2014-9-27 22:24:05,五月天是个卖信仰的乐团。。。
超级天后,5.0,2014-3-5 19:17:23,其实就是听听歌，我个人对乐队歌曲还是比较喜欢的，以前最爱的乐队是beyond，现在觉得五月天还是可以的。
yamabird,9.0,2014-2-13 13:51:22,可惜CON开到家门口时略晚，没有收录上啊~~~
超级自恋狂,10,2014-2-9 17:17:30,懂的不说话
家庭娱乐,0.1,2014-2-5 17:45:45,捞钱天团！
在路上Mtimer,9.1,2013-11-15 23:32:16,金逸电影院 基本是包场 一个人哈 哈哈哈
这年头感情全是走私货,0.1,2013-11-14 15:06:18,死逼们。。
安托万的黑眼睛,7.3,2013-11-10 19:03:29,为嘛把“五”搞成“5”？作为一个非五迷的影迷，会花时间看这样没剧情的一部演唱会电影，全因“爱屋及乌”，时光是有一个小五迷。PS分项打分，“故事”我打了1分，音乐打了10，尼玛，不行5.5分，好吧，妥协一次。
Nicole_Yin,7.5,2013-11-6 16:07:48,虽然是五迷，但是客观就一部电影来说，其实也就是还行。特写真的帅爆！
Leona_Jing,9.0,2013-10-31 23:14:19,没去过现场的，真的可以去看，非常好
白白1117,6.0,2013-10-27 20:31:56,纯是演唱会形式的，没意思。看着睡着了。感觉挺坑粉丝钱的！
南极黑熊,8.1,2013-10-21 22:44:59,看过演唱会的我不觉得有任何新意，因为这些情节就是演唱会的情节，3D效果也很一般，不过作为五迷也很值得激动了，我记得放星空那首曲子的时候我都大声合唱饱含泪花，零点首映大家摇晃荧光棒，太有气氛了！
M_1310150716170097311,10,2013-10-15 19:10:54,字幕君要不要这么坑阿==毁我五月天！！
J了个Q,9.0,2013-10-15 0:05:33,我觉得不错～但字幕组稍坑啊。说实话或许只对五迷来讲很棒，电影嘛…还是带来不少的正能量啦，不过它本来就是演唱会的精彩合集嘛，剧情什么的就不要强求了
M_1309222208457591175,10,2013-10-14 17:00:01,好想在看呀
二维,10,2013-10-13 21:21:23,不是五迷。只为祭奠。两年前的追梦dna到现在的诺亚方舟。真的很怀念。阿信在最后的时候说，希望他的歌一直陪着那些孤单的人，哭了很久。突然很想你，你会在哪里？
小狼爱草原,9.0,2013-10-13 17:14:23,虽然我不是五月天的忠实粉丝，纯属抱着好奇心来看的。结果出乎意外的精彩，两个小时的片长丝毫不显冗长。有几首很感人很有feeling的歌。扣一分，是给中间穿插的剧情，不够贴近演唱会。
M_1310130741296946813,10,2013-10-13 13:58:59,相信五月天！
Meng819,10,2013-10-13 0:57:15,感覺就在現場看演唱會！high！
五月追夢,10,2013-10-12 13:29:58,超近看到陈信宏真的会cry！！！
SarahToki,6.0,2013-10-12 13:21:33,感觉没有上一部好诶
樽樽june,10,2013-10-9 22:22:44,最愛！因為五月天，因為陳信宏，夢想。。。離我近一點了！
澍溪,7.0,2013-10-9 13:25:29,因为那个13年和陈信宏最后一番话果断想给五星！！每个在贫瘠的现实里翻滚挣扎，却仍怀有不死梦想的我们都会被触动到的吧！虽然是演唱会电影，但是相当于看一场震撼人心的演唱会还是很值回票价，最后全场大合唱high爆的同时真心羡慕嫉妒恨，很希望今年跨年的时候可以以这种方式翻开人生新的篇章啊嘤嘤嘤
叁柒2720382,9.0,2013-10-9 13:14:56,第二遍看《诺亚方舟》，4DX版本比3D版本好很多。很多人看3D认为3D效果不好，其实我第一遍看3D的时候也觉得不好，但是4DX的感觉就很好，很有诚意，也很high，很有摇滚区第一排的FU~最后想说，因为了解，所以喜欢，因为了解，所以公正。每个人都应该为自己的言论负责。
ChairZhao,7.5,2013-10-9 9:33:14,电影部分没法看···五月天的歌就是好听，但居然有那么多打错的歌词，出品方是不是太想挣钱了，细节做得太差···幸好歌声还是那样令人感动，结尾阿信的话令人泪崩。
马里奥马里奥,10,2013-10-8 20:54:51,看了六遍，真的太棒！
幻城记忆,2.0,2013-10-7 23:34:28,完全没有上一部好看，没有诚意，好听的歌也不多，越来越垃圾了！！！
小绿蚊只,7.0,2013-10-7 17:49:03,很感动！但是没有知足，我不知足呵呵
许颜薇,10,2013-10-7 10:08:26,作为五迷来说，这是一部纪录片，虽然没有很清晰的剧情，不过视觉效果还是很好的。字幕君有点不仔细啊~
沈秋下,10,2013-10-6 22:12:12,完美！！！
1028620182,10,2013-10-6 17:09:52,很不错哦。。。。。。。。。。。。。。。。
M_1310051722110604147,7.0,2013-10-6 16:06:15,去不了现场听演唱会的可以去看看
akloveak,8.0,2013-10-6 12:51:43,突然就怀念起我逝去的青春了~电影整场很棒！可是我更希望没有繁复的故事情节穿插，多一些他们在台上的言语互动穿插，更真实的感受他们~~总之效果很棒！结尾的时候，散场的时候真的舍不得走！
M_78523,10,2013-10-6 12:24:35,大爱五月天
nana厷紸,10,2013-10-6 12:00:38,非常喜欢，一起去的朋友不是五迷照样看得很high...3D不错，我们看的那场氛围也不错，合唱鼓掌尖叫荧光棒...气氛十足！赞一个！看完心情会大好！
isuil,10,2013-10-5 21:37:05,謝謝五月天*\(^o^)/*
M_1310042326539871381,10,2013-10-5 20:48:40,"赞,效果不错"
中国病人·,0.4,2013-10-5 12:09:35,非常不错！
MUMU酱,10,2013-10-5 11:32:57,非常赞的演唱会，不论什么看几遍，总是会被感动到！
赣州映山红国际影城,8.0,2013-10-4 16:18:24,听五月天，做好青年！
M_1308122037138966222,10,2013-10-3 23:54:22,很积极励志的歌！ 不错！
M_1310031409260336171,9.0,2013-10-3 21:49:22,今天才知道有这部电影，因为快下线了，只有两家电影院还有此片，赶去了福田的万众国际影院，本来我不是五月天的歌迷，但是看了这部电影后迷上了五月天，现场演唱会的场景爆呆了，
汉堡包包子,10,2013-10-3 17:05:38,很棒的理念～很棒的演唱会～
M_1308301929001053603,10,2013-10-3 9:41:22,脑残粉与否我不知道，但是，我知道，我只是喜欢听他们的歌的时候的愉悦感
5月天拥抱,10,2013-10-1 21:37:41,让没办法去看演唱会的五迷们都感受到了演唱会！
5月天拥抱,10,2013-10-1 21:29:55,对你们爱爱爱不完。╭(╯ε╰)╮
良言也苦口,10,2013-10-1 20:29:17,棒！五迷必挺
M_1308292000273502916,8.0,2013-10-1 18:56:00,为了五月天而去 最后的独白很感动 赞
theresa030,10,2013-10-1 16:29:52,每次看都會浮現那一天的種種畫面、很感動很贊、love  u
花翎724,10,2013-10-1 10:12:32,比看弹唱会清楚一万倍
莪很情绪化,10,2013-10-1 8:52:41,给我们的电影〜感动
M_1309292113448536291,10,2013-10-1 0:37:07,五迷必看!!
深山原始人,,2013-9-30 21:27:19,只是好奇想看看时光和豆瓣的分差，结果发现是地球人已经阻止不了60亿五迷老师了。
nico妮,10,2013-9-30 13:04:20,昨晚刚刚看完，每个五迷心里都有一处跟五月天有关的秘密。而这部电影总有一个场面会触及到心里最柔软的地方，电影快结束的时候，坐在我身边的，不管男女都在偷偷的擦眼泪！！大爱五月天！！有生之年一定要看一次现场！！！！
漂泊的小新,8.0,2013-9-30 10:35:48,不能去看现场，看这个也是不错的，3D效果做的很棒
_七分休止符,10,2013-9-30 0:07:55,如果你用心去体会每一个镜头，每一句歌词，每一个场景，你会在其中找到自己的回忆和故事。他能理解我们的痛苦，倾听到我们的孤单。「希望我们的歌，能陪你们，在没人看到你们的时候」。每一场都很感动:)谢谢五月天
M_1309282011362067495,9.0,2013-9-29 23:18:03,看了很多遍…仿佛又回到了现场…一起感动 一起热泪盈眶…
乐__乐,7.8,2013-9-29 21:23:29,作为一部电影来说，不怎么样，敢不敢字幕没那么多错。。。。。。
梓桐思密达,5.0,2013-9-29 8:09:53,陪妹妹那个超级五迷去的，开始没什么感觉，好无趣，后面还好，感人了
苒雨,7.0,2013-9-29 0:14:31,如果国产电影的3d效果都这样 那就燃叻
N_MayDay,10,2013-9-28 23:09:53,没话说，赞
mirror_Cho,9.0,2013-9-28 20:29:34,最后内一分是因为爱情万岁和盛夏光年的遗憾。
朗尼先森,1.0,2013-9-28 19:41:57,一群傻屌脑残粉的狂欢。打1分干你们毛事~~~劳资拦着你们跪舔了？？？还特么非要每个人都去学你们跪舔么~~~
M_1309202142086549699,10,2013-9-28 17:31:25,就是好看 喜欢五月天
小乔流水,8.0,2013-9-28 16:55:26,鸟巢的观众HIGH爆了！
skinfang,7.0,2013-9-28 10:41:23,我相信音乐就该音乐，我相信摇滚就能万岁。不在乎别人的评判，因为他们带给我的感动就像摇滚的生命力一样长长久久。
M_1309271251299774003,10,2013-9-28 8:55:50,死忠饭必看！
Potter_Yang,5.0,2013-9-28 3:00:02,最后听了几首好听的歌。
小麦粉,8.4,2013-9-28 1:45:36,亲临现场的感觉，从头嗨到尾，毫无尿点～唯一不足是收录还不算全～～～但是真心赞！
小白白白白白,9.0,2013-9-27 22:15:31,Everyday is May Day
M_1309272152472645662,10,2013-9-27 21:53:26,非常好啊。棒
xinziai,7.2,2013-9-27 21:24:50,突然就想起来看追梦的时候我还嫌演唱会画面不够多 这次晚进场几分钟对故事部分比较无语，不知道是不是已经看过演唱会了的原因，现在看来没觉得震撼，并且眼睛要被一开始闪瞎了T-T 听突然好想你和温柔都木有感触，但听到干杯的时候好想TT  哈 观影过程干的最多的事就是看那个觉得很多此一举的英文版歌词了哈哈  还一直想知道我旁边的姑娘们究竟哭了木有  嗯 最后的那句“你不曾离开五月天”
周猫猫的喵,9.0,2013-9-27 21:22:42,个人不是五月天的粉丝，纯粹是无聊才去看的，不过真的非常好。3D效果很棒，很有现场的感觉，有点开始喜欢五月天了
吞吞亮,7.3,2013-9-27 11:39:01,不得不承认我是五月天的脑残粉，这就是一部演唱会的纪实电影，可是我依旧那么爱，每一首歌都跟着哼唱，每一句歌词都打到我内心的某个小秘密里。五月天伴随我成长，看完电影，让我又回到了几个月前身在现场大声嘶吼的样子。我有我的梦，我有我的路，只要有梦想，咸鱼也会翻身的。正能量的五月天，我会一直爱下去。
kiki204629,8.5,2013-9-26 23:09:13,明显比《追梦3DNA》精良很多，不管是故事情节还是画面音乐效果。然后，在电影院里，听到喜欢的歌每次都忍不住想跟着一起唱，就真的好像在看五月天演唱会一样。有生之年一定要去现场看一次他们的演唱会！（我承认我脑残粉的给了很高的分数，实际上这部电影还是衬得起8分了至少）
M_1307102150112006828,1.0,2013-9-26 22:40:58,唱上一晚的歌��
M_1309202142086549699,10,2013-9-26 22:05:47,太好看 还要去
一克拉de知足,10,2013-9-26 19:46:08,去看了4D的版本，真心好，特别是椅子震动还有的部分
Edwardqin,6.4,2013-9-26 17:02:58,全程音乐会外加环保广告
柚子旻,5.0,2013-9-26 14:18:22,粉丝电影不好评论
陈年青春荒芜,10,2013-9-26 12:33:33,你不曾离开五月天
锋潇潇,7.0,2013-9-26 11:30:43,对于五迷来说就肯定是必看啊，俺也去凑了个热闹哈哈
hj19881122,8.0,2013-9-26 10:58:01,细看之下清晰度并没有那么好，但是还是不错，完全是去看五月天的，中间穿插的小剧情也比上一部少，值得一看
MaydayBear,10,2013-9-25 11:57:19,身为五迷，挺五月天一路到底。喜欢的摇，不喜欢的滚。
-你头哥,8.0,2013-9-25 8:30:39,好看＞＜还有人挥手呢
bchdy,10,2013-9-25 2:16:15,特别棒！一定要看4D的！！不然你会后悔的！
hei绮罗,9.0,2013-9-24 22:54:02,给九分是因为有的时候阿信的嘴和歌词对不上，不知道是不是录制的问题。反正演唱会和五月天是满分啦~可惜我这么迟才成为五迷，诺亚方舟在福州在厦门的演唱会都错过了。泪T-T不过以后五月天有在家门口开演唱会一定不能错过哈哈~
你在烦恼什么70,10,2013-9-24 22:41:11,可以，值得一看
Gentle澍SHU,10,2013-9-24 22:27:36,五月天的歌总是那么令人振奋啊~而且效果超震撼的~
天空之心动,10,2013-9-24 20:48:59,超棒的，没想到自己还会追电影，默默地就已经看了4场了！现在在想着我的第5场！五只真的近的，好像可以打包带回家呢！爱你们！亲亲！！
aquarius_h,9.0,2013-9-24 19:56:07,没去看过演唱会的人 表示很遗憾
M_1309182220069638688,10,2013-9-24 18:49:00,铁杆粉又准备去看多一场了
我机器人,7.5,2013-9-24 17:56:13,用一张电影票的钱看了一场奢华的演唱会。
朗尼先森,1.0,2013-9-24 12:58:42,世界上最遥远的距离，是你是五月天的脑残粉，而我是五月天一生黑~~~
月满西楼2070165,8.0,2013-9-24 12:30:50,陪闺蜜看的，结果自己也沦陷了，原来现场摇滚的感觉比视频里看的效果好多了，与闺蜜相约下次一起看现场。请问，这算是这部电影的成功之处吗？
风信子fo,7.0,2013-9-24 1:30:12,青春正能量，每个人在末日之前看一次五月天的演唱会
五月追夢,10,2013-9-23 23:50:57,五迷一起动词动词的感觉波棒！
红薯Yam,9.0,2013-9-23 23:38:43,自嗨！观众冷漠了点
KAMI桑,10,2013-9-23 23:26:35,我不是铁粉，也不是脑残粉，但我感动的想哭。
M_1309231431462081190,10,2013-9-23 22:48:13,谢谢五月天。:)
M_1309231431462081190,10,2013-9-23 22:46:26,谢谢五月天。:)
M_1309201746175025347,10,2013-9-23 20:41:36,一场真正五迷的狂欢。。
你们家的屋顶呢,8.6,2013-9-23 18:13:39,我不是在看电影 是在看演唱会 脑残粉必备 有生之年一定去小巨蛋或者鸟巢看次五月天
士多啤梨吃芒果,10,2013-9-23 17:05:52,我們不曾離開，謝謝五月天
yuansure1734,9.0,2013-9-23 16:53:05,五迷们都懂，包场high爆
米米小昕昕,9.0,2013-9-23 16:49:18,如果你是五迷，其中表达的意思你会感受得到…越看越想到现场去，他们的渲染力不是一般强，大爱！！！
yoyoyoLeo,10,2013-9-23 13:57:45,i love mayday
BIN2596635,,2013-9-23 10:43:52,10分因为我是五迷 客观来说电影算不上 一场粉丝的狂欢
一万匹脱缰的马,10,2013-9-23 10:06:00,追梦没哭  演唱会没哭  这部哭了
StayReal--,10,2013-9-23 9:06:12,幻想了很多场景。最终还是自己一个人登上了诺亚方舟。曾经那个说好要陪你一起的人呢
筱璇,,2013-9-23 8:55:34,五迷都懂的
亲爱的璞璞,1.0,2013-9-23 1:11:22,不知道是电影院效果不好. 还是这电影根本就是拍给粉丝的. 或者根本就是一部烂片.反正我提前出场了! 太没意思!
M_1309201449283162188,,2013-9-22 23:46:41,感动，演唱会的每一幕沥沥再现
讲鱼,9.8,2013-9-22 23:17:58,反正我喜欢就对了
鲸鱼君,7.0,2013-9-22 22:34:55,《五月天诺亚方舟》3D：坐在电影院里看演唱会，虽是如法炮制，但超炫的视听效果令人仿佛身临其境。甭管是不是五月天的歌迷，都会被目不暇接的特技效果所震撼。尽管在曲目编排上欠佳，插入的剧情也一盘散沙，但它却营造出一个用音乐和画面交织的梦境，如梦初醒时让人依依不舍。提名：最佳特效。★★★☆
M_1309220013050682853,10,2013-9-22 22:02:48,差不多是一直哭下来的，五个人看的一场电影，喜欢阿信，冠佑，玛莎，怪兽，石头。以及，五月天。希望你们的歌能陪着我，在别人看不到我的时候。
M_78994,10,2013-9-22 21:46:33,就是好看好听
赵小兔,,2013-9-22 19:12:36,纯粹的粉丝片
王小霏,9.0,2013-9-22 17:45:17,全方位的帮助我们回顾了之前诺亚方舟的演唱会内容，很赞！那首关于梦想的《倔强》和阿信的最后一段话，终究让我流泪了～“五月天会陪着你，在没有人能看到的时候，唱起最熟悉的旋律。”影片结束，安静的尾声，还有那一句感谢～感谢五月天陪伴我们成长，陪我们哭，陪我们疯。更因为有梦想、希望和爱，陪我们从平凡到最特别～
小杭杭小,10,2013-9-22 16:09:19,爱阿信 爱石头 爱冠佑 爱怪兽 爱玛莎 爱五月天
乖乖乖乖大喜,9.0,2013-9-22 14:32:20,没有上一部的3D效果好
与离3040652,9.0,2013-9-22 14:09:16,看着 阿信在面前唱歌的感觉  真不错
perfect当,8.0,2013-9-22 12:06:12,没有知足不幸福！！没有未崩不幸福！！没有入阵曲不幸福！！
ocean0_0,,2013-9-22 11:15:29,看的时候可以大合唱么~
AwinL,,2013-9-22 10:13:52,五迷必须看！
田小丫,10,2013-9-22 8:11:00,看了首映也加入了包场，所有画面又把我带到了从去年到现在，从末日到明日所有现场的回忆，他们很棒！你  不曾离开五月天
Carmenli822498,,2013-9-22 8:05:54,赞一个4D的，赞一个伤心的人别挺慢歌
手机用户_24590,10,2013-9-22 3:29:36,忍不住看了三次 效果很棒 唯一遗憾的就是收录观众的声音太小了 现在诺亚方舟大陆版已经停航了 能在电影院看解一下相思苦也不错 赞
沈俐儿,10,2013-9-22 2:13:45,看了两次，一次比一次兴奋、一次比一次感动
M_1309201357512492858,7.0,2013-9-22 1:08:35,脑残粉模式开启，刚开始十分钟就cry了……
dbzhaotu,9.0,2013-9-22 0:28:42,脑残粉不解释！想听了一次演唱会这么爽
米老鼠ashin,10,2013-9-22 0:17:20,我就是脑残粉
一生子,,2013-9-21 23:48:01,话说 3D是为了更现场吗？ 虽说这种比超内场还有棒的视角很nice，但是……5迷我还是很喜欢的，不得不说的是，舞美真棒~！
牛头,5.0,2013-9-21 23:15:56,睡了一觉～
阿K要温柔,10,2013-9-21 23:13:06,我爱他们，非常。
叫我水哥,10,2013-9-21 22:27:46,非常棒，加油
离罹黎烬,10,2013-9-21 21:36:41,迟到几分钟入场 庆幸总算圆了梦一场 诺亚方舟时 总觉得整个人像要被吸附进去 温柔时 终于看清了那一个个小房间 总想伸手触摸 总想跟着哼唱 终究 兴奋到忘了哭  ps:有点low的是 一起看的小伙伴没有隐形眼镜 全程手撑着两架眼镜欣赏 
bkk_summer,10,2013-9-21 17:48:24,4D赞赞赞赞赞！
M_1309202142086549699,10,2013-9-21 16:32:26,真的好好看 好感人
凭良心评电影,7.0,2013-9-21 15:49:31,我们这电影院好像音响不太好。。。。重低音好像不行。。。蛮励志的。。。歌也不错
天意888988,,2013-9-21 15:09:05,效果很不错
ojo_楠,10,2013-9-21 13:50:15,謝謝你們送給我們這麼棒的禮物，這部電影的主角是你們，也是我們，這是我們共同的美好回憶。
M_1309210851051266840,10,2013-9-21 13:30:35,超级好看啊啊啊啊
M_78994,10,2013-9-21 12:43:25,我就是喜欢
心念低语,10,2013-9-21 11:11:00,阿信依然各种造型帅气逼人，怪兽的背弹引得连连尖叫，石头就算插兜站着也酷到不行，玛莎看不到脸却能看见老汗横流，冠佑认真打鼓的样子格外迷人……诺亚方舟时的金色光球，温柔时的片片雪花，连彩排也因为玛莎的一句“要有一个哲学性的转变”而变得很有亮点……阿信在憨人之后的那段话让我泪不成泣，谢谢你们一直在我身边！⑤
耐摔地板磚,10,2013-9-21 10:19:15,這是給要看演唱會的人的
will_chang,4.2,2013-9-21 10:16:46,与之前那部比起来，这部的剧情简直就可以直接忽略了。PS：这电影为什么非得3D呢？
M_1309182203296565718,10,2013-9-21 0:01:56,永远挚爱五月天
阿信,10,2013-9-20 23:44:52,看阿信的最后的讲话真看哭了，“希望我们的歌能陪着你，在没人能看到你的时候。”
擦腚用手指,1.0,2013-9-20 23:34:59,好喜欢五月天！
M_1309201117557259100,10,2013-9-20 22:50:19,看过五月天演唱会的人一定会喜欢这部电影。看了这部电影的人一定会想要再次去看五月天的演唱会。
幽小乐oO,8.0,2013-9-20 22:48:56,我能说最喜欢动次动次那里么，然后唱拥抱我们是一起〜
简单的y,7.0,2013-9-20 22:47:27,特效超过预期，整个就是一个演唱会，言承旭的剧情我认为表达的太水了！
M_99496,10,2013-9-20 22:36:19,五月天用了十三年从无名高地走到鸟巢才是真正能告诉我们青春的梦想值得每个人用一生的时间坚持。而有些事情真的是现在不做 以后永远都不会做了～
步步惊心_,9.0,2013-9-20 21:59:22,我曾想有过那样的青春 到最后才懂 那是他们的 不是我的 难得出现了一千个世纪 主唱的最后一席话让我泪奔 
手机用户_33056,10,2013-9-20 21:44:43,明天继续第二场
erica1497137,10,2013-9-20 21:41:33,五月天值得我们给他们打10分，100分，1000分，10000分！！！
table5439942,10,2013-9-20 21:18:01,如果你是五迷，就无需质疑
M_1308301929001053603,10,2013-9-20 21:00:54,这是五米和五月天共同的回忆。尤记得哈尔滨演唱会，我们的时光机。当说再见的时候，还是那么的惋惜。但是我们还是会再见的，因为我们约好了，要一起再唱这首笑忘歌
瞎了我的钛合金狗眼,7.9,2013-9-20 20:58:17,1这的确不能算作电影或纪录片。这个叫做演唱会实录。3DNA剧情太差，心说不要有剧情就好，结果..。2此片定位歌迷市场 私以为可以做到更极致，如果纯粹做成以往演唱会DVD后面穿插搭台幕后彩排创意发祥等部分，歌迷会更高兴。3节奏稍稍令人有些疲累。短片台词优但欠缺口语化与通畅。4画面灯光音乐没的说，但为何不唱人生海海! 5风格不很五月天五月天的风格就是结尾的风格 6如何才能加入必应8楼!!
煙小塵,7.0,2013-9-20 20:40:40,第一次听五月天是那首《倔强》，后来慢慢接触到《突然好想你》《温柔》《你不是真正的快乐》《我不愿让你一个人》.....已经不再是听歌，而是听到了一种心情。我不是五迷，却跟着一群五迷一起疯狂的挥舞这荧光棒，正如阿信所说，五月天在没人知道的世界里陪伴着你，让你感受这世界温暖的地方。那天演唱会你给我打的电话我没接到，下次我一定会去看。
飄覭,4.9,2013-9-20 20:17:15,本人拉去看的，我打这个分数压力很大。因为肯定被一帮五迷骂！！但是在我心中就是这个分
karasas,7.0,2013-9-20 19:23:59,在电影院看演唱会也是很爽的啊
M_1309190929234146354,10,2013-9-20 18:46:52,一个人去看的超赞！！
M_1309201746175025347,10,2013-9-20 17:48:28,如临现场一般。
尛小晓,10,2013-9-20 17:48:22,五月天带给我们的是感动，特别是最后阿信的独白。你不曾离开五月天，他们用音乐陪伴我们，感谢五月天！
M_1309201746175025347,10,2013-9-20 17:48:12,超级喜欢。
M_1309201746175025347,10,2013-9-20 17:47:27,再次静静的听诺亚方舟。就好像当初在演唱会现场一样。很喜欢。安心的跟着五月天一起唱。
M_1309190918447895352,10,2013-9-20 17:26:13,一幕幕，看的不是电影，是回忆。那些年因为五月天，我做过的疯狂的事。至少会让此时此刻的我觉得不虚此生。
whenevern,9.1,2013-9-20 17:22:28,是五月天精神的绽放，是我们的回忆和梦想的总结。
保护环境,10,2013-9-20 17:19:16,场景很不错，画面也很美，最重要的气场真的很强大，对于我这个五月天控来讲，真的很不错啊
裸睡的考拉,6.8,2013-9-20 17:15:23,诺亚方舟演唱会实况
公子夕,10,2013-9-20 16:54:34,当个脑残粉
蓝莓小酸奶,10,2013-9-20 16:50:39,视觉，音响效果都棒棒的。我只是去看五月天，可以忽略剧情，阿信爱死你啦。还想再看一遍，五月天的电影五月天的歌迷来顶
蓝莓小酸奶,10,2013-9-20 16:49:06,给十分，赞。
蓝莓小酸奶,10,2013-9-20 16:48:29,视觉音响效果做的很不错，我只是去看五月天的演唱会，忽略剧情，挺，还要再看一遍。阿信，爱死你了。
饼干白,10,2013-9-20 16:38:46,#我 永远不曾离开五月天#  谢谢这十年，在没有人看到我的时候的陪伴，在孤独时候的陪伴，在伤心时候的陪伴。我看着你们笑着对我说“就算失望，不能绝望”，我心中那个尚未崩坏的地方就永远都在。真幸福，人生路上能有五月天 。
Ashes余温,10,2013-9-20 16:06:07,这绝对是我看过最真实的3D电影，没有之一。
心心心蕊,10,2013-9-20 15:19:35,很嗨！一直支持五月天
手机用户_33056,10,2013-9-20 14:39:46,死忠粉、不解释！
DREAMi,7.6,2013-9-20 14:23:10,比之前那部好多了，之前那部中间穿插的剧情简直不忍直视。另外，说这货就是在圈钱的，哪部电影不为赚钱？而且3D效果比起某些片子简直良心，特效也比上一部显著提高。还有说这不是电影的，你说《this is it》算电影么？你可以说它制作水准不高，但说它不是电影，我觉得你对电影的定义未免太狭隘。
诺筱辰,10,2013-9-20 14:12:55,我不知道那些没看过电影，光看到是五月天演唱会电影就给低分的人抱着是怎样的心态。这部片子本来的初衷就是让那些买不到VIP票的五迷享受VIP的感觉。我只知道五月天包括他们演唱会的团队做出来的电影就是值得我们去看。因为每一首歌都陪伴着五迷，无论是关于亲情、爱情、友情、人生、梦想…那些路人乃至黑粉，你们不曾领略一群人拿着荧光棒在整部电影播放时摇曳跟着唱，你们不知道一群志同道合的人在五月天的引导下相识相知~我们不曾离开五月天~
孤独的上尉,1.0,2013-9-20 14:08:00,这也能叫电影？当谁傻x呢？！
芭小熙,10,2013-9-20 13:59:26,除去十分钟左右的无聊剧情，演唱会相当巴士~~~舞台很美~
安之氧气,,2013-9-20 13:44:54,知道他们很久，但是真正迷上是诺亚方舟演唱会！希望他们的音乐一直给我力量。幻想着在电影中看到小小的自己！
绍晓南FM,8.0,2013-9-20 13:35:05,如亲临演唱会般的幸福感受，跟着歌声一起唱，或激情，或沉静。不变的五月天，不变的我们。
theresa030,10,2013-9-20 13:33:22,昨晚看了，依然很感动。阿信，你每次说的对白都让人感动得掉眼泪，讨厌讨厌。。。。
橘子认真活,10,2013-9-20 11:25:58,傻逼，这是演唱会的纪录片。不是歌迷就别来打分。神马心态！
青春是挽不回的水,10,2013-9-20 11:10:38,电影很high 剧情也很好
____这____,,2013-9-20 11:04:39,剧情少了点，，但是五月天真的很不错。。
牛蛙王子,0.4,2013-9-20 10:37:00,这东西除了圈钱还能干什么
炭烤甜甜圈,10,2013-9-20 10:21:00,我要看五次
擦腚用手指,1.0,2013-9-20 9:17:52,太喜欢五月天了�
harryismer,10,2013-9-20 8:51:03,演唱会之王啊
M_1308141000049348654,10,2013-9-20 8:21:33,没错！我就是脑残粉！！
Bos-on,7.0,2013-9-20 8:05:28,身临其境的感觉
小枫sycs,10,2013-9-20 7:38:12,如果你一直觉得他们的演唱会票买不到票很贵但是又一直想去看 那么来看这个电影是最好的选择 虽说是电影但基本无剧情 虽然打了十分但是相比真实的演唱会现场当然还有差距 毕竟不能在主唱和歌迷互动时在影院里面喊出嘿嘿嘿嘿 总之 赞
M_1309160859117581040,10,2013-9-20 7:10:57,带了几个小伙伴一起去的，结果从此他们全爱上了五月天，大赞演唱会太完美了！
GagaWuLaLa,10,2013-9-20 2:15:45,没办法 脑残粉``我是
七音符,10,2013-9-20 1:40:26,有遗憾，也有遗症。
我的放纵是他的溃疡,8.6,2013-9-20 0:39:48,额。。。。。听了好多歌，好多好多歌。。。。。其实只能当电影版演唱会来看，什么剧情啊，故事啊都很一般。画面什么的挺美得~~~阿信在微博为什么没有回复我！！！！这个分肯定都是歌迷刷起来的。其实他们的音乐真的让我相信了一种力量。梦想要靠自己！！
summer0308,10,2013-9-19 23:57:29,主唱用沙哑的声音说最后那段独白时 有被戳中泪点
纯真的偏执狂,8.1,2013-9-19 23:50:39,本来就是听音乐的。我喜欢。
安屿,10,2013-9-19 23:39:50,对五月天的歌迷来说每次都是盛宴~
MOVIE爱,10,2013-9-19 23:20:44,嗨的不能再嗨！！！唯恨时间过得也太快了点吧！！！
肴琪晨曦,10,2013-9-19 23:18:56,2011年底到2013年中整整71晚惊涛骇浪。看到的是这一年多来满满的回忆，看到自己走过的足迹。还想再去看几遍~
式织两仪,10,2013-9-19 23:17:14,喜欢五月天10年，每一首歌都是一个回忆，对于我这个脑残粉来说是名副其实的10分
小白兔不吃胡萝卜,10,2013-9-19 23:02:54,作为演唱会记录电影，我更希望电影不要考虑什么情节演员之类的，五月天的演唱会本身就是一场精彩绝伦的电影，不被情节演员这些条条框框打断就好了，做一场完整的演唱会记录。
M_70660,10,2013-9-19 22:14:44,最后阿信用沙哑的声音说的那段话，泪奔~
moyilianchu,,2013-9-19 21:46:12,陈信宏帅爆了 视听盛宴 ！
maydayyuffy,10,2013-9-19 21:36:29,不能错过哦
M_1309190748594766440,10,2013-9-19 20:36:24,真的好喜欢，哭了感动了，加油
syeddie,10,2013-9-19 20:35:55,制作很用心。大家不用从电影应该有的剧情什么的去评判。这就是五月天给大家一次可以在电影院看的演唱会。从这个角度上说，各方面都很好。那些低分的纯属不喜欢五月天，而不是对这个电影院团版的演唱会有意见。这样就评低分，不理智！
syeddie,10,2013-9-19 20:25:04,很好的3D效果。制作很用心。记得带上演唱会的荧光棒去噢，会自动跟着歌曲变色的。
CentroWeng,10,2013-9-19 20:23:00,超级想看但是中秋居然不放假！！十一还有得看吗？。。我不想错过演唱会再错过电影�
Ethel523,10,2013-9-19 20:14:41,大爱五月天
lxlsy,10,2013-9-19 20:09:33,希望我写出来的歌可以陪你们在没有人看得到你们的时候 阿信说
M_70660,10,2013-9-19 20:03:22,这辈子一定要去看一场五月天演唱会，如果你没办法去到演唱会，那么诺亚方舟会带你进入现场
M_1309190130562182147,10,2013-9-19 20:02:44,脑残粉不解释
vanilla55555,10,2013-9-19 19:46:11,我想给10分，或许这部电影没有曲折的情感故事，没有激烈的打斗场景。但是，当每一首歌响起的时候，讲述的是五只和我们所有五迷的故事，令人感动。我只是希望不是五迷的人来看看这个给无数人带来鼓励、希望、快乐的乐队。
Angela·Ashin,10,2013-9-19 19:46:07,好心疼他们的嗓子
注册完了完了了,9.0,2013-9-19 19:04:17,结束后大家不约而同的一起鼓掌也代表了大家对这部作品的肯定！
注册完了完了了,9.0,2013-9-19 19:03:17,看了演唱会在看电影仿佛又回到了当时。满满的震撼与感动无以复加。
注册完了完了了,9.0,2013-9-19 19:02:23,倔强和憨人一直是最戳泪点的两幕。
注册完了完了了,9.0,2013-9-19 19:01:26,最后末尾的独白又再一次深深的戳中泪点。我相信我们会一直和你们的音乐作伴，然后一起努力的。
注册完了完了了,9.0,2013-9-19 19:00:08,很用心的一部充满诚意的作品。带给我满满的感动。
frankpotter,10,2013-9-19 18:58:25,脑残粉不解释，哈哈哈
注册完了完了了,9.0,2013-9-19 18:57:04,看完后是满满的感动与不舍。当明天远在天边，五月天近在眼前。
澈小颜·,9.0,2013-9-19 18:10:45,一定要去看。。。
电光幻影1985,0.2,2013-9-19 18:03:23,这破玩意拿到电影院放就他妈的是一种侮辱
陈阿彻Archer,8.7,2013-9-19 17:53:59,就电影而言一般般啦，不过谁叫咱是死忠呐，分数高点也是应该滴~~~~~
草莓脆饼,10,2013-9-19 17:34:30,相比第一部《追梦》，这次大幅削减了剧情部分只留极少的片段作为牵引，略去那十多分钟的故事，剩下的全是演唱会的实录，这才是我们想要的结果。3D很负责画面的纵深感像是身在演唱会现场。这一点看追梦的感觉还记忆犹新，感觉他们就近在前眼，只为你一个人而唱，而且比现场演唱会更好的是，我们能够看到更广的远景、更美的烟火、更近的表演。字幕出现的时候没想到就这样结束了，阿信唱完了《憨人》，最后的话再次戳中泪点，其实你们第一首歌就给我唱哭了
M_1309120018079882228,10,2013-9-19 17:08:56,故事未完，人生待续☆★
M_1309120018079882228,10,2013-9-19 17:08:21,故事未完，人生待续★☆
时光匆匆丶,10,2013-9-19 16:57:28,绝对不可错过的一场
everMay,10,2013-9-19 16:53:15,看演唱会时的激动与感动依旧如初。说不明白电影给我的感受，只有眼泪说明一切。也许很多人不解为什么我们可以这么激动，五月天给予我们的鼓励与正能量说明一切。感谢五月天陪伴我们至今。
everMay,10,2013-9-19 16:52:47,貌似又身陷演唱会现场了，看演唱会时的激动与感动依旧如初。说不明白电影给我的感受，只有眼泪说明一切。也许很多人不解为什么我们可以这么激动，五月天给予我们的鼓励与正能量说明一切。感谢五月天陪伴我们至今。
everMay,10,2013-9-19 16:52:20,貌似又身陷演唱会现场了，看演唱会时的激动与感动依旧如初。说不明白电影给我的感受，只有眼泪说明一切。也许很多人不解为什么我们可以这么激动，五月天给予我们的鼓励与正能量说明一切。感谢五月天陪伴我们至今。我们，不曾离开五月天。五月天，也不曾离开我们。
cindy531,10,2013-9-19 16:40:28,演职人员名单后那段口白才是重点，看哭了。TVT。
伍樂魂,10,2013-9-19 16:22:43,爆爱！！！
overcastsky,,2013-9-19 16:07:18,自己是粉丝就不打分了~跟DNA比起来没有剧情这好多了~DNA的弱智剧情我都要哭了~没什么好说的估计除了粉丝也不会有人去看~唯一遗憾的是全景俯拍太少了~另外其实我很想听崩坏啊~
M_1308282233135529666,10,2013-9-19 14:57:15,我是脑残粉，不解释
上几楼的快活,7.8,2013-9-19 14:47:06,五月天，有你就够了
·Pink暖暖·,10,2013-9-19 14:11:49,演唱会一般的电影，最后哭惨了
everMay,10,2013-9-19 13:58:10,貌似又身陷演唱会现场了，看演唱会时的激动与感动依旧如初。说不明白电影给我的感受，只有眼泪说明一切。也许很多人不解为什么我们可以这么激动，五月天给予我们的鼓励与正能量说明一切。感谢五月天陪伴我们至今。我们，不曾离开五月天。五月天，也不曾离开我们。谢谢五月天。(电影字幕放完后不要离场喔~阿信有话说~)
everMay,10,2013-9-19 13:57:49,貌似又身陷演唱会现场了，看演唱会时的激动与感动依旧如初。说不明白电影给我的感受，只有眼泪说明一切。也许很多人不解为什么我们可以这么激动，五月天给予我们的鼓励与正能量说明一切。感谢五月天陪伴我们至今。我们，不曾离开五月天。五月天，也不曾离开我们。谢谢五月天。(电影字幕放完后不要离场喔~阿信有话说~)
everMay,10,2013-9-19 13:57:25,貌似又身陷演唱会现场了，看演唱会时的激动与感动依旧如初。说不明白电影给我的感受，只有眼泪说明一切。也许很多人不解为什么我们可以这么激动，五月天给予我们的鼓励与正能量说明一切。感谢五月天陪伴我们至今。我们，不曾离开五月天。五月天，也不曾离开我们。谢谢五月天。(电影字幕放完后不要离场喔~阿信有话说~)
everMay,10,2013-9-19 13:56:23,貌似又身陷演唱会现场了，看演唱会时的激动与感动依旧如初。说不明白电影给我的感受，只有眼泪说明一切。也许很多人不解为什么我们可以这么激动，五月天给予我们的鼓励与正能量说明一切。感谢五月天陪伴我们至今。我们，不曾离开五月天。五月天，也不曾离开我们。谢谢五月天。(电影字幕放完后不要离场喔~阿信有话说~)
everMay,10,2013-9-19 13:44:54,又有一种身陷演唱会现场的激动与感动，刚开场的氛围就让我深有感触地落泪了。说不明白五月天带给我们的感触是怎样的，就是深深地融入了音乐。每一次演唱会结束包括这次电影的结尾，都会让我落泪。感谢五月天，感谢五月天带给我的鼓励与感动。我们，不曾离开五月天。五月天，也不曾离开我们。谢谢五月天。(电影字幕放完不要离场喔，阿信还会说话呢。)
小城乐仔,9.0,2013-9-19 13:35:37,非常不错！
maydaya555,10,2013-9-19 13:07:50,内地版的被电局剪了俩首歌，怒怒怒
sherry_titi,10,2013-9-19 13:07:37,太好了！！！我还要看一遍〜
lilylei0424,9.0,2013-9-19 13:06:09,零点首映，嗨爆全场~ 阿信最后那段话真是催泪啊[泪]“我从小就想做一个与众不同的人，但是我从来没拿过第一名…后来我找到一件自己做的不错事 就是玩音乐！……谢谢你们，在我取得一点点成绩时就那么慷慨！……我只希望我们写的歌能一直陪着你们！” 啦啦啦啦，啦啦啦啦……
幻丗流年,5.0,2013-9-19 12:28:08,::>_<::
M_70660,10,2013-9-19 11:51:28,我不曾看过一部电影你不愿坐下，我不曾看过一部电影有这么整齐的和声，我不曾看过一场电影每个人默契的带上荧光棒。虽然它的成本不是最高，虽然它的制作时间不是最长，虽然它的剧情没有悬念，但足以触摸到你内心最柔软的地方！它就是五月天诺亚方舟，你不能错过
M_1307120838311816777,10,2013-9-19 11:13:01,简直过瘾棒极了
L_Sseven,10,2013-9-19 10:54:54,爱五月天爱阿信。晚上去看！
阿格妮絲橘,10,2013-9-19 10:53:53,謝謝五月天帶給我的正能量！！！！！
可爱井宝,1.0,2013-9-19 10:45:06,五月天滚粗好吗？歌是挺好听的，可别猥亵电影二字好吗
申小晨,,2013-9-19 9:32:20,不解释...不爱五月天   不是好青年！！！
