夏目透,7.7,2018-9-10 23:59:41,制度糟蹋人
washighton,8.0,2017-11-8 20:06:35,戴的
熊哥的号,8.0,2016-12-27 14:02:30,法治的冰冷，官员的冷漠，父亲的温情。
Homkee,8.0,2016-9-22 22:01:06,尽管拍摄条件略差，个别镜头和音乐的搭配很出色
独自哥哥,,2015-10-27 14:04:54,《不能没有你》 影评 http://murl.tv/ezTi
绯色_神仙,7.8,2015-10-16 22:36:38,一部非常温情的作品，也揭示了非婚生子女在社会中面临的窘境。
女流-氓,10,2015-2-9 2:50:27,几年前看过，现在仍然印象深刻。
吹普特里,,2014-11-27 4:01:28,小时候目睹的熟悉的人情世情。感动感叹之后，更深思我们能做什么应该做什么
艾珂,9.2,2014-10-28 23:24:42,這是一個吃人的社會
Msbear,8.0,2014-9-8 21:31:39,平淡真实，大为感动。
晓妖婧,7.0,2014-8-17 12:03:11,二年前和你分开，她就不再讲话
Luna_星,8.0,2014-8-16 15:01:50,弱势群体在社会的地位低下，没有保障虽然故事发生在台湾，依然可以带入各个地方，黑白的画面很朴实，现实虽残酷，有亲情也总是好的，也是一种幸福。
gaokimo,7.8,2014-8-14 23:40:25,吃人的世界
yjxue84,8.9,2014-7-10 21:57:37,看着對岸的電影，想着發生在自己身上的事情。
往事迷雾,9.0,2014-7-4 14:49:35,不论 气氛  演技 配乐    还有整个电影的感情氛围，不煽情，都很好。
brighton0312,7.0,2014-5-23 23:52:00,温情的父女情，社会体制是反派，一切的情感都这么脆弱。
残影碎片,8.0,2014-4-2 23:54:35,被剥夺的权利的父爱，就像深渊中急促的喘息，没有氧气，快要窒息。而希望就是水面上熟悉的身影，期盼着能见到你。可以一无所有，但不能失去她，女儿就是一切。无法割舍的亲情，彼此都不能没有彼此！这样的结局是诸多社会问题造成的，是盲目执法的后果，亲生父亲无法和自己的还在一起是多么的可笑，多么的具有讽刺意味。
樱木花城,7.4,2014-2-20 23:55:07,这部电影的精粹在于选材，导演以台湾底层社会的真实案例进行改编创作，的确话题性和现实意义很大。但是导演戴立忍的功力实属有限，没有把这个剧本拍成一部催人泪下的电影，而拍的像焦点访谈，讲故事的职能固然具备，但却少了些电影这一艺术形式的戏剧感和艺术感
唯爱永生,8.3,2014-1-4 22:34:47,在这个冷漠的社会中只有亲情是最真实的，活在阴影处的人有着太多的无奈。
Kevin_凯文,7.6,2013-12-31 17:18:50,这是那年金马奖的最佳影片，导演用平实的手法和黑白的色调刻画出了社会的冷漠和弱势群体的无助，这种现实主义作品不多见了
范小_snake,9.1,2013-12-29 17:28:23,我最喜欢的台湾电影
honeybunny9048,8.6,2013-12-18 14:06:41,爸爸，不能没有你
eidd,9.2,2013-11-25 18:47:23,平淡中的精彩··影片的基调真实的直视主人公内心的世界··没有夸张的渲染只有平淡真实的描绘··以成年人的视角诠释和带动影片的情感···生动而又精彩
尋影,8.5,2013-10-30 20:41:06,温和的批判，但问题值得我们思考，当下的中国我们同样面临，需要我们一起努力才能少一些这样的离别。影片画面、音乐、表演给人的感觉都很舒服，前后情绪的变化自然流畅。
呯呯,8.0,2013-9-26 23:06:25,将镜头对准下层老百姓，就冲着这股人文关怀这部电影也值得去关注，更不用说小人物在不公平境遇中的坚韧在电影中娓娓道来，平实感人。
LexusLiang,9.1,2013-8-18 0:06:03,陈文彬演的很好~~
蘇一,,2013-8-16 0:51:14,2009年8月14日周五「不能没有你 no puedo vivid sin ti」 通过真实事件提出一个问题：这个世界是否公平？答案是no。当然我们无法因为外界的不公平而忽略自身问题。而对于不公平我们如何去改变？本片倒也没有展现这个方面的意图。因为人生总会有改变不了的无法控制的事情！它完全写实风格，高潮部分没有渲染夸张，通篇平淡如水。只不过会在观众脑海里面留下黑白的光影和影像，以及淡淡的忧伤和压抑无奈的心境。久久无法散去。
倚窗摇风铃,10,2013-8-14 13:20:06,第46届台湾电影金马奖(2009)最佳影片，最佳导演，最佳原著剧本。。。戴立忍第二部剧情长片。台湾真实社会事件改编作品，一则父亲与女儿最令人动容的亲情告白。
黑白红,8.0,2013-7-15 1:40:43,大二上课时看的。只记得那位老师推荐的电影都很不错。
六六六,7.6,2013-6-9 7:20:26,讲述台湾老百姓的故事
沃德先生,7.3,2013-6-7 18:11:00,"真不懂导演为什么全片使用黑白,感觉只是一种故事本身的基调,在城市里的画面极其混乱..."
Poalo,7.0,2013-3-18 9:45:29,苍白无力的纯爱世界
chino1462675,8.0,2013-2-2 8:03:30,一部很简单的电影，剧情简洁而直白，有些段落表演夸张却不代表不真实。唯一的疑惑是对影片主旨的表述，对所抨击的最终还是作出了妥协。
老片客,8.2,2012-12-21 17:12:44,台湾真实社会事件改编作品，父女情竟被一纸户口划破，社会局带走拿给别人收养结果不用看我们都能猜到，这就是人民的公仆，为人民服务！不能没有你，今天看着是不是更添一丝悲凉。
爱看电影的阿甘,10,2012-11-24 23:21:04,最近几年的台湾电影很出色，印象比较深的有不能没有你，深刻的反应了现实问题，这是难能可贵的！！！金马奖，很公平，明年见了！
小四6171,6.0,2012-11-16 12:47:13,一向对感动无感
scarlett-wei,8.0,2012-11-12 22:44:01,台湾的很多小电影挺好的啊
当当哥,7.0,2012-10-29 22:43:51,1.题材很感人 效果一般般2.都说政府是人民的儿子 至多是个败家子吧 花着人民的血汗钱享受着人民的宠爱 却做着让人民伤心失望绝望的事 说着花哨的话 却从不做该做的事3.或许结尾的时候他们缺了一个久别重逢的拥抱4.贫穷的人生真是悲凉啊...
JasonG,9.1,2012-10-2 3:59:55,细节镜头丝丝入扣。画面与父亲形成了对社会最苍白无力的控诉，
sTAnLEy,6.0,2012-9-5 1:58:02,评分那么高，虽然是写实，也是真人改编，还算蛮煽情的，但是不算特别好看。。
恐惧绿色,9.4,2012-9-2 17:24:25,记录片一般，对残酷的现实隐忍了60分钟后，我和那个父亲一起爆发了，最后一刻愤慨伴随泪崩，这个世界的权利属于上层社会，义务属于下层社会。
乐冰,8.9,2012-8-26 0:39:47,武雄从社会局出来，女儿被强制带走了。他一个人孤单地走在马路上，洒水车从身后开过来，洒了他一身水。社会底层的小人物命运的无力感在这个镜头里表现得淋漓尽致。
baaldiltt,7.0,2012-8-14 21:48:59,没有那么好看··不过还可以
Page刘,7.7,2012-8-14 17:47:07,上映日观影：导演戴立忍用一起社会案件背后的故事拍出了一个底层真实心酸的台湾。反思所谓的法制连最基础的亲情都不能维护，影片用黑白色调直观无修饰的讲述这个真实发生在社会各个角落的爱。爸爸站在船头，妹仔站在岸边，拉近，结束。DVD集成导演在46届金马奖泣不成声的最佳导演和影片颁奖~比较有意义
纯蓝色Steven,8.6,2012-7-25 15:42:38,没有青春偶像，没有小清新、没有黑道白道、没有跌宕起伏，甚至没有彩色画面，也一样可以成为台湾电影的上乘之作。
Lazhar,10,2012-7-21 15:11:34,与其说这是一部电影，倒不如说这是一部纪录片。记录着社会百态，记录着人间冷暖，记录着父女情深。
Andrea-白兔,8.0,2012-7-14 16:11:07,像纪录片的感觉 真实
差不多先森,,2012-6-15 13:13:09,#电影中你最欣赏的父亲角色#《不能没有你》 有爸爸的女孩才是公主。@卡片机器人一号 
不羁的年年,8.0,2012-5-6 22:56:21,看的台湾偶像剧和小清新电影总是会让你觉得这地方一定是就如这般美好的，但哪个地方都有贫穷，都有生活在很底层的人，当官的打官腔，人们冷漠，势利眼，生活在底层的没有讲公平的可能，这种在国内有的，对岸也一样有，总之看到了不一样的台湾，真实的台湾
山风,5.0,2012-3-31 13:12:06,台湾和大陆还是有很多本质上的区别的！弱势群体确实值得关注，但是在大陆真是关注不过来了，甚至自己不知不觉也在走向弱势！也许在台湾此类事件值得感慨一下，在大陆大家对于这样的事件也许真是麻木疲劳了！
美女静,7.0,2012-3-21 10:55:39,中规中矩的写实片，真实事件拍的轻灵，缺少一点厚重感，细腻程度也远不能跟《天水围的日与夜》比。
米兰达_,7.0,2012-3-11 23:27:58,现在只想说，故事和《流星语》基本上一模一样，海报都是一样的。
钢牙1989,9.0,2012-3-11 0:18:00,怪不得台湾不愿回归，这父女俩要在大陆，父亲在拘留所够呛能出来，女儿在寄养家庭够呛有好日子过
西风独步,8.0,2012-2-19 16:59:36,太过煽情了
suiiccc,9.0,2012-2-13 14:00:32,电影的色彩以及它所反映出的社会..
Black_Maria,7.0,2012-2-12 17:46:43,题材故事还是很动人的。但是画面上由于倾向于纪录片风格，色彩对比度太低呈一片灰色，重要物体无法突出，除了最后一段镜头里女儿的白裙子。
妈妈丸子,8.0,2012-2-8 9:13:51,虽然对黑白片没有爱，但不得不说这样的一个父亲还是深深地感动到了我。可悲的是，亲情在所谓的政府法律程序面前渺小得可怜。导演的剪辑和电影的配乐都让人感觉很舒服。很自然。所以，感动到落泪也是很自然的一件事。 
adam714,8.7,2011-12-21 15:53:03,坚持使用最淳朴的黑白画面，不为票房妥协，这就是有追求的导演的选择。一个很真实的故事，反应很真实的人生，就应该用很真实的表达手法。而在这真实中流露出来的亲情、友情，为这个残酷而黑白的世界，增添了力量非凡的暖意。
Mramani,8.0,2011-12-10 9:24:01,社会不只是不公平，还很冷漠残忍。
棋子4408115,9.0,2011-12-4 23:28:31,法律真的不能解读人的感情，所以往往伤害到更多的人。很出色的一出人文电影。
驼铃,7.0,2011-12-1 18:20:08,台湾人追求的亲情
八爪,6.2,2011-11-29 23:50:08,放在天朝……这个算事吗？
phantomusic,9.7,2011-11-21 20:48:00,好电影也是会绕梁三日的。。。
阿廖沙,9.0,2011-11-9 21:25:57,关于电影《不能没有你》：刚刚在豆瓣电影的搜索栏里把片名打成了“和你在一起”。
小抱子,8.4,2011-11-7 22:39:46,简单，真实，所以特别感动！
Marcia,8.5,2011-11-5 11:03:34,很有日本旧片的味道，台湾电影的一个优点就是借鉴了日式电影镜头的沉静，这个故事本身是一则社会新闻，若要有所提升就必须着力刻画父女间的细节和情绪，戴立忍几乎是克制地完成了这个任务，但我觉得有些地方还是没有把持住，配乐并不恰到好处
ewayren,7.0,2011-11-1 11:43:24,台湾父女情，低调而感人
明志,8.0,2011-10-20 22:39:26,简单而温情 黑白的呈现让我更能从心去观看
发克茨·朗,4.8,2011-10-15 0:13:38,这尼玛都能得金马奖
迷糊小飞侠,,2011-10-6 21:07:00,10月2日，成都重庆之行的第一天，飞机上、宾馆里通过miumiu完成了这部影片的观看。果然不辜负大半年前两个人的推荐，黑白片很写实小女孩很可爱~老是把这部电影的名字误以为《和你在一起》，可能是因为这名儿更符合我当时的观影状态吧
成師傅爱喝水,8.6,2011-9-27 1:38:52,节奏舒服。那段爸爸在海里看着女儿慢慢下潜，看的我心隐隐作痛。
落泪Sahara,7.0,2011-9-26 23:10:47,这部取材于真实事件的影片，总头到尾的黑白影像仿佛已经告诉我们这部片子的基调了。片中音乐与人物心情的处理也比较到位，深刻地反映了社会问题，还好影片的结尾进行了“善后”~
Se7en丶小七,8.4,2011-9-10 21:48:47,干净而纯粹的感动。
木森林ManSon,8.3,2011-8-16 18:42:27,黑白，真挚，感人。    字幕的出来，我才意识到电影的结束，但眼泪已经不自觉的再眼眶中打了几个转。结局有点突然，但让人浮想连连，父女两人会抱头痛哭，还是简单的一句，爸爸。我不知道。
Stephen_Chow,7.0,2011-8-13 23:31:34,如果不是获得金马奖，我想我是不会坚持把它看完的。没有太多的感动，只是单纯的被小女孩甜美纯真的笑脸所触动。
Uto灭绝,7.5,2011-8-13 21:54:42,这个戴立忍，和在《剑雨》里变戏法的戴立忍，和桂纶镁的男朋宇的戴立忍。。。。很难在脑海中建立一个统一的形象耶，但是，很喜欢。
Esionstory,8.7,2011-8-6 20:27:49,如果不是这部电影，我会以为台湾这年头只有偶像剧和文艺片。整个故事像极了真实的记录，强烈地撼动着人的内心情感。
常月缠,8.0,2011-7-31 9:58:50,看着很心疼的电影，觉得特别的无力。
银他妈,8.0,2011-7-9 23:24:24,太第三人称了......
醉情公子,9.0,2011-7-8 16:07:08,令人感动的父女之爱。也许，世界上真的会有一个你不能离开的人。
异亮氨酸,10,2011-6-30 23:20:47,感动中有一丝淡淡的苦楚。
八卦雞,7.8,2011-6-28 10:55:15,可以失去生命，但却不能失去你。
王策1715737,9.0,2011-6-26 14:13:39,非常好的小制作电影，戴立忍的镜头感一流，画面语言异常丰富，可以算是近几年中排名前几位的电影佳作。值得推荐。
大萝卜,7.5,2011-6-23 23:39:36,"感动了我,我热爱这样的一群人"
只因相遇太匆忙,,2011-6-6 12:57:25,说不出的悲伤，说不出的感动。
花卷不是面食,8.0,2011-5-21 21:40:22,我一直看，一直看，就能看得见。
烟雨凄迷,8.0,2011-5-15 12:43:44,真诚面对需要帮助的人，而非围观及互相推诿
阳关酒,9.5,2011-5-12 13:19:43,父爱，在这个缺失公平的社会里，闪耀着夺目光芒！（年度上佳电影！）
ChatBigMountain,10,2011-5-4 12:40:56,台湾式秋菊打官司，男主演技很高，黑白影调有特殊效果
whysta,7.5,2011-4-26 0:43:26,没有精心设计的镜头语言，也没有华丽的画面，甚至褪去了现实世界的色彩斑斓。故事向我们展现了两个被社会边缘化的小人物的平凡生活和内心世界。没有绝望到底，也没有咸鱼翻身，只有深沉的浓浓的爱——父亲对女儿的爱，以及女儿对父亲的爱。
yuhao2010,10,2011-4-8 12:53:46,父爱到底有多伟大？谁会知道？
Zhaozq11_Stefan,8.0,2011-4-3 18:53:52,一点儿也不假。
我们一起883312,10,2011-3-12 0:59:34,能成为经典而传世
脱发的刺猬,7.0,2011-3-2 13:53:05,不温不火的台湾 不温不火的电影 不温不火的台湾电影
岸上,7.0,2011-2-20 2:04:20,感觉就是记录片
江户川乱摸,8.0,2011-2-18 13:06:19,&quot;社会不公平&quot;借由父亲之口说出时，显得那么不甘与无助。
山中大雾看景,8.0,2011-2-15 22:44:52,父爱，永远都是那么的感人……
M灰大狼,8.0,2011-2-9 1:06:30,可以作为一部记录片了，法律是显得那么的苍白
银陌,8.5,2011-2-6 17:17:16,当机车飞驰时，世界仿佛只剩下他们两个。在机车后紧紧抱着你，即使一无所有又如何？失了你，我的世界也褪了色。PS：我喜欢里面的钢琴插曲。黑暗的色调不是很喜欢，画面看起来太压抑。
阿呼,7.7,2011-1-29 0:57:25,一直看，一直看，一直看，就看到了真实的爱
紫蕤,9.0,2011-1-28 15:45:54,充分体现出戴立忍的才情！
realrice,8.0,2011-1-28 1:52:02,还好有口哨让心情好一点
mimoll,9.1,2011-1-23 23:33:15,黑白映像，真实的触感，不做作的感动
naro,8.3,2011-1-18 15:39:30,黑白的电影画面淡淡的呈现了一个生活在底层的男人和女儿之间的爱，简单、质朴、真实、打动人心，台湾电影总能带给人感动和共鸣。
serlay,4.0,2011-1-17 20:26:37,本来就觉的台湾电影绝对&quot;够&quot;了.突发奇想的看看金马奖的获奖电影吧，没想到哦~~~竟然是这个样子，伤心。
SGJY,8.0,2011-1-14 21:22:35,平实质朴的讲述小人物的故事。
李天啸,8.0,2011-1-9 21:19:22,比什么和你在一起好多了
文淼1895,8.0,2011-1-1 16:10:06,真难以想像本片居然跟《台北晚九朝五》出自同一个导演。
五竹,7.8,2010-12-14 14:48:01,如果你将离去，那我也不再有道理活的开心。
djoko,8.1,2010-12-10 23:14:51,今天第二次看，看到爸爸的眼泪，还是很感动，看到片尾还是很感动，除了节奏很慢第二次看就觉得有点没耐性之外，都很好。配乐真的很赞！
xixi19840428,8.0,2010-12-2 16:04:28,台湾至少让拍这种电影。
aiN-Liao,8.3,2010-11-24 14:19:34,正如父女间隔着海水的对望一样，虽然现实对父女作出了阻隔，但相互间的关爱就如那穿透海水的视线般穿越这种阻隔使双方的身影清晰可见。爱，是一直看一直看就看得到的。
wacky瓜,7.4,2010-11-19 10:20:45,主打沉闷路线的台湾电影，黑白的画面讲述电影版《情感故事》，去电视台换个情感节目，一抓一把
阿宝1489284,9.0,2010-11-18 10:25:20,强大的剧本，完美的结局
戈达尔,8.2,2010-11-14 9:28:35,成熟的视听语言，带领我们进入一个宁静真诚的内心情感世界。
宇速飞翔,9.0,2010-11-13 11:56:30,戴立忍是个不错的演员，但他更应该当导演，仅有两部作品，都有特立独行的味道。与《台北朝九晚五》的尖锐不同，这部纯黑白的写实片，朴实诚恳，温情却不煽情。生活在海边最底层，木讷的父亲和小女儿相依为命，为了仅有的一点权力去抗争，不愿分离……不会让你落泪，却依然触动心底的柔软。
leonsier,8.0,2010-11-8 16:42:42,"哎,台湾的公务员对草民的态度直是太好了,不过台湾入学政策真的有那么神奇?"
matchn,,2010-11-7 16:12:38,很好的片子，有些不理解为什么拍成黑白电影，很多镜头如果用彩色的话，会更美丽。
eviltendy,8.0,2010-10-10 17:40:05,每个人似乎都尽职尽责，但都没用心用力，黑白色的世界，人们都是冷漠的，船长对潜水者的冷漠，看新闻的人对跳桥者的冷漠，立法委对民众问题的冷漠，行政部门的冷漠，唯一的希望就是不断的坚持，最终终于父女团圆。
于斯为盛,7.0,2010-10-8 22:15:45,因为金马大奖，才看这部片子。对底层的关注，社会问题片，以题材与写实风格取胜。用黑白其实大可不必。观众感动于父女情深，反倒掩盖了影片对社会问题的批判意图。如果把它看成伦理片，我觉得还不如《左右》令人纠结呢。
马达86,8.0,2010-9-26 17:41:08,取材自阵势故事，這是影片让人感到揪心的地方
WANTEDU,8.0,2010-9-21 0:10:57,黑白的映像注定了这是个残酷的现实故事，影片充满了父爱，“社会不公平！”父女回程一路，音乐轻快，有阳光温情。社会最底层的父爱来的是那么真实，整个社会对底层人有了一种思维定式，他们的一切行为都是要去严刑拷打的！影片也揭露了台湾小岛的政府对待底层人民的不公正！
懒魚,,2010-9-14 21:31:10,想起去年发生的几起跳桥事件，现在想想，不到了迫不得已的地步，又怎么会用这么无奈的方法。黑白是最好的颜色来表达了，很纯粹。  “爸爸，你在海里都好久，我想和你在一起” 　　 　　“妹仔，妳看得到我吗？” 　　 　　“看得到啊！” 　　 　　“海那么深，妳怎么看得到？” 　　 　　“
馆长,8.0,2010-9-12 23:36:47,后一小时好像只过了5分钟
崔崔amber,9.0,2010-9-7 16:45:11,多感人的。。。万恶的社会啊。。。
Susan802827,8.0,2010-8-31 8:38:58,原来官僚到处都是一样一样滴
达达猫,8.5,2010-8-28 20:27:44,故事很简单，简单的就是现实，社会的底层生活是那么的不容易，生活的艰辛，亲情的无法逾越，让人久久不能忘怀。
seayongw,8.0,2010-8-20 16:23:30,关注底层民众的生活，细致入微。不容易。
尧宝217217,8.6,2010-8-18 21:17:47,政府部门是为百姓办事 那为什么办起事来那么复杂呢 一点也没感觉到便民
supersuper,9.0,2010-8-14 17:37:51,已经收藏此片
不真实的莫里哀,8.0,2010-8-14 13:15:41,。。。。。。
ernestchou,7.0,2010-8-13 17:04:54,没有想象中感动，却是如细水长流一般的平淡 
合什么卡出箱子几率高,8.0,2010-8-12 17:22:05,影片用黑白的形式拍摄，可能是想更好的诠释生活的无奈吧，看着让人心痛
shA77y,,2010-8-7 20:20:26,很温情的电影~
Blizard,8.0,2010-8-6 21:37:10,S..F.. 哪都一样...
雨田,8.9,2010-8-5 14:40:27,庆幸有一个好的结局，影片的配乐增色不少。
malong615,8.0,2010-8-3 19:58:14,感人的故事
非2904017,8.0,2010-8-1 11:37:16,画面的力量
2828,9.0,2010-7-31 17:37:24,一直看 一直看 一直看 就看到了
Air948449,,2010-7-31 16:16:45,我和我的西语老师都很好奇，为什么外文翻译是西班牙语？戴立忍来学校那次没有去，小遗憾吧。我还是挺喜欢黑白风格的电影，不能没有你是，恋恋风尘也是。
茶啡,8.0,2010-7-29 18:06:04,借亲情反映社会问题令人心痛唯一觉得结局仓促没有能很好的宣泄情感
hope696683hu,8.7,2010-7-8 9:52:08,不能没有你
simple_x,8.1,2010-6-25 2:46:38,社会真正的败类就是所谓的政府。
菜籽,8.8,2010-6-21 17:36:30,一部适合在&quot;父亲节&quot;欣赏的小众电影，配乐和画面很搭，慵懒的口哨歌给压抑的情节平添了几分暖意。金马奖最佳影片实至名归，桂纶美果然眼光独到。这要是一部国产片，估计早被毙无数回了。
九珂,8.0,2010-6-20 17:56:54,导演很大胆，用黑白色调诠释整片，导演戴立忍说他选择黑白影像作为《不能没有你》的视觉风格是为了让观众把注意力集中到故事情节本身。整个故事很冷静，很反应台湾的现实，也很感人，谁说黑白不是色彩，谁说写实不能出佳片。是的，还好我们有色彩，还好我们有温情在！
向阳处的温暖,8.6,2010-6-11 14:33:07,台湾电影给内地电影的榜样啊！
越变越好,7.4,2010-6-9 22:27:57,机械，冰冷的官僚机构！也许是见多不怪的缘故，这部电影难以感动我。
老羊,7.9,2010-6-1 22:33:06,看似平淡其实极富电影感的作品
renee2245563,9.0,2010-5-31 14:56:26,平凡的父女情，却用让我痛心的方式表达。
麦唛oO0,8.0,2010-5-28 20:51:21,很写实的电影 留下的印象也很是深刻呐
louieliu2239766,9.0,2010-5-27 17:06:41,一部让人感动的电影。不见一丝浮华和煽情，只用最朴素尔现实的画面来诉说一个简单的不能再简单平凡的不能更平凡的故事。
iprovence,9.0,2010-5-18 23:20:07,黑白色……在你需要的时候！我能做点什么吗？
常小琥,8.2,2010-5-14 21:55:17,一般大热的片子我总习惯拖很久才看。一个傻瓜对抗一群傻瓜的故事往往会令人揪心，另外影片的配乐很赞，还有最后一个父女相见的镜头，绝对经典，充满着平静的力量。（有灭有人觉得妹仔很像周迅的说- -）
ehie,8.0,2010-5-9 17:28:15,我的世界不能沒有你，因為有你才變得完美！
rjeading,8.0,2010-5-8 23:59:59,真实反映社会现实 亲情感人肺腑
akay615,9.0,2010-5-7 1:04:47,這是一部發人深省的電影，令人看得心情沉重。法律是保護人民的嗎？
君令或可不为,8.8,2010-5-1 15:24:40,戴笠忍很能忍！
草尖儿最好的时光,9.0,2010-4-24 22:31:16,底层人很现实的生活，很让人辛酸，残酷的社会，残酷的社会人，法律、人权政府永远不站在弱势群体这一边。
为你喝彩2866143,7.0,2010-4-16 21:03:36,形式多于内容
Nothing,7.9,2010-4-15 22:23:53,"是偶然,也是现世的习惯."
vj-e7en,8.0,2010-4-11 0:57:13,近期看过的最好的一部片子。   撇开追风和造作不谈，选择黑白片形式，也算是对人物的尊重。   爱其实存在于我们生活的每个角落，而当人们满足于从生存于社会边缘的小人物身上汲取泪腺的刺激时，除了反思与同情，我们更应该看到的是某种荒诞。
大旱云霓,10,2010-4-6 21:16:08,非常有力度，非常棒！
小2488490,6.0,2010-4-6 13:38:23,只是因为真实~~其实想多听妹仔说几句话~
阿曲1059063,7.8,2010-4-4 21:26:09,文艺片就是前面很缓慢很催眠到后来突然高潮一下然后你就湿了。
RuiXie,9.0,2010-4-3 11:19:23,牵动我去理解和关心身边的社会和人。
给闻,9.0,2010-4-1 9:33:03,亲情泛滥的季节。
chokey,7.0,2010-3-29 20:09:49,口碑很好的片子，没看出来。有点超出期待了。不是所有的影片都适合拍成黑白的。题材顶多就是感人吧。
旅行者2608325,7.7,2010-3-29 10:33:19,没看出是部获得众多奖项的电影。
飞旸,8.0,2010-3-26 22:10:17,没事看这种片子，太难受了……
树和毕兹卡,8.5,2010-3-14 1:47:16,不知道该说什么，反正我很愿意再看一遍，或者更多遍
大密,7.9,2010-3-13 21:16:26,看上去，象纪录片。影片拍得极为贴近生活，看了令人唏嘘不已，社会底层人们的生活真难啊！我们有时能否在举手之劳的情况，尽量给他们以帮助。例如，不随地乱扔垃圾，为清洁工兄弟们减少点工作量！在超市，用完购物推车后，尽量把推车推回的集中放置的地方，让超市工作的兄弟们少辛苦点儿！去公共卫生设
我和猪头,9.0,2010-3-12 23:12:19,但，现在至少我知道的是，真实的的武雄和妹仔“他们现在过得很平靜”，戴立忍这么说。
now1228542,7.9,2010-3-12 18:21:51,节奏方面稍显不足~~~感情很真挚，导演有想并值得说的东西，难得~~~~
exiafreedom,8.0,2010-3-11 23:06:28,眼泪差点就要流下来！好久没有过的感动
lee拔山河,10,2010-3-11 21:21:07,我感动了！！！
任十一,7.0,2010-3-9 14:51:51,真实事件改编的电影，开篇不错，节奏、事件感、节奏，都好，锣鼓音效尤其到位；中段不够曲折，跳桥前的压迫不足；堂堂立委肯接见一个上访老乡已经够亲民了，而且还给办了事，还想怎样？倒是地方户籍局的工作人员窗口态度严重，应该勒令整改；敢喊“社会不公平”，不和谐，喊完也没怎么样么，让你不和谐
飞不起来了,8.6,2010-3-2 19:20:22,09年最好的华语电影之一，这种感动在我们身边常常可以看见，但永远不会让人觉得厌烦，因为，“爱”是永不过期的。
我才是2j,9.0,2010-3-2 14:34:19,真实，才是最感人的力量。
magane,8.0,2010-2-28 22:55:28,父亲的爱，
两条毛巾,8.9,2010-2-28 21:23:17,我的世界里怎能缺少你？！
秦衣,7.0,2010-2-27 1:27:40,挺不错，幸好没有更悲惨，最近害怕看这种沉重的电影，相比，更喜欢天水围的日与夜这部更温暖细腻的电影
门外好汉,7.1,2010-2-24 12:51:55,很朴实，很台湾的文艺腔。
冬眠的疯子,7.0,2010-2-23 17:04:46,纪实题材，关注社会底层，真实事件改变，这些元素都很难得，但可惜作为艺术片缺少文艺气息，作为纪录片又缺乏更深层次的残酷~~大宝哥导演功力还需加强，并不是用黑白胶片就能让片子沉重起来~~~
宇馳,7.8,2010-2-22 9:08:19,还算不错，导演能准确的表达电影主题，摄影运镜都很娴熟，小女主角也很漂亮，男主角演技也很熟练。就是故事没劲，看开头就知道结尾那种。
Max1989,9.0,2010-2-21 14:20:18,感人、接近真实的佳作。
mzdhl,8.3,2010-2-19 22:51:04,白开水里加了掺了糖的咖啡
阿森纳颓风,6.5,2010-2-19 0:15:01,社会不不公平呀！没想到最后妹仔也没有一个露脸的镜头，难道换人了，呵呵！
ibud,9.0,2010-2-16 12:05:14,我爸也为我的户口费了很多劲，我直到5岁的时候才有户口，我小时候吃的是黑市米。
repairman,8.8,2010-2-15 12:13:12,简单的故事，认真的表演，平实的电影技巧，表达了人间最朴素的情感。女儿在船舷看水下工作的父亲，父亲在水下看上面女儿专注的身影。平实的表述，轻轻触动了一下心弦。（情感以外，唉，有钱有势就好啦！）
茶香秋梦,6.0,2010-2-12 16:46:19,都说好看？我说不好看~ 与海角七号不能比~
hiloft,9.0,2010-2-10 23:45:13,这个世界因为爱而存在
laakii,9.0,2010-2-10 11:34:45,看到《不能没有你》比《风声》的评分还高，我只能说，大概是现在的电影太多奢华，少了对人性真情的关怀吧。开始的时候看不下这部戏的，可播了十几分钟之后就开始揪心了。其实两岸的普通老百姓都过着同样的日子，我们的制度都是类似的，官官相卫，互相推诿，“民主”的台湾尚属如此，我们又该期待什么呢
骆平殇,8.7,2010-2-10 11:30:19,智勇双全的黑白批判  难得的良心之作
锦毛耗子,8.4,2010-2-9 16:20:42,“海水那么深，你要怎么看得到我？”“我一直看，一直看，一直看，就看得到。”
欣桦,9.0,2010-2-7 21:01:14,可爱的父亲和妹仔
LonelyfireX,8.8,2010-2-7 9:17:07,当电影艺术真正回归现实，它真正的震撼力才爆发出来！
plwumi,9.0,2010-2-6 21:48:54,一直看，一直看，一直看，就看得到~~~
iakd,8.1,2010-2-6 11:29:06,这么简单的一个故事，导演也没有用极端地方式去批判社会，也没有有极端的方式去骗人眼泪，但静静地看下来，不仅令人很感动，也令人深思——无论是情感上的，还是政治上的。
南瓜秧上结的果-alex,7.9,2010-2-5 11:22:26,画面很好看
火车怪客ESKARE,8.6,2010-2-4 20:46:52,实在是令人动容啊
家宝JJ,8.0,2010-2-4 10:49:56,平淡才是最感动
寒江沁雪,7.3,2010-2-3 23:00:35,底层人物的悲剧生活其实每天都在我们身边继续，只是我们已经失去了停留下来悉心倾听的那份真诚。
狐狸元宝,7.0,2010-1-27 8:41:45,鹤立鸡群之作。导演精诚所至，影片一片冰心。
好好学习天天向上,8.0,2010-1-26 0:11:14,面对社会的制度，有些人总是渺小的无能为力
Jason·Jiang,8.7,2010-1-24 12:37:44,不能没有你！因为你是我最珍贵的财富！即使生活再艰难，有了你，依旧很快乐！PS。听片尾的口哨，我联想到的是那对父女的幸福生活！
想_想,8.0,2010-1-24 9:38:02,谁说这片不主流了？
Joseph_Kim,7.3,2010-1-24 0:07:13,情感真挚，演绎真实，只是拍摄稍显模式化。
beused,9.3,2010-1-23 1:14:09,那段口哨有如神来之笔，影片完全出乎我意料。
小楠瓜lyqws,7.0,2010-1-20 21:22:26,太中规中矩了
007wangzhiqi,6.8,2010-1-18 21:13:06,看到一个朋友的评价说得对，当你控诉公平和不公平时，首先先要反省一下有没有自己的责任，不喜欢这片，不是说父女情不真挚，而是煽情过度反而没了力度。如何做一位真正能让女儿感到骄傲的父亲，我想，对每个男人都有自己的答案。
rallar,10,2010-1-18 8:23:12,绝对满分的电影，没有悲天悯人的苦情戏，只是慢慢的人你感动！
JACKY海阔天空,7.2,2010-1-17 20:24:17,不愧是台湾年度最佳电影。父女感情的深厚令人动容。电影很好的描绘了客家文化，是对本土人文的致敬。个人觉得还是彩色的好，不明白为什么导演一定要用黑白色调，可惜了台湾渔港美丽的风景，其实不一定沉重的话题一定要用黑白色体现。
公子十一,9.0,2010-1-16 20:05:19,音乐很棒！
archi国良,7.0,2010-1-16 0:15:46,戴立忍想要你的眼泪，但是他做得不够好，从片中老套的手法，造作的钢琴配乐可见，但是仍然算是不错的社会电影。
北微小晖,8.9,2010-1-14 10:10:45,虽然在避免刻意的煽情，但影片之中无处不在地体现了父女之间深厚至深的感情。写实.细腻，让闻者动容，观者流泪！
牛同学,8.4,2010-1-12 10:48:48,"一个看似复杂却又很简单的故事,阐述着一对台湾草根父女,虽然用的是黑白调,但情节很煽情,引人深恩的台湾印象以及现实社会!"
蚊子gz,10,2010-1-10 22:37:20,黑白，固定镜头，只有简单的几声钢琴...用这样素的东西烹出胜于鲍鱼的作品。戴立忍，高手！
freeman988,8.3,2010-1-8 20:02:20,导演的手法非常大胆，首先是全片使用了黑白的画面，便给人与当今潮流不一样的强烈感觉；然后，影片所要讲的故事是反应社会活生生的事实；再次，影片的许多镜头很是缓慢，甚至是平静得出奇的镜头就有几分钟长（看这影片就得有很大耐心）影片反映的社会现象很值得发人深思，是部挺有意思的影片
oliveho,8.0,2010-1-8 0:43:22,很稳的一部电影
大猫脑袋,6.0,2010-1-7 0:38:18,小成本小制作，源于社会新闻，有点闷，结尾还比较触动，不过，这样的事在大陆一抓一大把，反而是花絮更好看一些。
路费,7.8,2010-1-6 21:25:03,法律无法解读感情。
Hi-Max,8.0,2010-1-5 15:40:21,现实的台湾悲情的父女2年后本以为他们会幸福我错了他们变得更糟不过结局还是完美的只是来的有点晚但我更喜欢小女孩趴在船帮望着父亲在海底作为结尾会更唯美
悠客1,7.0,2010-1-4 23:04:39,总体感觉一般，好象更想是说台湾的社工制度与社会保障制度更完善似的。
陈文豪,7.4,2010-1-4 17:06:00,"黑白色调下,武雄隐忍木讷与女儿相濡以沫,为了最基本的权利被狗屎司法机构分离。在爸爸与女儿相处的时间里,浓浓亲情如涓涓细流不断涤荡我们日益冷漠的心。"
伊莫拉的疯狂,8.0,2010-1-4 16:30:35,社会公平做不到，但是，最基本的人文关怀不能没有。
徒步的萝卜,9.6,2010-1-3 21:11:36,那无法割舍让人感动的亲情
xy聽電影,10,2010-1-2 22:45:18,希望在船與岸對接的那一刻，法與情也會真的有對接的一天！
排骨,7.0,2010-1-2 12:23:37,很喜欢那段音乐
june2061906,6.0,2010-1-2 11:48:22,原谅我欣赏不了这样风格的电影
牧海人,8.7,2010-1-2 4:17:36,虽然结局算团圆了，总会觉得压抑无法释放我们是为了社会制度和谐而活，还是社会制度为了我们和谐生活而存在
tushenwj,5.0,2009-12-31 21:39:17,比较平实，感觉缺乏点电影高于生活的东西
elainelaine,8.0,2009-12-31 18:08:19,不适合元旦的气氛
sichen24,8.5,2009-12-31 16:28:29,因为真实，所以感动。。。。。
声色画报,7.6,2009-12-31 0:19:58,音乐有点小俏皮，仿佛在歌颂一个倔强生长的生命。
游行,9.0,2009-12-29 13:06:59,出色的台湾电影，希望能获奥斯卡
sophiauu,8.0,2009-12-28 22:59:54,这届的金马最佳，确实不错。喜欢影片的黑白色调，让故事更真实更朴实，喜欢影片的音乐，很纯净，快乐的快乐，悲伤的悲伤，很动人~~~
缪斯,8.0,2009-12-28 19:33:31,总感觉还差些火候 配乐少了些 但金马奖上的成功证明了一切 亲情 在这一刻显得尤为重要
楚浪,9.3,2009-12-28 12:46:42,冰凉的程式化制度在具体鲜活的人的面前，显得更加冰凉一如影片的黑白影调台湾电影可以如此逼真的关注现实民生我们内地的民生问题比之过无不及，尤其是今年，自焚自缢裸婚等等-------然而我们更加冰凉的电影审批制度，睥睨着依旧岿然不动
影者2482058,8.0,2009-12-28 4:37:23,给予一种关注 台片有话说
morley,9.0,2009-12-27 22:32:48,用笔极简 用意极深
赵云1492156,9.1,2009-12-27 21:47:51,反映社会的影片，很实在。有些制度不合情也照样存在，有些情无论如何都难以忘怀。
天铃鸟,8.4,2009-12-27 16:33:30,台湾版的《长江七号》，没有美丽的班主任，也没有外星宠物，甚至连学也不能上——而故事就从父亲争取送孩子读书开始了……如果大陆也能拍点如此直面社会现实的影片，而不是在什么鸟《三枪》之类胡扯片里打转，该有多好呀——唉，太和谐了！
adam1236019,10,2009-12-26 22:04:25,感动到流泪
sleepheart,8.5,2009-12-25 16:43:55,感人，至深，只因不能没有你，片中阿爸喊出了社会的不公，也道出了腐朽制度的无聊、无情与愚蠢，黑白风也凸显了小人物的无助与无奈
lx2486692,8.0,2009-12-24 22:10:31,用心之作 反映现实
三鲜伊面,9.4,2009-12-24 20:42:28,看到一半我就看不下去了，人都是怎么绝望的？就他妈被这恶心的社会给逼的。还好导演给了我们一个还算不错的结局，活着最重要的就是“活着”。
范儿,7.4,2009-12-24 17:58:57,这样的社会现实比比皆是
阁楼2288933,9.0,2009-12-24 10:19:26,在商业电影强势主流的氛围里，用悲天悯人的良知向世人宣告，电影人依旧怀着一颗对生活对社会的责任和关注的心。
薯片,8.6,2009-12-24 0:30:54,一直看 一直看 一直看 就能看到你啊
willwei07,8.8,2009-12-22 19:42:32,感谢最后的重逢，心情稍为平复。
Cecilia2463721,8.4,2009-12-22 17:14:34,是第一次看台湾导演的作品，嗯，比较轻描淡写吧，没有刻意叙述的痕迹。让我联想到黑泽明的风格；当然，没有那么紧张。人物台词也不多，充满了“一切尽在不言中”的默契。武雄骑摩托车载着女儿回家时的背景音乐非常好听。
头发乱了978051,9.7,2009-12-22 13:07:04,1，在内地，他会更惨。2，画面虽为黑白，但是美得没话说。3，结尾的处理简直是完美，如果让某些导演来导，结尾一定是俩人抱着哭个没完再说点煽情话。
JustinWen,5.0,2009-12-22 11:52:35,只能说台湾人民的心理承受能力明显不如天朝，这种被ZF迫害的结局大不了就是户口报不上，影响读书之类；但在天朝，那结局有可能是死人的。
Rice849232,8.6,2009-12-22 10:19:42,因为戴立忍看的，悲情故事。
ipisjohn,7.0,2009-12-21 23:49:34,用色调的灰来体现社会的黑，抛弃了娱乐，坐下来好好讲故事的电影。没有达到其本身的社会目的，是一大遗憾。
流星,9.0,2009-12-20 15:49:59,戴立忍继承了杨德昌侯孝贤等台湾电影的人的优秀传统，以写实、生活化的笔触关照小人物、讽刺社会。人文关怀和艺术价值都充分彰显了台湾电影的独有风韵。台湾电影后继有人啦
kjilm,9.0,2009-12-19 23:18:15,他们几乎一无所有，而且别无奢求，只是想得到法律上关系的认可从而让女儿上学，确一路坎坷....让人感动的电影
kjilm,9.0,2009-12-19 23:14:30,他们几乎一无所有，而且别无奢求，只是想得到法律上关系的认可从而让女儿上学，确一路坎坷....
啊豆儿,8.0,2009-12-19 20:41:28,一部好电影的寓意永远高于一切。
Emma_baby2182577,9.0,2009-12-17 19:41:32,很感动，为这种父女之间深深的亲情所感动。有时候社会就是这样的，我们既要依赖于它而生存，但又不得不接受它的管制，可是它是无情的。明明有很爱她的亲生父亲，却又不能在一起。
Think1360716,8.4,2009-12-17 11:08:42,大爱而言....
MISS谢,9.0,2009-12-16 1:24:19,我不想把我的注意力分到社会版块，只看到爱
短笛大魔王,7.9,2009-12-16 0:20:39,本来要抢在金马奖前看的无奈还是晚了，看到戴导获奖后的热泪盈眶就知道他为这部电影付出了多少艰辛和诚意，不知道第五代的张某、陈某汗不汗颜。
Scorpion_ivy,7.7,2009-12-15 20:50:01,.......简洁
那么那么1360997,8.5,2009-12-15 20:16:53,无法割舍的亲情冷酷无情的现实
其貌很扬,8.0,2009-12-15 16:56:16,诚意电影！
carolcw,8.6,2009-12-15 16:42:20,真的很感动，社会应该要好好反思！
沈小西,,2009-12-15 15:24:16,真实事件改编的故事平淡中富有人情味，黑白映画的光影构图中鲜有新意，对于一个新人来说算是不错的作品，但是对于戴立忍这种处女作已经拍出《台北朝九晚五》的实力派而言，这部作品显然让我有点失望。
公主坟1344395,,2009-12-15 3:17:49,感动到我了。。。太苦恼了。。。“社会不公平！”如果我到那个份上我也要想不开寻短见了 几次水里的画面很感动人啊 女儿就一直爬在那里看爸爸 应该是看不到的吧 爸爸又因为太想念女儿没有减压就游上水面 女儿在教室黑板上画的画好感动人 他们就是这样朴实勤劳的父女 为什么要遭遇这样的社会呢
彼岸木兰,,2009-12-14 20:55:09,如同当初的海角七号，依旧无法给我震撼！
