崔汀,8.0,2019-5-6 15:00:55,很揪心的现实，人贩子必须严惩！必须！
小灰4678311,8.0,2019-4-8 13:59:58,作为母亲，一直不敢看这种电影，鼓起勇气看了下了，一刻都不敢停，时刻关注着剧情的发展，赵薇演的很好。孩子丢了，艰难的不只是找孩子的过程，艰难的还有孩子回来后怎样融入家庭
ustcluo,8.4,2019-2-24 15:21:02,未评分
batboy,7.0,2018-10-15 19:48:33,居然是根据真事改编的。。。估计动刀比较多吧，哈哈~但的确直触人心哦，这种问题，放谁身上都受不了哎。。。不过最后结局没有特别完整略可惜，还想看到李红琴的后来呢
成哥007,8.0,2018-9-22 19:54:57,亲爱的小孩，今天有没有哭？
成哥007,8.0,2018-9-9 15:16:35,未评分
我永远记得你,8.0,2018-8-27 16:26:56,当然了，都是感动的稀里哗啦的。赵薇黄渤演的很好。
Alex1958,8.6,2018-8-13 10:49:02,有孩子的人更有代入感。句句台词都叨在心上，每滴泪水都像流在伤口上。
anitanyq,8.0,2018-7-24 23:40:51,喜剧作品有冲突是最好看的，尤其是你发现没有绝对的对与错的时候。
游依草,8.0,2018-3-19 15:07:05,不要因为意外而互相责怪，把家也毁了。希望未来人贩子没利可图
Money镍,7.4,2018-2-24 8:55:48,在Amazon Prime Watch上看到电影封面时，认出赵薇就点开看了，没想到是拐卖孩子题材的。孩子一丢，我的心就开始抖了，真害怕自己看不下去，谁知后来演的是争夺另一个孩子的收养权，泪感就回去了。题材很新，演技也可以。虽然赵薇说着一口方言，穿着也土，但不像农村人。
iakd,8.0,2018-2-6 23:57:51,其实看这片心里有种排斥感……但面对这样的人伦悲剧，看到最后还是忍不住一声叹息。我们能幸福生活着，真好！PS 赵薇演得好！不过，把一个其实不能算好人的人演得这么令人同情，好吗？
Aee3519479,8.0,2018-1-12 0:55:46,看得懂，但没有当妈妈，真的感受不到
天空螃蟹,8.4,2018-1-5 0:29:05,一部可以进入人心的电影，故事简单而震撼。真实的事件最动人。黄渤演技真是数一数二。
最美的记忆933722,8.1,2017-12-26 21:55:47,剧情虐心，感情真挚。赵薇的演技在这部电影里展现得淋漓尽致。让我们都行动起来，帮助那些无辜的孩子。
Alice719646,,2017-12-21 11:58:47,大家都是受害者 而片中农村妇女无疑是最弱势应该被关注的一个群体 片尾原型的出现让人好难过
junjinbaby,9.0,2017-11-6 13:21:38,因为最近的综艺《演员的诞生》，里面的演员在飚戏，引起对这部电影的关注。当年也没去电影院看，对不起了陈导，我欠你一张电影票！陈导的在刻画人物能力果然大师级的，每个人物的背景就算是佟大为演的律师也能让人有无限的想象，更不用说主角了！还有很多对白背后的深挖都是一个个引人思考的问题。不错的电影！这不是演员挑起电影的电影，而是电影本身的内容就非常精彩！
26boy,10,2017-10-7 12:26:02,难得的具有社会现实意义的国产优质片
quicker,7.3,2017-7-4 2:14:54,赵薇演的李红琴可怜，但是不值得同情，甚至可恶。人贩子可恶可恨！没有合法正规的收养同样可恶，就是人贩子的帮凶！
空豆太郎,8.0,2017-6-25 22:48:48,催泪电影对于我来说是，看一部，哭一部~！这部也不例外。赵薇和黄渤的表演，真是棒~！
小强中士,10,2017-6-20 21:53:07,很棒，并且直面社会问题，应该大力宣传
Lola,8.0,2017-5-27 17:29:31,农妇这个角色脸比我还白 台词也不过关 票房号召力是有了 可惜代入感太差 黄渤郝蕾可信度高
半袖,8.4,2017-5-14 19:32:20,所有愿意拍摄这样现实题材的导演都值得致敬！所有愿意用赵薇拍电影的导演也都是真烈士！本已经很虐心，最后李红琴怀孕的开放式结局更让人深思，本来都在争，忽然因为法律而变声谁也不能收养，妹妹只能在孤儿院孤独，这是对法律最大的讽刺。20150720
我不是娜娜,8.0,2017-3-15 17:10:40,拐卖儿童的就该跟贩毒的判一个罪，抓到一个枪毙一个，看还有没有人拐卖儿童！
mamacita117,6.0,2017-3-2 11:45:49,数年前，赵薇爬上苏家老宅去叫梦中情人苏小鹏，而今她素面朝天趴在福利院二楼窗外，只为看一眼“女儿”。数年前，黄渤在重庆高速路上被厨子追的无处藏身，一脸黑泥，手拿面包，而今他一脸褶子，神情沮丧，抱着孩子奔跑在乡野天地之间。我只能说这种现实题材的电影不好评价，演员都进化了，可陈可辛退步了。
职业收藏家,10,2017-2-23 10:15:25,太棒的作品了 观看过程几乎全程在掉泪 非常喜欢结尾的那个慢慢拉远的镜头，留给观众无尽的思考！决定要去补陈可辛的其他作品了。
自由彼岸,7.1,2017-2-10 16:03:08,陈可辛还是很会煽情的，全片演的最好的是郝蕾
梧素衣,8.7,2017-2-8 18:04:23,国产电影太需要这样的片子了，导演的镜头表现水平很棒，而众位演员的演技也是没得说，立意深刻，人物塑造非常饱满，会真正引发社会的思考。希望华语电影界再多出一些这样的佳片。
-IHI-,7.5,2017-2-3 15:12:55,H---《3325》
-IHI-,7.5,2017-2-3 15:12:11,H---《3325》
M_1412211151215543517,8.0,2017-1-26 13:02:44,大牌影星参与演出的打拐行动，很感人。
decade4714190,7.0,2016-11-19 15:12:40,每个演员的演技都相当好，感动到我了
琉璃27,8.0,2016-11-11 15:24:45,心软，看一半就心酸的不行，看不下去了
juile,7.0,2016-11-1 11:23:05,愿世间不再有拐卖，演员们失去孩子的支离破碎已经淋漓尽致了。个人不喜欢这个剧情的设置，看起来不舒服，太过于强调和表现了。
Aimee小宇宙,9.0,2016-9-17 12:28:54,不得不说这电影感动到我了
范儿,7.8,2016-9-15 18:10:46,陈可辛真实越来越让人敬佩，各种题材游刃有余不说，对社会和国家有着正确成熟的价值观。在他的操刀下拐卖儿童这种大众舆论一边倒的案例被刻画得充满人性，功力尽显！
岸然小贩,8.0,2016-9-9 19:24:32,打拐题材，反映现实，演员也不错，黄渤跟赵薇演技真好
时光哥哥,9.1,2016-9-1 9:46:17,国产片中难得接地气的片子，看得出主创人员都用心了
楚翰彻,7.5,2016-7-23 22:11:28,纵然没要逃过“苦大仇深”的宿命，部分刻意强调“惨”的情节有些多余，但成品质量还是过硬的。最大亮点自然是赵薇和黄渤的表演，制度无能，人性博弈的探讨也很有现实意义。结局显得略微有些狗血，但是整部电影的质感还是看得出陈可辛巅峰时期的影子。绝对值得去电影院支持。
jovi,8.0,2016-7-13 16:53:48,说是打拐题材，但看完影片才发现比想象中要深刻的多。以为是展现父母通过千难万险，克服重重打击最终找到孩子的故事，以此表现父母爱的伟大、犯罪者的可恶。而影片展现的却更深刻，探讨的也是更深一层的问题，或者说是困惑！当幼儿跟着并没有恶意，甚至也有一种爱的“父母”长大后，忽然让他们再回到亲生父母身边，无形中对孩子们是又一重伤害，这个命题很残酷，既然是根据真事改编的，只希望时间能逐渐愈合孩子们心灵上的创伤。痛击不良贩卖者！
眯瞪猫船长,8.8,2016-6-20 0:57:28,中国当代现实主义电影中最精彩的影片之一。电影通过拐卖儿童这一中国当前社会中最为敏感也是讨论最多的话题切入，呈现的却是一幅涵盖城市和农村各个社会阶级和职业的群像，不仅深刻反思了造成这一问题的原因，更是通过对立的手法以及大量的细节来展现法律、人性和社会的关系。陈可辛把如此敏感的题材与商业完美结合，而且水准如此之高，影响如此之大，确实值得敬佩。
飞翔的夏之猪,9.0,2016-6-12 12:34:35,看多了好莱坞式结构至上荧幕第一的电影，再看这种退一步静静进行人性回归情感剖析的国产片，还是很有感触的。
李大胆儿,9.0,2016-5-28 20:21:10,有时候世间的悲剧是善与善之间的冲突
repairman,8.4,2016-5-7 21:09:32,心碎的感觉，眼泪止住不往下流。。。
羊点,9.0,2016-5-7 16:18:06,非常优秀的电影，故事好，表演也好，黄渤戏路真宽啊，各种角色都能驾驭，赵薇就稍差一些。
大地回声,8.0,2016-4-29 21:46:38,不错很动人，情节也很跌宕
笑着流泪,10,2016-4-26 22:32:34,我不知道瑕疵在哪里，无论如何，反映现实的题材太少太少了
Beier_0704,8.4,2016-4-13 14:40:27,没有买方就没有卖方
北雁南飞已被注册,8.0,2016-4-11 17:17:53,别再装救世主了。当你看到在痛苦中挣扎的弱者，如果不能施之援手，也别站着说话不腰疼地来一句“我理解”或者妄加评论了。没被逼到那个份儿上，你永远无法体会别人在那个节点上的所为所想。就像片中佟大为扮演的夏律师的转变，面对赵薇扮演的苦命农村妈妈的艰难，从嘲讽到同情、到施之援手、到倾囊相助。因为没有哪个苦难者需要一个冰冷高傲的救世主，反倒是一个温热的血肉之躯更能彼此取暖。
三两卤菜粉,8.6,2016-4-7 13:46:06,感人至深
清风徐来,9.0,2016-3-25 21:03:26,一直神烦陈可辛，不过这个真的好，后面各种转折。想到了前几年的左右，人家血玲珑的原著多纠结，就硬是给拍得说不通。
必斧利山面_535508690,3.0,2016-2-29 11:52:24,个投标保证十三香＋蔡琴
默鱼4179376,8.2,2016-2-26 3:13:06,赵薇演的农村妇女戏剧性十足，儿子是拐来的，女儿是捡来的，因为打拐儿子被还回去，女儿也一带被夺走了，在法律上是合情合理的，但呈现在我们观众眼里的，却是善良母亲被无情伤害。亲情伦理法律道德的纠葛被表现得戏剧性十足，相比失孤刘德华的独角戏，本作的剧情，视角，表演都远胜一筹
王小石,9.0,2016-2-21 23:24:30,真好看的电影，事先绝没想到，一部寻子电影能拍出这个境界。。。。相比下《失孤》成渣了。。。故事好，演员好，演技好，最最关键的，导演实在是好啊。。。。从此片，大爱陈可辛！！
王小石,9.0,2016-2-21 23:21:22,真好看的电影，事先绝没想到，一部寻子电影能拍出这个境界。。。。相比下《失孤》成渣了。。。故事好，演员好，演技好，最最关键的，导演实在是好啊。。。。从此片，大爱陈可辛！！
Caisimon,9.0,2016-2-13 23:28:56,给这个分数有点太显偏爱了，但影片确实不错。题材也好，演员发挥也好，还是故事本身和影片结构都是很好的。
小豹315,8.0,2016-1-27 13:51:02,没有买卖就没有拐卖。买来的也不是自己的，何苦毁了别的的家庭。
七月杰,8.3,2016-1-25 15:00:37,一个现实的题材 一帮演技过硬的大牌 一个接地气的主创团队 一个超有诚意的导演 让一部可能仅仅是泪腺刺激机 变得极其生动~ 在感叹黄渤赵薇等人 居然有这样演技同时 更得感叹中国竟然有这样的导演 虽然是香港导演 但似乎比大陆更了解大陆 之前发现好看的片很多都是中港合拍 比如《大话西游》《古今大战秦俑情》 既有香港的商业精神让故事不沉闷 又有大陆特有的深沉拔高深度 纵观两岸三地 具有这样兼具情怀的导演 陈可辛算一个
七月杰,8.3,2016-1-25 15:00:37,一个现实的题材 一帮演技过硬的大牌 一个接地气的主创团队 一个超有诚意的导演 让一部可能仅仅是泪腺刺激机 变得极其生动~ 在感叹黄渤赵薇等人 居然有这样演技同时 更得感叹中国竟然有这样的导演 虽然是香港导演 但似乎比大陆更了解大陆 之前发现好看的片很多都是中港合拍 比如《大话西游》《古今大战秦俑情》 既有香港的商业精神让故事不沉闷 又有大陆特有的深沉拔高深度 纵观两岸三地 具有这样兼具情怀的导演 陈可辛算一个
七月杰,8.3,2016-1-25 15:00:08,一个现实的题材 一帮演技过硬的大牌 一个接地气的主创团队 一个超有诚意的导演 让一部可能仅仅是泪腺刺激机 变得极其生动~ 在感叹黄渤赵薇等人 居然有这样演技同时 更得感叹中国竟然有这样的导演 虽然是香港导演 但似乎比大陆更了解大陆 之前发现好看的片很多都是中港合拍 比如《大话西游》《古今大战秦俑情》 既有香港的商业精神让故事不沉闷 又有大陆特有的深沉拔高深度 纵观两岸三地 具有这样兼具情怀的导演 陈可辛算一个
七月杰,8.3,2016-1-25 15:00:03,一个现实的题材 一帮演技过硬的大牌 一个接地气的主创团队 一个超有诚意的导演 让一部可能仅仅是泪腺刺激机 变得极其生动~ 在感叹黄渤赵薇等人 居然有这样演技同时 更得感叹中国竟然有这样的导演 虽然是香港导演 但似乎比大陆更了解大陆 之前发现好看的片很多都是中港合拍 比如《大话西游》《古今大战秦俑情》 既有香港的商业精神让故事不沉闷 又有大陆特有的深沉拔高深度 纵观两岸三地 具有这样兼具情怀的导演 陈可辛算一个
yinaQ,7.9,2016-1-23 23:04:16,人贩子太可恶，就该判死刑，降低犯罪率，少让无辜的家庭受害，社会也该给予这样的家庭更多的帮助与关心！
Why4Li,8.0,2016-1-9 16:41:27,我认为片中最精彩，场面调度最难的一场戏当属田鹏/吉冈的夺回追逐战。多组人马之间激烈的追赶与牵制，却配上一段压抑诡谲的音乐，让观者揪心，难受，无奈。陈可辛真棒，让一部如此“接地气”的电影的观赏性大大提高。
了飞,2.0,2015-12-29 3:31:23,电影很好看，演员也很好，但是我对于电影最后拍的角色原型的部分深表怀疑，孩子还小，没有打马赛克就放到这种商业电影的结尾处，即使有夫妇监护人等的同意，这种做法也有点欠妥。还不如多放几张还没找到的宝贝的照片，宣传一下打拐
啊不错,8.3,2015-12-27 0:10:47,找不到是悲剧，找到了是另一个更大悲剧的开端。
晴天撑伞的人,7.0,2015-12-24 11:50:11,题材很好，但是有些台词会让我跳戏。。
兜兜玉喵,8.0,2015-12-21 10:38:25,还不完的情债，割不断的“亲情”。以部分现实内容为题材，却拍出了现实之外隐含的内容，类似已经结束了的结局，却仅仅只是个开始，电影不就是这样，可以按导演的思路去发展，可是生活却也只是生活。
creak,7.8,2015-12-14 22:08:38,即使站在对方角度也不一定能够理解。
不是假发,10,2015-12-10 21:11:34,有孩子的看完真不行
大水,8.0,2015-12-1 7:57:21,对这类影片完全没有抵抗力，陈可辛的力度在于不仅仅在失去孩子的父母的悲伤刻画，而反过来，从赵薇和孩子的亲情来发力。而在影片中大量失去孩子的父母疲于奔波也使观影人都感到无力。赵薇是个好演员，眼看她一步步的成熟丰满。
超级天后,7.1,2015-11-18 17:41:52,第一次觉得赵薇演技还可以，其实男主可以不用找黄渤的，黄渤的喜剧形象太深入人心了。
不去会死,8.0,2015-11-15 14:04:31,演员都太棒了，郝蕾、黄渤、佟大为就不用说了，尤其是赵薇，看电影的时候我完全忘了这是赵薇。太棒！
MagicWinds,7.7,2015-11-13 17:39:33,造化弄人，善恶都在一念之间，这一念，惹出来的却不止善恶。我们现在在上帝视角看这件事扔觉得唏嘘不已，不能轻下妄断，剧中人又怎么能有这么大的信息量去真正体谅对方，站在对方的角度想问题呢！有些泥沼，裹在里面前进和回头爬出来前进都不会觉得轻松，泥和心灵的重负都不会放过你！2015.10.17电影频道看
厌恶,8.0,2015-11-9 15:56:20,疯狂的世界。
蕗飛,9.0,2015-10-31 11:15:08,催泪片，平静中带着些许忧伤···伤天害理人贩子！
不经意的转弯,7.6,2015-10-27 2:26:33,很好的故事，不错的表演，陈可辛是一位好导演。
JiAh,7.0,2015-10-19 10:20:22,不管怎样 她是他们的母亲
北霜,9.0,2015-10-19 0:25:31,很规矩，很平静，但很抓人，很好看。
乱步道尔,9.0,2015-10-17 22:28:51,没有高潮的电影，但不管印象还是音乐还是表演都相当深刻，看电影时内心很平静，享受几位主演飙戏的过程，倒是电影最后故事故事原型出场时我的眼角开始湿润，这个故事以前在《王刚讲故事》里看过，印象很深刻，感谢陈导把他搬上银幕。
糖炒票子,,2015-10-17 16:31:04,情感很强烈。。。不过丢孩子之前，有点像101次求婚的续集
MrBart,7.8,2015-10-16 16:15:00,陈可辛把握影片题材和节奏的能力可谓是华语电影界的翘楚，情绪对，赵薇的表演好坏不论起码很卖力，另两位男演员的表演也很有说服力，再加上题材加分，口碑爆棚并不奇怪
朵朵,7.0,2015-10-7 22:08:38,赵薇的假发怎么那么假？看着好别扭。小家伙的假发也很别扭。。。最后不认识妈妈那个好悲催。
尘埃落定_绝尘,8.0,2015-10-6 22:13:37,看哭了，流泪了好几次，受益于这么敏感的题材，煽情能力很强也成功的被催泪了，各位演员的演技也很棒。国产电影缺少好题材吗？不缺，缺的就是这份心！希望国产电影多关注这类社会题材，别特么好高骛远。。。
烟雨黎明,8.5,2015-10-6 9:13:03,演技实在没话说，太好了，赵薇的影后实至名归。从另一个角度表现了一个山村母亲对孩子的真爱，也表现了找回来孩子家庭的无奈和唏嘘，有深度，好片
GangesRiver,7.0,2015-10-5 23:05:47,对与错，是与非，无法评判。从一个自私谎言，引发了两个家庭心力交瘁的支离破碎。天下无不是的父母，现实却非要血淋淋的做出选择，悲剧就此产生了
白夜漫步,8.1,2015-9-21 0:11:53,国产电影能够出现这样的作品，并能被市场所接受和认可，真的很难得。拐卖作为国内几大民生问题之一，总算有了一部拿得出手的作品。就事论事，本片可能最大的问题一如陈之前的《中国合伙人》，多了太多没有节制的温情，少量锋利。这样的片子，所有人都处于道德难题之中，缺乏了批判的力道，而问题的矛盾核心人贩子，也全片了无踪影。编导的细节把控非常到位，非常具有功力的剧本。相比于黄渤、郝蕾不动声色的炉火纯青，赵薇的歇斯底里多少有明显差距。
白夜漫步,8.1,2015-9-21 0:10:54,国产电影能够出现这样的作品，并能被市场所接受和认可，真的很难得。拐卖作为国内几大民生问题之一，总算有了一部拿得出手的作品。就事论事，本片可能最大的问题一如陈之前的《中国合伙人》，多了太多没有节制的温情，少量锋利。这样的片子，所有人都处于道德难题之中，缺乏了批判的力道，而问题的矛盾核心人贩子，也全片了无踪影。编导的细节把控非常到位，非常具有功力的剧本。相比于黄渤、郝蕾不动声色的炉火纯青，赵薇的歇斯底里多少有明显差距。
东直门外,7.1,2015-9-20 15:10:52,真实故事改编，值得加分。丢孩子是意外，但是要孩子的前提是不离婚。
ShawshankRedemption,10,2015-9-18 13:41:10,看过《失孤》，觉得这部才是良心之作，把失去小孩的父母心情刻画入微，而且情节跌宕，小孩的表情令人过目不忘，我承认我哭了。
ShawshankRedemption,10,2015-9-18 13:41:04,看过《失孤》，觉得这部才是良心之作，把失去小孩的父母心情刻画入微，而且情节跌宕，小孩的表情令人过目不忘，我承认我哭了。
Strawire,6.0,2015-9-17 20:05:56,是因为赵薇吗？全程没泪点
小李仔2018,8.0,2015-9-15 0:42:35,悲中带喜，黄渤表演没的说，赵薇突破自我的演绎。有孩子的都懂。。
红柿出墙,8.0,2015-9-9 14:44:51,有孩子的人都懂。。。
孔家的聪聪啊,8.0,2015-9-1 10:17:41,妈妈们演的很好，反而黄渤没让我怎么感动…李红琴最后怀孕是多么黑色幽默，那么最后的最后呢
M_1402231126366977785,10,2015-8-25 12:16:35,看了三遍，每次哭死，演技超好，看的让人心痛，好好对待身边爱的人，情之不易，珍惜缘分
沉思,9.0,2015-8-24 8:39:52,"孩子们的演技都太好了. 其实鹏鹏最幸运的是他只是被拐跑,而不是被卖掉..想想自己小时候有几次差点走失,现在想想,对我来说可能没什么,但我父母来说是多大的打击! 以后有孩子的话一定要看好~"
阿森纳颓风,7.8,2015-8-19 14:12:40,不只是一个拐买儿童的故事，李红琴的男人也不是职业人贩，李红琴也算是受害者，陈可辛的功力真是行！故事虽是这样，不过拐买儿童真是伤天害理呀，不论何时要看住自己的娃呀！
雁渡寒潭120647,8.0,2015-8-16 17:00:06,很感动，赵薇不错，有点颠覆认识，大家都看紧孩子!
果果MTime,,2015-8-13 16:55:44,陈可辛进军大陆不失败的原因是把大陆社会的热点和人民群众思想观念抓得太准！除开赵薇的哭戏，不像个新闻纪实吗？好怀念那些年份能在影片中看到有自我表达的三叔，而不是丢出故事让大家讨论，一味讨好大众的他！
空蓝,9.0,2015-8-8 15:24:13,剧情很简单，却力道十足，感人至深。演员、导演都很给力！
xixi19840428,7.3,2015-8-4 11:21:49,可辛可以集中起大量的大陆明星来拍摄这部打拐题材，对于中国儿童打拐事业来说，是一件功德无量的事。然而，光就电影来说，虽在近期国产片中可算一流，但跟以擅长社会题材的邻国相比还是逊色了些。
helious007,8.6,2015-8-4 9:03:51,片尾曲响起的时候，忍住
powertad,,2015-8-1 22:31:53,怎么票房才3以多？这是近几年国内最好的片子了。。。
贵久,7.4,2015-7-31 3:58:41,故事太好 人物关系好 结构排布把赵薇放在中段出来 沉得住气 画面放弃了打光效果 用新闻纪实方式呈现并结合最后纪录片达到了纪录风格统一效果 很棒 内容在煽情上下足功夫 但缺乏力透纸背的升华 赵薇的角色太好 她演的也很出色 最后怀孕的设计画龙点睛
小动物,8.0,2015-7-30 8:03:49,的确是不错的影片，现实题材，没有太复杂的剧情，没有太大的场面，没用太多的处理技巧，只是像新闻纪实一样，一点一点的讲述着一个辛酸、虐心的故事。几位主演的表演都很到位。
小鸟816196,7.0,2015-7-28 11:16:58,感觉很不错，情感很到位
尊漠,8.8,2015-7-26 17:32:39,谁能分得清对错
七月流火,7.0,2015-7-16 21:34:40,这类题材太虐心了。。无论什么理由，都不应该破碎别人的家庭来圆满自己的。
电影制造,9.0,2015-7-14 22:03:55,一部震撼心灵的佳作
today1979,10,2015-7-10 15:00:33,为人父母后看的感同身受啊，演员集体点赞啊，没有短板啊。陈导真是值得信赖啊。
sunim,8.2,2015-7-7 0:21:13,亲情的纠葛
荒原熊,8.2,2015-7-6 23:04:55,终于有拍得不那么像烂俗电视剧的中国现实主义题材电影，演员纯青的表演和陈可辛高超的调度能力功不可没。令人惊叹的是对当下中国城乡转化过程中那种杂乱而鱼龙混杂的气息竟被一位香港导演把握得如此精准。感谢给出了一个不那么明确的结尾，因为现实总是沉甸而模糊的。不够伟大，但诚意清晰可现。希望中国电影市场能有更多此种有益尝试。【PS：在家抱着电脑看了一遍，去西安爬华山为了等日出又在山顶某茶馆冷得浑身发抖看了一遍。很特别的观影体验。
StefY找影子,6.0,2015-7-5 3:33:55,最近发现个好方法，在健身房一边跑步一边用iPad看电影，于是在3个5公里的奔跑中，看完了这部去年国庆的电影。期间iPad飞出去过一次，所幸！它没碎，我没摔～这电影并不怎么好看，节奏之慢让人难以忍受，代入感也很差，可能因为我一直在飙汗，于是也没有飙泪。只有电影结尾人物原型的片段剪辑，让人鼻子忍不住发酸，为什么要有人拐卖儿童，那些人真的心烂了和没人性。
hellowjp,9.0,2015-7-2 23:03:42,我勒个去，看片名和海报一直以为是爱情片，没想到居然是关于拐卖小孩的无尿点剧情片。。。前半段的找小孩和后半段的求小孩都是非常吸引人的，各位猪脚的表演是相当相当的卖力。。。
lavonne,8.5,2015-6-29 15:32:29,太感人了，哭得稀里哗啦的！还得是赵薇，换了别人这个角色都演不好！
DanielYang28,8.0,2015-6-29 9:19:35,陈可辛真是太厉害了！！！从血气方刚到《投名状》到这部感人至深的《亲爱的》，他都能抓住观众的心理。
我在远方,10,2015-6-28 12:45:16,此片亮点是从对立双方的角度讲述故事，描绘了这个复杂的社会，真实又能引人思考。
Tom是只猫,8.0,2015-6-26 15:49:58,昨天看《亲爱的》，在办公室哭的不要太难看，确实很感人，电影请了一堆好演员，而且大家都尽心去演了，电影的叙事很有意思，简单的可以分成两段，前一段是以黄渤为主要视角，后半段则是以赵薇为主视角，视角的变化是拐卖这件事带来的两个家庭的苦难的变化，普通人失去孩子很痛苦，人贩子的老婆失去孩子也很痛苦，电影的最后一幕，赵薇得知怀了陌生人的孩子和开头黄渤离异的家庭成了很好的呼应，孩子的悲剧总源于家庭的悲剧。
oleana,8.0,2015-6-23 14:34:36,没想到后半段能峰回路转，赵薇演技确实能成为影后了。
旦旦,,2015-6-21 22:53:00,很客观的展现了拐与被拐双方的矛盾，不错
华丽超时代,9.0,2015-6-20 22:26:06,非常感人，更可贵的是这是以真实故事改变的。还未成父母但是已经透过这个片子对父母对儿女的感情有了进一步的认识。好片！
啊这人生,7.0,2015-6-20 12:50:26,内地片能认真说事真是难得一遇。想要个孩子来完整家庭的人贩子，不能以此为借口来拐走别家的孩子。落后，贫困的山村里李红琴不知道就生育问题去做检查。愣头愣脑的养了在外打工丈夫前后抱回的2个孩子，视如己出。预期拐走别人的孩子那人想过去收养么，不过就他们的经济条件似乎又不具备收养条件。看着福利院剩下的那些没被收养的孩子，又不得不重新思考，收养孩子的具体必备条件到底又该是啥，是否贫困的农民就一定不能。
嗬森搬的墨,8.0,2015-6-19 14:16:36,没有跌宕起伏的剧情，只因为题材所以给拔分了。越来越觉得佟大为也很不错了。
夜行的魔鬼,6.9,2015-6-17 18:34:04,这么好的真人真事题材只能说陈可辛还是浅把火候。
qMagix,8.5,2015-6-16 9:51:23,希望社会上每个人尽到自己的责任，照顾好自己的孩子，维护家庭和睦，希望法律更科学。生活才是最好的剧本
朗拿度,8.2,2015-6-14 0:17:17,赵薇奉献了目前为止最精彩的一次表演，黄渤展现除了逗比和喜剧表演的另一面才华，陈可辛再次证明自己是一个刻画细腻感情的高手，虽然他在本片中似乎还在比较刻意的压抑着澎湃激烈的各种感情因素，但是本片已经让人感觉到一种压抑中的张力，同样，如果本片展现的感情冲突能够更加深刻和浓烈些，效果应该会更好。
jackbacon,8.0,2015-6-13 18:05:22,都是孩子惹的“祸”……
最後排,8.0,2015-6-12 21:44:05,可以
lenovo-T61,7.4,2015-6-9 22:39:21,故事感人，精神冲突。
阿多层次城市,7.1,2015-6-6 9:39:11,中规中矩而已，表演可圈点，故事没讲完
Francise,,2015-6-5 10:58:43,谁都有错，谁都没错...大家都在彷徨疯狂纠结地寻找出路...
k0932,8.0,2015-6-3 21:39:34,亲切朴实，生动具体。希望大家关注拐卖儿童。
豆腐金刚,7.7,2015-6-3 14:37:18,那种心情，简直了～体会不到
牙齿牙齿,8.0,2015-6-2 12:23:02,带着爸妈去电影院看的，不错
急先锋,8.0,2015-5-31 19:15:02,看的很虐心。
呯呯,8.0,2015-5-31 17:17:25,赵薇颠覆了
akay615,9.0,2015-5-30 17:33:58,"悲情故事,嘆大陸騙子真多,故事的結尾真是當頭棒喝.趙薇像配角,但演得很突出."
睡人Sam,7.0,2015-5-30 11:34:02,关注现实的国产电影始终值得鼓励，陈可辛导演的作品一直能保持稳定的水准，而且在一干北上的香港导演中，他可以说是最接地气的一个！但唯一也是最致命的问题是实在拍的太煽情了，面对原本就如此催泪的题材，大特写的哭戏可不可以克制一点...
Powerhaha,8.9,2015-5-28 22:04:52,超级催泪瓦斯一枚。故事朴实感人，结构巧妙新颖。演员们倾力而为，几场哭戏极富冲击力，尤其赵薇的表现最值得赞赏。本片实为华语电影史上难得的全方位优秀之作！
小明明129748,8.0,2015-5-26 7:58:36,片尾公布了影片女主角原型的照片，可故事中的很多情节比如女主角为了找孩子跟别的男人上床等却是虚构的。这些虚构虽然增加了影片的观赏性和社会影响力，却给现实中女主角原型带来了伤害。
青红皂白,8.0,2015-5-24 17:01:24,当赵薇说出：孩子吃桃会过敏时。黄渤像是被人发现弱点一样.
solomonknight,9.8,2015-5-23 20:39:03,万幸的也是不幸的
sj9202,10,2015-5-20 21:47:26,打拐啦，打拐啦。。。
yykaren,8.0,2015-5-19 23:56:27,错的都是拐卖儿童的人。
boby,8.4,2015-5-17 23:32:10,黄渤和赵薇真心演得不错，把那种无力感饰演得很到位。不单在讲被拐的家庭，也关注“收养”后的孩子多年后被寻回的那种无力感。
影呓者,10,2015-5-13 22:54:35,很完美，绝对不容错过
霜寒枕边兔,7.0,2015-5-13 13:29:16,最可怜的是孩子不是吗。
benflora,7.2,2015-5-12 23:00:04,终于等到原版蓝光，看下来，又是陈导得意之作，能找到具感染力和话题性的剧本，顺利地说完了一个故事，不愧为成功北上的又一代表作。于是，我预期高了，觉得很多地方失色了，拿香港影后的赵薇和红得发紫的黄渤，论他们的演技，我个人觉得不如郝蕾和张译，特别是张译，我唯一看得心疼的就是他在决定再生子时的表演。还有场面出于草根但画面一点都不草根，城中村和三四级城市市井刻画不出草根，两位主角白花花的脸蛋和身家显不出草根。
步伐不停,8.0,2015-5-12 18:57:36,#分享照片#剧本不错，当然说特别好依旧还是很长距离，陈可辛确实是及格线以上的导演，拍的还行。再给陈可辛和赵薇这班主创加分
小强爬墙,,2015-5-10 23:12:35,虽然没掉眼泪、但从来没看电影看得这么揪心过。希望国家加大力度打击拐卖儿童。
jaewon,7.0,2015-5-10 20:42:20,知识改变命运。2015.5.10
FireTiger,9.0,2015-5-9 22:35:30,故事比 失孤好。 一天连续看两个拐卖的电影。。整个人都好不起来了。。。杀千刀的人贩子
耷拉耳朵兔耷拉个耳朵,7.0,2015-5-9 17:55:25,实在不理解为什么佟大为的律师角色也要花费这多笔墨来讲工作和生活状况，完全没必要嘛。结尾原型人物的“演技”秒杀所有演员，，果然还是真实的最感人= =
小松子儿,9.0,2015-5-9 16:21:17,《亲爱的》看到最后终于还是哭了，很有感染力。但这部作品的意义不止于眼泪，还有很多的思考。从政府工作人员的形象、寻子的民间团体、收孩子的农村母亲、甚至专门拐卖女子却鄙夷拐卖儿童的罪犯...许许多多的细节在讲述这故事，也仿佛在呼吁着观众对法律、人情、现实的关注。总之，感动之外还有思考，很有意义的作品。
山药她爸,8.4,2015-5-9 7:10:12,没有买方，就没有卖方，没有卖方，就没有拐卖！！！
ElKay,,2015-5-8 0:10:59,剧情很棒，尤其是片尾李红琴怀孕简直是神来之笔，李红琴视如己出却被证实是自己丈夫拐来导致失去孩子的矛盾，一直被丈夫告知无生育能力却体检出自己具备生育能力甚至已经怀孕的矛盾，可怜，可恨。拐卖和解救，从孩子的情感上来说，其实是拐卖了两次。如果国内健全完善过继、收养制度，还会有这么多拐卖吗？说回电影本身，个人感觉剪辑有点问题，可能是陈导的个人风格，很零散。
契约鸢,9.0,2015-5-7 22:40:08,不要乱改，好不啦，为什么要加一段陪人家睡，还怀孕了。对原型人物是个伤害。
佳期如梦,8.0,2015-5-6 23:56:53,百感交集，希望他们能好起来。也希望世界和谐。
keylands,6.0,2015-5-6 11:03:24,6，看完发现没期待的感动。这是一部没有高于生活的的电影，后面剪的几个写实镜头比电影来的还感人。赵薇的戏很棒。
我爱柯南,8.4,2015-5-5 14:05:50,影片之所以残酷是因为它足够真实，真实地让人心碎，复杂的社会，矛盾的集合，只有佟大为望向深圳灯火时的感慨与承诺，给我仅有的一丝希望，留下不那么悲伤的眼泪。
lester-lin,8.3,2015-5-4 0:03:21,很不错，表达的东西很多，并没有强加进来的过多突兀，故事讲得很不错。
蛋黄派吖,7.9,2015-5-3 23:10:08,故事比较讨巧，各路演员都是神演技。不能接受结尾，太富于戏剧性与刻意。
休止符4099118,9.1,2015-5-3 18:26:14,拐卖人口神马的就该枪毙 害了两家人
haifeng,8.0,2015-5-3 13:33:17,给这么高的分，是因为这部电影的推广意义大于本身制作水平，第一次看到涉足打拐类型的电影，如果电影只在寻回孩子之后就结束的话，效果会打折一多半，关键就在于找回孩子之后，孩子、亲生父母、“被骗养母”三方之间的感情经历，片中拍出来很多真实生活中的人性，可悲而无奈，就应该将人贩子统统剁手处理。
无人用电锯,10,2015-5-2 2:35:11,2014年最打动我的电影，各主演的演出太真实了，赵薇让我完全对她改观了，以前黄渤在斗牛让我见到不一样的他，而在这部片中完全牵动着我，他哭我就哭。2014年香港金像奖的最佳男女主角应该是他们啊。故事的取材涉及到法律，人性道德，太写实，太残酷而且可怕。谁对谁错，有时候真没有答案，好无奈。最后看到居然是香港导演陈可辛，希望以后华语电影多这样的作品。第一次给满分的电影。
ncdeer,9.0,2015-5-2 1:39:27,现下中国社会每个层面超多矛盾的综合展现。
Midnight1105,8.0,2015-5-1 6:34:54,很好，公认的佳作
衰仔乐园,8.2,2015-4-26 19:50:21,很催泪。几个主角和配角表演真的十分卖力，完全是身心投入。编剧也很好，少不了导演的功力，故事讲述的写实但是感人，两个家庭的经历的过渡也处理的刚刚好。告诉了大家：失去孩子的家庭和抚养孩子但是好多年后才知道是非法的，政府要收回然后送还孩子亲生父母的家庭，经历着同样的痛。人贩子的确是最可恨的，比走私贩毒还要罪恶。不过黄渤找回孩子之后大摆周岁喜宴这场景好像有点太过了，太招摇了，我是很讨要的。
感冒药,7.6,2015-4-26 11:48:14,编剧很好。
于斯为盛,,2015-4-25 21:15:38,催泪的亲情影片。结构上分成两大段。被拐家庭痛苦的寻子之路，拐卖孩子的家庭痛苦的寻亲过程。赵薇的演技获赞，明星扮丑容易获影后哦。看完情不自禁地亲亲自己的孩子。
dblank,10,2015-4-23 19:30:51,说实在的，影片一般，但从它存在的意义而言，10分值得！希望有更多的人看到这部影片，更多人关注打拐。
伊莫拉的疯狂,8.0,2015-4-22 22:29:45,给8分不是电影拍得有多好，只是在当下的电影圈（娱乐圈）这样的质量和诚意实属难得。
2mysoulmate,7.0,2015-4-20 2:22:42,不只被拐家庭痛心，拐人家庭也一样痛心，所以，不该让一切开始
醒也无聊,7.0,2015-4-19 16:26:50,演得还行，就是有点煽情过了，另外情节太平淡，感觉陈可辛这几年功利了。
伊儿,8.0,2015-4-19 13:04:48,父母离异可见对孩子造成的伤害有多大，虽然找回了孩子，但丢失的童年却永远也找不回来。真实的寻子历程感人至深，赵薇的演绎非常精彩。
1640317z,8.0,2015-4-18 16:16:38,给8分不是电影好到八分，是因为它存在的意义
meko66,10,2015-4-18 16:07:47,有意義的故事再加上太能演的男女主角，非看不可啊！
大鑫,9.0,2015-4-16 16:33:59,开车看看后视镜时多么重要的习惯
太阳跳舞,9.1,2015-4-15 23:50:29,国人甚苦，悲情永芳！
Se2Corld,6.0,2015-4-15 9:27:51,初设打拐题材，给这个新题材领域加个分。其他的乏善可陈，希望能在这个题材上拍出聚焦更多眼泪的作品。
苗么,9.0,2015-4-11 14:39:56,所有的爱都是一样的。哭成马了。演的都好棒。郝蕾排到第四有点不科学
小丑面具是头日本猪,10,2015-4-11 12:16:17,完美之作，无可挑剔！！！！
失落部落,,2015-4-11 0:01:09,心疼，揪着心的疼。找到的，要用很长很长的时间才能回到过去；找不到的，什么时候会突然走着，走着，就真的走不动了……
小眼儿天目,7.9,2015-4-10 22:54:41,赵薇演的真实太精彩了！
perfect当,9.0,2015-4-8 22:20:00,这不是演技。这是生而为人都不能承受之痛的共鸣的展示。
kkattwe,7.0,2015-4-7 23:41:40,现实题材，但看着不闷。社会很残酷，亲情很伟大！
相去万余里各在天一涯,8.0,2015-4-7 19:15:25,亲情
相去万余里各在天一涯,8.0,2015-4-7 19:14:56,很感人的一部亲情片
司库,8.0,2015-4-6 15:56:11,不是不爱，只是失去才爱的更多。
胡八一,10,2015-4-6 2:35:16,希望更多人关注儿童拐卖
姿牙,8.0,2015-4-3 21:22:11,中国的社会题材对于电影来说是一个巨大的宝库。可惜现在能开发的只能是冰山一角。
唐鸡渴得,8.4,2015-4-3 2:31:48,次奥，这部电影让我泪奔数次，逢着感冒，鼻涕眼泪一块流，也懒得去抹了，抹了反正还会再流，还好是一个人在深夜看的。命运啊，总是要把人往死里整，一次次意想不到的往死里整。
维塔光魔,,2015-4-1 13:35:00,里面的孤儿院长是不是黄建新啊？
ohmygodkill,8.0,2015-3-30 21:23:30,这才是好片
媛媛Sylvia,9.0,2015-3-28 23:52:15,很完美，绝对不容错过
发发大明,8.6,2015-3-28 18:22:48,这是文艺工作者以电影的形式，轻抚现实离散家庭伤痕的用心之作。影片并没有停留在寻子艰辛的悲痛和失而复得的喜悦，亲生和收养的，都是自己最亲爱的孩子，社会制度和道义是否照顾到这种法律之外的人性呢？愿天下失散的小孩都能被平安地找回，愿天下的小朋友们都能健康快乐地成长。
Sissilo,6.0,2015-3-27 1:37:31,怕哭一直拖着没看，结果鼓起勇气一看，也没啥好哭的。孩子找到了，然后就陷入伦理争辩之中。即使有真实原型，也是个特例，当然，接着这片子让社会大众更关注儿童被拐卖的事情是对的。印象最深的反而是组织寻子的那位老板，后来放弃继续寻找，生第二胎，躲一边抱头痛哭。黄渤演得挺好，就是苦苦寻子三年，觉都睡不好，整日奔波，竟然没有瘦半分——细节没照顾到啊。赵薇演农妇，尽管放弃了外形，注意语言发音，但是举手投足仍然不像。
天蓬瘦元帅,9.0,2015-3-25 14:00:36,很完美，绝对不容错过
穿衣服的第九天,7.8,2015-3-25 11:04:32,拐卖儿童就是泯灭人性~演技爆掉了~
兰色记忆,8.0,2015-3-24 22:06:31,当了爸爸，能体会的更切肤一点吧！哭了！
7S记忆的鱼,8.0,2015-3-24 19:28:50,故事很戳人泪点，烫头发的佟大为和本色出演的赵薇很有看头。
发条橙子,6.0,2015-3-23 23:03:11,和稀泥
moonhyde,8.0,2015-3-23 6:22:40,哭成狗了，不过，我更关心这部电影对中国法律有无促进作用，有所期待，是因为曾经一部《熔炉》让韩国重新修订了法律。摆渡了下，这部电影的影响似乎仅仅解读了几条法律。像走失儿童的父母，想再生一个，必须有第一个孩子的死亡证明，为人父母者谁能开得出？这一条荒谬到气人的法律条文，应该还存在。法律还是那条法律，电影还是电影，好电影，怪我奢望太多
达不溜Wong,7.9,2015-3-23 0:53:59,悲剧的社会里人人都是受害者，有些东西永远无法找回，赵薇演技很到位，有点后悔没去电影院看
大西洋两岸,8.0,2015-3-20 23:57:02,为了工作而看，本以为是常规泡沫片打算快进结果竟然被吸引 了。以前一直没觉得赵薇演技好，这次真的被打动了，表现母爱的场景自不必说，最赞的是最后得知怀孕时的眼神。黄 渤和郝蕾算是这个年龄段最会演戏的演员了，尤其是黄渤，不愧50亿。所有表演、情绪和场景都很真实，这是正是打动人的关键。电影能够成功编剧功不可没，真心有功力。至少这是一部有意义的作品，尤其和那些不要脸无下限的SB片相比的话。小兄妹都太萌了。
_且听_风吟,7.6,2015-3-20 10:37:18,黄渤和郝蕾演得最好，其他演员也完成了比较走心的表演。电影的结局略有点逃避的意味，不知道是导演不忍心讲了，还是不想讲了，还是讲不下去了，不管怎样，电影传达的意义已经很好地做到了。
歐陽喵,7.2,2015-3-19 15:07:25,去年看过的一部电影，也算是触及了当代中国的一痕现实的作品。故事从两条线展开，也没有特别复杂的纠缠，拍出来也还条理清晰，算得上是中规中矩。但是影片后半逐渐驾驭不住，故事的走向不可挽回地走向了索然无味和强行荒诞，是典型的导演功力不足导致的影片虎头蛇尾，这一点给影片减分不少——或许是囿于真实事件不肯改编的后果吧。倒是赵薇的演技经过多年磨练总算有点进步，黄渤也演出了那份心焦、绝望与侥幸；不过依然觉得心理刻画方面还差了不少。
ElaineHyl,7.4,2015-3-18 14:52:38,前半部催泪，后半段脱节。
-片片-,9.2,2015-3-17 0:49:15,一场错误，两道伤痕。
chino1462675,9.0,2015-3-15 20:26:10,很完美并不只是表演和主题，还是和真实事件的联结以及最后几秒“特别演员”的表演，那也是刺痛我泪腺的那几秒。另外电影对体制对人事的讽刺也不遗余力，警察局，计生办，法院，城管，福利院
米兰-melody,8.0,2015-3-15 10:20:10,现在看电影很怕看煽情的电影，所以这部《亲爱的》下了很久也一直没看，今天看了也确实没忍住眼泪。
sTAnLEy,8.0,2015-3-14 14:04:01,真实故事改编，乡下的赵薇想要孩子没要着，以为自己没生育能力，其实是她男人不行，这饱含着淡淡忧伤啊，而他男人也不知道是因为要小孩还是怎么的，跑去拐小孩，打拐万岁！
华子2616501,8.0,2015-3-13 16:02:29,拐卖儿童的实在是太可恨了~
Echo咿呀,9.0,2015-3-13 14:25:41,从头哭到尾，演员的演技很赞，剧本也很赞
Amtf树下时光,8.4,2015-3-11 22:26:59,现实比电影让人温暖
Amtf树下时光,8.4,2015-3-11 22:24:49,现实比电影让人温暖
蓦然,7.0,2015-3-10 15:17:38,防拐防骗的科教片
舒克,,2015-3-10 14:30:40,第22届金陵影评人公映影片优劣榜“金影票”佳片《亲爱的》评语：作品根据生活中拐卖儿童的新闻事件改编，但并未停留在铺成新闻事件、叙述犯罪过程、描述受害者悲情的表层。而是着重将笔墨放在了造成此类悲剧的社会根源上，那位落后山区的母亲形象及其悲情，更发人深省！更具有震撼力！
神奇狍子,9.0,2015-3-9 11:46:47,比我预想的好。能把这种题材的故事讲述的不卑不亢，很不容易。演员表演的很都很好。感觉就是生活中的每一个人都不容易，背后都有想象不到的艰辛。
杰森Jasonsuckmydick,8.1,2015-3-8 23:56:18,只有将社会与电影相结合才能拍出好的电影，有人认为消费社会题材是不好的，如果在对电影题材限制的话，综艺电影永远充斥在这个国家中。
今天看什么1983,8.5,2015-3-8 17:32:32,全程泪点……
FireRoc,7.0,2015-3-8 14:59:02,看过后我基本完全站在了丢孩子父母这边，不管李红琴如何可怜，还是没法同情，最痛苦的莫过于失去自己亲骨肉，千辛万苦找到后还不认自己，造成这一切根本就是万恶。
MOVIE-SJ,9.0,2015-3-5 11:16:47,印象深刻的就是那段“我老婆怀孕了，来办准生证”，办理人“请把你孩子的死亡证明，户口，身份证出示一下”，丢失第一个孩子的父母“你喝酒啦~我孩子丢了，还活着，你让我办理什么死亡证明”，办理入“这是规定，麻烦配合一下”丢失第一个孩子的父母“别拿什么规定把我就打发走了，我老婆现在怀孕了，你告诉我你让她生是不生”。。。之后的结果就自己去感觉吧~社会啊，杀人不见血的刀！！！
呆头鹅,9.0,2015-3-4 15:27:31,非常好。
Kite229,9.0,2015-3-4 6:56:55,这是赵薇真正秀演技的第一部的电影。期待她未来有更精彩的演出！
Acan1423537,9.0,2015-3-2 17:11:11,相当不错喂，赵薇的演技简直是赞。还是真实的故事更能打动人...
艾叶青丸,8.0,2015-3-2 16:59:47,很好，公认的佳作
不点不点,7.0,2015-3-2 16:57:51,唉，父母的心情誰能理解，孩子就是他們最重要的一切。我媽媽每次看孩子被拐的新聞都紅著眼，我明白那是怎樣的一種心情，這種切心的疼，比失戀失去親人還要痛吧。但是心存希望，希望中國的社會現狀能改變，希望政府能做出政策支持，畢竟沒有市場就沒有買賣，如何杜絕拐賣小孩，從根本上提高人民的生活水平，改變落後思想觀念，才是我們應該思考的。
astroliang,8.0,2015-3-1 21:23:43,不知不觉就结尾了，刚结束还在纳闷怎么就没有然后，再想想，也就这样结束了，无解！
妙妙兮,8.0,2015-3-1 11:33:21,看到心快碎成渣了
进击的刘星,7.0,2015-3-1 8:07:11,一般，不妨一看
wangmin,9.0,2015-2-28 12:10:58,能反映社会现实的，就是好片子
有点希望,6.0,2015-2-27 14:21:30,个人看法，还是应该把叙述重点放在田文军鲁晓娟找孩子的主线上，应该人物刻画再深入饱满些，郝蕾太温弱了，孩子丢了怎么不朝前夫发脾气真是匪夷所思，律师啊农民工啊啥的多此一举画蛇添足
两元,7.0,2015-2-27 3:53:15,一般，不妨一看
198893,8.1,2015-2-26 21:58:06,结结实实的感动一把。
阿文2505919,8.3,2015-2-26 21:46:25,陈可辛的作品多少还是有保证的，拐卖妇女儿童一直是个很严重的问题，重典，重典呀
SmilyHedy,9.0,2015-2-25 14:54:31,拐卖儿童，生父母经历的生离死别的伤痛，经历了寻找的艰辛。待孩子找到了，养父母也会经历同样的痛苦。而最最痛苦的莫过于孩子，离别生父母，离别养父母，内心一次次的打击。看了此片，我更加痛恨人贩子。
卖火柴的青蛙12,,2015-2-25 9:21:46,我不敢说这片多不好的话，一是还没有为人父母，也许真的还理解不了这种情感..二是小时候确实差点被人拐走过..多少能明白父母的焦急..我只想说，面对好多人说哭成啥样，然后又说体制里的人如何如何..小律师如何如何..我只想说呵呵..陈可辛这片还真是大有玄机..
阿昆,7.1,2015-2-25 5:26:03,全程有泪心里流
阿昆,7.1,2015-2-25 5:25:59,全程有泪心里流
黑夜馬戲團,8.4,2015-2-24 23:08:14,孽债！
李小条,8.0,2015-2-23 17:02:23,因为题材沉重，我是下了好大的决心才看这部戏的啊，演员演技爆表！
Crown_,10,2015-2-23 15:02:40,这种走亲情路线的让人泪腺丝毫没有抵抗力
David_VIP,10,2015-2-23 1:32:58,【亲爱的】值得深吸一口空气 真的太凝重太刺痛人心了 本片全视角泪点聚集 导演陈可辛运用了至亲 爱 最最珍贵的孩子和万恶的拐卖为题材 这个作品太棒了 事情都是两面的 一个家庭中轴是孩子另一个家庭是万恶的起源但孩子也是最为珍贵的 故事情节太完美了 非常激励向上的群体 感谢每个演职人员用心的付出 每一个点都是值得去深思的 社会是进步还是不进步 法律可不可以来拟补一下人与人之间最重要的东西那就是“亲爱的”  赞 赞 赞 赞 赞 赞 赞 赞 赞 赞
白龙2333294,7.5,2015-2-23 0:21:48,题材很感人，但起承转合的不够自然，赵薇的出现把人物和剧情重点突然从“被害者”丢孩子的父母转到“人贩子”身上。于是接下来的故事出现了多主题和多角度的叙述：交代了关联人物的故事，但把情节拉的松散，让人不知道孰重孰轻，还有为什么要展现其他非主角的视角和其背后的故事-因为电影的前半部分并没有定为多视角展现的基调，所以感到有些莫名奇妙。虽然故事讲的不够切中要害，但是演员的表演，摄影镜头的运用还有布景都是没得说，很真很有诚意。
我机器人,6.9,2015-2-22 23:30:02,名字像爱情片
见山,10,2015-2-22 21:44:21,感人至深，又反映很多社会现实
蛋布利多,8.0,2015-2-22 21:19:23,7.8吧，题材，故事完整性，节奏，流畅性都不错，赵薇演技也有突破，但赵薇在黄渤张译郝蕾等人的衬托下显得演技好平庸，只能说努力过但天赋有限。
银瞳,7.3,2015-2-22 0:48:32,赵薇真的演的不错嘛 几个小孩子也很可爱演得挺好的 但是并不觉得催泪 可能自己年纪小不能理解孩子被拐卖是一种什么样的体验吧
Samantha113,8.3,2015-2-22 0:19:38,拐卖一个人毁的却不只一个人，这种连带性比赌博更可怕。电影肯定要比现实更戏剧性，最后赵薇的撕心裂肺我隔着屏幕都能感受得到。无疑，这是一部好电影。
尕子子子啊,7.0,2015-2-21 23:53:26,無法同情對懵懂無知的利用
故乡的云,9.0,2015-2-21 22:07:57,年度最佳，多一些这样的电影，是中国观众之幸！
科林,8.8,2015-2-20 23:37:11,很聪明的叙事技巧，正反两面都着重叙述，不会对其中任何一方产生厌恶感。香港导演对大陆现实状况的许多细节勾画非常细腻立体，可看性强、社会意义大。最佳群体表演无疑，个个都是抢戏高手。广告植入、新闻联播和福利院院长的“人民法院为人民”直接暴露了陈可辛的投机取巧和娇柔做作，扣一星~
口十票风,8.0,2015-2-20 21:58:46,题材很让人落泪，对剧中的这些人都觉得很同情，但是这就是生活的残酷，说实话，这种事情摊在每个人身上都是灾难，几位演员的演技无可挑剔，尤其是赵薇演活了一个农民的形象，让人同情，黄渤作为影帝的功力非凡，再一次让人看到了他的演技。里面的几个小孩子都十分可爱，尤其是那个萌萌的小姑娘，让人生出一种同情，只是佟大为这个角色似乎让人觉得可有可无，就是打酱油的。。总体来说，题材值得看，演员值得看，剧情也还值得去看，不错 的片子
海上张,7.9,2015-2-20 17:44:16,我想说把本片界定为一部反映“打拐”的影片似乎不好，不如说是揭示了由拐卖儿童所引发和连带起的一系列社会问题及道德困境。故事原型本身足够丰满，不只是拐与打拐这么简单。导演和编剧这次显然比《合伙人》更深度地潜心挖掘了故事原型的内涵。把观众带入道德两难境地，当代华语影片实属难得 。赵薇很棒，但郝蕾的表演让我更心动。
Eiker,9.4,2015-2-19 23:27:19,很完美，绝对不容错过
ak4747,8.0,2015-2-19 17:56:08,不错啊。。
icelove冰拥天下,7.9,2015-2-16 23:13:43,厚重深沉但并不催泪。赵薇在飙戏，这演技超神了。这类题材很少但发人深思，我解读的结局是有深意的。赵薇怀孕，言下之意就是当时其实她老公不行，为了掩盖这个真相，她老公拐骗儿童说是自己在外面生的，反证是赵薇不行。这样的结果看似是开放性结局，但其实因为赵薇的怀孕，已经无法再次领养她以前的女儿。但见泪痕湿，不知心恨谁。
进击的队长,8.0,2015-2-15 9:49:44,没看过。对不起我泪点滴，对于追求视觉冲击画面风格和学艺术设计专业的我对这种社会责任纯粹意识激不起一点兴趣！作为诚意和尊重，8分已经太多了
大龙猫,8.7,2015-2-13 18:02:03,应该修改法律对于人贩子一律判处死刑！失去孩子对于一个家庭来说是噩梦，是一次毁灭性的打击。电影的题材很好，中国年度正能量。
Struggle,8.0,2015-2-13 11:09:22,国产现实题材的佳作，算是一次长足的进步，值得肯定，但貌似有人说和辩护人相提并论，这就纯碎在说笑了，但我相信中国总有一天会出现并且上映辩护人这样的电影
PatrickCon,7.8,2015-2-13 9:26:51,母愛不分血緣，法理難斷人情。
Emin3m,7.0,2015-2-12 0:13:22,电影好看，不能说不好，但感觉缺少一些对深层现实问题探讨的勇气。
淑女小象,7.0,2015-2-11 21:32:06,看似受害者是父母，其实受折腾的都是孩子。赵薇的角色也是个可怜人。
你们家的屋顶呢,7.7,2015-2-11 18:56:40,可能因为丢孩子本身就是一件特别凄惨的事儿 所以看到比较悲情的镜头真的忍不住眼泪 但平心而论这部电影题材不错 深度却还不够 赵薇演技有加分
款款,9.3,2015-2-10 23:57:00,主题本身就令人震撼落泪，但是表演也很给力。黄渤点赞！愿宝贝回家！
hawkyjw,8.0,2015-2-8 19:44:07,很好，公认的佳作
任十一,7.0,2015-2-8 14:34:04,在一片浮躁的大陆影圈，陈可辛这位来自浮华之岛的外来导演并没有迷失在快钱迷雾里。病毒营销但成品竟然不滥的《中国合伙人》已算不错，这部《亲爱的》更是赚足口碑和评价星级。赵薇的不拐而拐到争取抚养权的乡下人之困本身可以成为《秋菊打官司》式的小品剧，但与黄渤的前半部坠在一起而无结构互文，这便不成其为一个故事了，佟大为家事更是叫人苦到心塞而无审美。众父母追猴子有意味、吃桃子过敏等小细节动人，说到底，是新闻事件本身有力。
爱美的莹莹,6.0,2015-2-8 4:09:47,全程有泪心里流
八八戒,9.0,2015-2-8 1:38:32,怎么说呢？其实每个人都有难处，唯独人贩子最可恶！
