不经意的转弯,8.4,2019-3-18 1:02:35,非常好，震撼人心。
随便帅下,8.0,2019-2-6 17:05:24,这就有点恐怖了。。
最零下一度,10,2018-11-29 13:31:34,竟然现在才看这部电影，以前以为活着是张艺谋最好的电影，看了这部以后我改变了这种想法
瑶艺,9.6,2018-11-3 11:55:53,已经不太记得情节了。只记得红灯笼挂起的意义。还有很多巩俐阿姨的眼神。
推三轮的王老汉,9.0,2018-10-14 16:13:59,摄影构图教材 堪比皇家后宫的宅院与旧社会大户人家森严的规矩让全片处于一种压抑的氛围 始终是远景镜头的老爷是本片最高权力的象征 只可远观不可近察 点灯 灭灯 封灯 锤脚具有浓厚的仪式感 同时也决定着人物的命运 勾心斗角的大宅院正如穿插的配乐一样 上演着一台台尔虞我诈的戏码 永不落幕
七七家d猫猫,9.0,2018-9-29 12:11:27,一方院子之中困住的何止是女人，还是向往自由和追逐独立的那股热血，在这个没有春天也模糊男主人的天地里，她们什么都像，却只是不像人。更加可怕的不是女人何苦为难女人，而是自己何苦为难自己。“你什么也没看见。你疯了。”韵味十足的结尾让人不寒而栗，仪式感和形式感从第一秒延续到最后一秒，色彩和声响的运用恰到好处，化繁为简却能够制造出平地惊雷的震撼，令人起立鼓掌的精彩！
狂热信羽,9.0,2018-9-7 20:02:07,好压抑。。。
性感大叔,7.7,2018-8-27 19:38:32,像一把刀子，狠狠戳进中国旧社会封建核心最深处。几乎是一部结构精密的惊悚片，在这个大院里，人“像猪，像狗，就是不像人。”封建的压迫通过“点灯”这个原创的元素体现，全片也围绕点灯，展开了权力的明争暗斗，但是权力又被“老爷”一手大握，全片没有露脸的老爷也体现出恰到好处的压迫感，张艺谋的电影对视觉上带给代入感是很注重的，也正是这一点，让他领先中国其它电影人很大一步。
过千帆,9.0,2018-8-12 21:10:36,这院子里有猫有狗，就是没有一个是人…
C·R7,9.0,2018-7-26 10:08:25,和《活着》并列老谋子导演生涯最佳；张式美学运用巅峰之作，大量隐喻令人生畏；点灯熄灯灭灯封灯，人在这个大院里，像狗、像猪、像猫，就是不像人。
jensenyg,7.9,2018-7-20 20:17:22,画面、表演、剧情几乎都没有缺陷，真是深刻揭露中国封建家族制。
小四6171,9.0,2018-6-4 19:29:09,这片可以用王家卫那句概括一部分：任何人都可以变得狠毒，只要你尝试过甚么叫忌妒。其余部分可以用以下这句台词概括：在这个院里，人算个什么东西？像狗像猫像耗子，就是不像人。（吃人、杀人的大宅。）题外话：大红灯笼还是讲的旧中国，欧洲对现代的东方兴趣不大，也造成傲慢。
梧素衣,7.9,2018-5-12 21:17:18,老谋子早年的作品大多都是这种封建女性的被压迫，颂莲从一个受害者也渐渐变为间接施害者，代表了那个时代一众女性的悲哀。摄影非常美，可惜音乐稍逊色。另外，每个演员的表演也非常棒。
楚翰彻,7.8,2018-3-23 18:01:31,虽然剧作前半程的强大节奏未能贯穿始终，好在考究的调度、摄影、音效最终出色维持了电影的张力。毕竟相比透过密不透风的压抑氛围满溢而出的隐喻主题和情绪细节，主干情节似乎仍在典型的中国式现实主义中打转。当然，轮回结构，色彩运用和角色塑造都得到了出色且自洽的执行效果。
touya,9.1,2018-1-20 19:35:48,大院就像一座微缩的紫禁城，庞大又压抑，进来的女人无论何种性格最终都被反噬，最安全的方法是顺从是虚伪，活得通透的想得明白的性格倔强的最后非疯即死。始终面目模糊的老爷才是真正站在顶端拥有话语权的人，灯笼点了又灭，女人死了再娶，谁又被谁记住呢。
Aee3519479,8.0,2018-1-12 0:56:56,电影让我觉得难受
summertracy,9.0,2018-1-7 13:51:24,是老谋子拍的最好的一部电影。
最美的记忆933722,8.2,2017-12-13 20:47:54,情欲的纠缠，自我的压抑，人性的善恶，女性的悲苦，都展现的很充分。乔家大院福利深邃。不过，大红灯笼倒是反衬出富贵气象之下的冷峻，森严和腐朽。
萧萧凯风,9.0,2017-11-26 22:43:12,在那个年代，人命如草芥，规矩都是上面人为自己利益立下的。
washighton,8.4,2017-11-8 20:14:07,封建
半袖,9.1,2017-7-16 0:36:49,真应该在大屏幕看，一定会久久心塞。很希望颂莲最后能翻盘，能搅动这扭曲的大院，然而最后漩涡还是越来越小，吞噬了所有人，悄无声息。音乐点睛。20170714
铅纸鹤,8.4,2017-3-23 12:17:50,冰冷阴暗，毫无感情的恐怖片
喋血情枭,9.3,2017-3-20 12:47:58,说张艺谋不是好导演的都是没看过他电影的，说这些电影可以在国外拿奖是因为展现了中国封建社会的落后让外国人开心的都是自卑的人。像四太太这样性格和情商的人在当今社会也都要死得快。自己就不是多么高尚的人还要怪别人心狠手辣也没用啊。喝醉酒就把别人害死了这种人能靠谱到哪里去。雁儿是蠢死的，没人招你惹你自己找死干嘛。除了角色性格我不喜欢其他一切完美。这个故事告诉我们表面笑嘻嘻最友好的人才是最阴险的小人，所以大家以后离我远点。
junf,8.0,2017-3-9 23:01:12,国师的镜头真太工整。配乐出色，几声戏曲，几声鼓点，几段小调，故事的意蕴就全出来了。对称的古典美学，大量的空镜头。何赛飞的三太太真是令人印象深刻。片子很好，但这类故事我确实谈不上喜欢……
水·无痕,8.0,2017-1-21 18:37:30,封建家族的恐怖，人只是围墙中游荡不得出的鬼魂
AWC奧奧,7.2,2017-1-15 9:45:06,对称式构图的巅峰
穆陈,10,2017-1-11 11:55:12,好看。可怕。恐怖片
瓶瓶,8.7,2017-1-8 23:54:41,这质感，简直了！
我是迪迦,7.4,2016-11-26 21:50:38,社会环境改变人性的故事。
Tony_Lee_3,4.0,2016-10-31 12:52:59,何赛飞真棒 但是剧情略失望 巩俐的反击也太low了…
后湖,9.0,2016-9-10 21:48:38,这个美国版预告片挺珍贵的，料很足，准确。
后湖,9.0,2016-9-10 21:39:50,课堂上看过好多遍了，经典，可靠。
后湖,9.0,2016-9-10 21:38:48,课堂上看过好多遍了，经典，可靠。
filmman,7.1,2016-7-6 6:05:15,张艺谋之红色的女人巅峰之作，格局的逼仄，情绪的压抑，宿命般的结局，如今来看，社会意义和现实价值其实并不高。
仲山奥理,8.0,2016-6-13 0:03:22,大红灯笼高高挂，成群妻妾个个怜，故事和形式结合得很好，人和物的设定寓意十足，场面调度和镜头语言也相当不错，最惊艳的则是张艺谋对色彩和道具的运用，特别是那些贯穿全片的大红灯笼，与暗色背景作对比，以多彩服装来衬托，形成了强烈的视觉冲击，关于灯的仪式则象征了封建社会的女性任人摆布的命运。
很简单的哎,9.0,2016-4-30 22:00:47,这其实也是一个众女励志的故事啊
大漠孤鹰1987,8.0,2016-4-29 18:43:03,这阴森的氛围，就跟鬼片一样让人不寒而栗。
阿诺诺,8.0,2016-4-13 8:21:26,巩俐真美
睡人Sam,8.0,2016-3-15 21:04:08,从剧本摄影美术来看，都是非常工整的作品！只是感觉巩俐虽然是张艺谋的御用，但她不太适合颂莲这个角色。也许读完原著之后我会有不一样的判断吧...
来自大巴山的玉面飞龙,7.7,2016-3-10 10:19:35,很压抑的电影，人性的探讨，但是流于表面，没有更深的挖掘，年代虽久，但是现在这种作品却越来越少，有点悲哀。
Unity7,8.0,2016-2-11 7:55:19,没看懂结尾为什么灯笼挂着
·DHW·,8.4,2016-1-28 17:39:28,上至宫廷，中至大户，下至百姓，都少不了内斗。这戏挺精彩，就是颂莲有些地方有点点幼稚了，几个女演员演的很有感觉，特别是何赛飞，唱的也好，仆人中那老妇人演的真实，现在去看看，家里姥姥，奶奶都是这语气语调，表情都差不多。
李比廉姆,7.5,2016-1-25 10:07:13,旧时中国女性的悲哀在于其一方面要与同性为敌，另一方面又与异性为奴。
IrisLee8833,9.0,2016-1-13 17:11:25,记得小时候第一次看是很模糊的意识，觉得像恐怖片，长大看都觉得是有点阴森，反映的内涵很真实！都是规矩害的。
Young_iam,9.1,2016-1-10 12:25:47,后院没有春天
侧卫EVA,9.1,2016-1-6 20:09:15,早年老谋子的电影还是很屌的
乐乐1559505,8.0,2015-11-15 23:08:12,活得什么都像，就是不像人
Loser,8.0,2015-11-13 16:09:40,那个丫头真讨厌
韩景峰看电影,10,2015-10-17 15:42:00,《大红灯笼高高挂》表面上是关于封建礼教对人进行倾轧的故事，然而它的精神内核则直指人性和人格的残忍的物化实质。青瓦高墙，廊阁交错，红灯笼黑封布，张艺谋对色彩的精湛运用不仅使电影具有旗帜鲜明的美学形式，也让关于物化的思考在观众眼里有了直接而醒目的理解符号。
韩景峰看电影,10,2015-10-17 15:41:01,《大红灯笼高高挂》表面上是关于封建礼教对人进行倾轧的故事，然而它的精神内核则直指人性和人格的残忍的物化实质。青瓦高墙，廊阁交错，红灯笼黑封布，张艺谋对色彩的精湛运用不仅使电影具有旗帜鲜明的美学形式，也让关于物化的思考在观众眼里有了直接而醒目的理解符号。
韩景峰看电影,10,2015-10-17 15:41:01,《大红灯笼高高挂》表面上是关于封建礼教对人进行倾轧的故事，然而它的精神内核则直指人性和人格的残忍的物化实质。青瓦高墙，廊阁交错，红灯笼黑封布，张艺谋对色彩的精湛运用不仅使电影具有旗帜鲜明的美学形式，也让关于物化的思考在观众眼里有了直接而醒目的理解符号。
韩景峰看电影,10,2015-10-17 15:41:01,《大红灯笼高高挂》表面上是关于封建礼教对人进行倾轧的故事，然而它的精神内核则直指人性和人格的残忍的物化实质。青瓦高墙，廊阁交错，红灯笼黑封布，张艺谋对色彩的精湛运用不仅使电影具有旗帜鲜明的美学形式，也让关于物化的思考在观众眼里有了直接而醒目的理解符号。
间中有点宅,10,2015-10-3 19:35:00,封建社会年代真可怕
夜雨时光,9.1,2015-9-26 1:02:36,处处都用精准的手法表现出深深的隐喻
变态不是人,,2015-8-31 9:04:11,靠 侯孝贤是制作人啊
巴登夏日,8.6,2015-8-28 20:19:54,色彩的运用与影片的构图近乎完美，故事本上也很出彩。封建社会的种种迂腐，以及小人物在历史的长流中种种沧桑、无力感也就油然而生了。
阿姐的阿杰,8.5,2015-8-9 17:59:31,每一帧都那么美。
chooyu,,2015-6-24 12:32:11,看着很复杂，颂莲的角色让人感慨命运的捉弄和生活的漫长。
梁逍,9.0,2015-6-14 1:58:22,真实准确地反映了旧中国社会奴役摧残和迫害妇女的现实，以及妇女无效抗争无法抗争的悲惨命运。
陈大印,8.0,2015-5-31 16:51:20,张艺谋和巩俐合作中的经典之作，张艺谋的摄影出身使得画面美得让人无法呼吸。
titiawake,9.0,2015-5-25 9:06:18,教科书般的片子
sj9202,9.0,2015-5-20 21:49:09,红红火火
太子巴德,8.7,2015-4-20 4:26:17,这才是中国电影，第五代导演早起作品的电影表现力还是真强。只说个人觉得的不满意，结局太过草草，颂莲的人物设定也值得商榷。她作为一个民国时期上过大学的女人显得不够稳重，如果说她一介书生未经世事、不谙心计的话也可以，不过我觉得那时代下的学生要更成熟。P.S.通过不懈努力终于看懂一些配色、配乐手法了。
野餐派,,2015-4-5 16:15:19,想不到老谋子是后宫戏的创始人。监制大红灯笼的侯孝贤后来拍了海上花。里面那个雁儿长得超像我隔壁班的同学，不仅长得像，眼神也特别像。
ElaineHyl,9.0,2015-3-19 12:51:26,艺术性很高。表演、音乐、画面等的设计都凸显了精心二字。
邪恶的老杀,8.9,2015-3-12 1:06:32,张艺谋的佳作，把苏童小说里那种阴郁和暗淡的感觉拍出来了。去年还去乔家大院看了看拍摄现场，不错的地方。
五人,8.1,2015-2-22 22:48:12,抨击封建制度的一夫多妻，城院深深，多得是寂寞，多得是乏味。只有高高的灯笼点起，你才是院内的主人。
MiaMa,2.0,2015-2-22 1:06:43,至少跟我对妻妾成群的理解完全不一样
老片客,7.3,2015-1-25 1:49:15,庭院深深深几许
lbtz,6.0,2015-1-25 0:16:17,印象最深的还是那一排排灯笼高挂的院落。
我家阿花,8.0,2015-1-15 10:08:59,封建社会里可怜的女人
蓝郁金香,8.0,2015-1-8 22:16:22,女主的生活没有自由，像活在监狱般，人生的悲哀。
lucifer1014076,,2014-12-26 20:34:03,很久以前看了，当然还没有深刻的理解
september077,9.1,2014-12-7 16:11:57,"第一次观看后印象太深刻，忍不住写了一篇长影评发表过，现在再执笔也是想发作话唠本事。成就一部佳作缺一不可，演员实力，剧情铺设，导演实力几个因素才制作出独一无二“红灯笼""。那高高挂起湛红灯笼，却没有一点喜气洋溢氛围，深宅静谧，人情淡薄，略讽刺。人心在这里，只是个摆设品罢了，几个太太生活富贵或贫穷，全由男主人主宰，即无奈又卖力讨好，没有自我，没有自由。"
声色画报,8.1,2014-11-18 9:11:10,正如这幅海报一样，女主的婚后生活就像在一个超大棺材里，没有生命力，喘不上气来。影片充满了十足的艺术片气息，精致而深刻。角色设定特别有意思，大都与第一印象大相径庭。
波比比比伯伯,8.0,2014-10-27 0:21:11,苏童，妻妾成群
lester-lin,7.8,2014-10-19 18:24:40,对院子的印象最深刻，人与人之间还是利益的关系啊。
激怒李维斯,8.6,2014-10-5 17:14:28,老师留了一个影评让我写这部片，一开始看的时候就被张艺谋独特的摄影吸引住了，而非剧情，而且片中隐喻的东西实在太多，让我这个对很多知识不了解的“小孩”束手无措。色彩，构图，主题，本片三大亮点，而且很富有红楼梦故事的特点。也许是时代远了点，让我看的时候没有姜文《阳光灿烂的日子》那么有震撼性。巩俐的演技一直地有感染力，片中很多老演员演的也出神入化。可惜在当时是禁片，真的可惜了这么一部好电影没让当时的人们共触精髓，封建的悲剧。
老布杰森迪塞尔,8.6,2014-10-3 21:13:10,当年的国产还是很好看的，尤其是老谋子的电影，运用色彩十分有特色，强烈的色彩冲击给了电影活性
yjxue84,8.8,2014-8-29 22:59:54,片中的摄影无可挑剔，可能用来当建筑摄影教程了。
山鬼先生,7.6,2014-8-20 22:07:04,1.喜欢不来，一出宫斗戏，[菊豆]翻版，但却不及[菊豆]的批判所指。2.这出戏被当成一个带有窥视癖的戏，女人的斗争成了观众的重心，而非封建秩序的强大和不可摧毁。3.过度引申下，父权的不可抗衡，强权逻辑占领了至高点而不可推翻。4.压抑的红色、女性他者争宠、戏曲当插曲、大院文化，西方他者。
星辰海海,8.0,2014-8-10 20:42:33,去乔家大院旅游前特意看的，院子很美，可惜人太多...
李世超,7.0,2014-8-2 4:26:35,勾心斗角，最终走向灭亡
echoblow,10,2014-7-20 19:01:28,这种年代的电影有种压抑的精彩
wakan,9.0,2014-7-17 13:40:59,人，只有自己才能灭了自己，灯亮，妆红，又能怎样呢。中国好导演太多，好剧本太少。
feishuijunyier11,8.0,2014-7-12 0:06:56,妈妈看了好几遍，谁叫电影频道就放这个呢。苏童，妻妾成群
明益虎,7.6,2014-7-1 18:24:25,走不出的束缚，我们每个人都是一样。。。
东东东强,9.2,2014-6-27 16:56:57,这还是最好的张艺谋，这时候的张艺谋电影也是最中国的电影！现在跟张伟平分手了，希望红灯笼的张艺谋《归来》了！
jackdawson1991,9.3,2014-6-24 20:37:55,90年代的张艺谋竟能拍出这么好看的电影！当然苏童的小说《妻妾成群》写得也是相当精彩，后院争宠类最好看的没有之一，比《甄嬛传》不知要好到哪里去了，甚至连下人的把握都如此到位。影片中的四位太太刻画都惟妙惟肖：明哲保身的大太太，笑里藏刀的二太太卓云，奋勇反抗的三太太梅姗，当然还有巩俐饰演的四太太颂莲。点灯，封灯，捶脚加上只闻其声不见其人的老爷为观众展现了令人窒息的封建礼教，在这种大院中不难体会“人和鬼其实只差一口气”
007wangzhiqi,8.5,2014-6-24 10:48:27,毫无疑问是张艺谋最佳电影，对中国封建和中国社会从古至今一些骨子里的东西挖掘的十分深刻，巩俐的演出也是十分到位，鲜艳的红色是那么的刺眼直接扎到了每个观众的心里
Kevin_凯文,8.1,2014-6-11 11:00:46,这绝对是张艺谋最具知名度的一部电影。剧情大概是反映旧社会封建礼教对人性的迫害，其实故事有点俗套就是那种文革式的控诉看起来让人感觉无聊，剧情也过于舞台化，是不是加入的京剧配乐让人感觉很不自然。不过这不是重点，本片最大的贡献是把中国文化传播到了国外，红灯笼到现在都是中国文化的象征之一。山西平遥也因此片名声大镇！
Se2Corld,6.5,2014-6-2 17:12:01,从一个个的红灯笼里映射出封建礼仪里人性的磨灭，张艺谋选题材都不错，但用他的导演风格拍出来总觉得力量不够，摄影镜头不错，人物性格的塑造有点扯。
amanda3513,9.0,2014-5-28 1:45:20,睡不着，翻出片子，完整地看了一遍《大红灯笼高高挂》，太牛了，在那个年代拍出如此有质感的电影，真的不得不佩服张艺谋。抛开所有的商业因素，只是认真地做电影，用自己的方式加以诠释所要表达的思想，一切都如此梦幻却又那么真实。那个有憧憬有实干的年代，真好！
影者,8.7,2014-5-21 11:30:07,深刻描绘了民国年间妻妾争宠的情景，场面暗红色调，极富张力，4个不同性格的妻子相互“争宠”，导致最后不同的结局
伦夕,9.2,2014-5-18 10:51:11,张艺谋最好的电影，中国影史里最好的电影之一，看后感觉很压抑、很美丽、很暴力~~大老爷、4个太太、雁儿、每个人的刻画都很有深度！
飞在花丛中,8.0,2014-5-15 18:23:37,点灯，锤脚，你觉出那么点意思来了吧。
柒色,6.0,2014-5-11 21:56:54,不喜欢的基调
茅豆儿sunny,,2014-4-20 20:07:45,陈佐千从头到尾没抢过镜却又不可或缺，这个处理真是Super Nice啊。但我表示原著主人公颂莲所承载的个人情感还更丰富些，那口幽暗的深井也 没能出镜有点可惜。但是古砖古瓦搭配大红灯笼冷艳的红效果不是一般的好。
香菜君左,8.0,2014-4-18 17:16:05,张艺谋是怎么了
樱木花城,8.2,2014-3-30 19:55:28,把一个经典的小说原汁原味的演绎成电影，这本身就很不容易。张艺谋的这部作品做到了，跟苏童的小说一样极富可看性，也很值得去回味。当然此片跟《活着》以及《秋菊打官司》相比，还略逊一筹
甘露子,8.0,2014-3-4 12:12:17,恐怖的红色
supersuper,8.0,2014-3-2 14:43:56,民间版的后宫政治，还是一夫一妻好啊
正版Chuck,7.0,2014-3-1 10:12:36,8星给画面，1星给演员，-1星给故事，-2星给故事的讲法
StayWithMe,,2014-2-22 9:19:05,是男性对女性的驯化，是制度对人的驯化，也是女性的自我驯化。点个灯锤个脚就能换得几房太太明争暗斗，程度不亚于皇帝，反倒因为只是富人家并非帝王才更显制度害人、人害人。颂莲也是个笨蛋，不懂方法、莽撞又孤高，不服命运安排又缺乏反叛精神很快沦为争宠的奴隶，跟谁都斗自己却不是控制者的料。
Mr·ZVR,8.0,2014-2-13 14:50:58,这部电影各个细节都注定这是一部精品
vincent89,9.0,2014-1-22 20:10:28,那年夏，她父亲去世学业无以为继，在继母的逼迫下，颂莲嫁入了封建大家庭，在这囚牢般的深墙高院内开始了勾心斗角的太太生活。森严守规矩的大太太，菩萨嘴蛇蝎心肠的二太太，快言快语直来直往的三太太，有些迷失自我的四太太，女人只是作为封建大家族传宗接代、封建家长发泄欲望的工具存在。故事的最后，三太太被逼死，四太太疯了，她们成了可悲的封建社会的牺牲品。转眼到了第二年夏，封建大家庭又迎来了五太太，等待她的也许又将是前人样的悲惨命运。
赵小威威,8.0,2014-1-9 21:21:17,故事讲得规规矩矩，但不得不赞叹这部戏从头到脚的精致。巩俐的线条还是粗了些，不太适合颂莲这个角色，倒是何赛飞的一股子江南小女人气息抢镜。人物性格在社会背景下被放大，现在的人儿，又有多少是戴着'二太太'的面具在活呢....★★★★
光明王,8.0,2013-12-27 21:26:58,几近完美，就是表演的痕迹重了点儿，尤其是说话都端着
迪迪埃德罗巴,8.9,2013-12-22 11:37:12,绝对的佳作
Vampire-法尐海,10,2013-11-21 10:31:42,大红灯笼高高挂，对于本片，大家可谓是有目共睹的了，但是每每回顾此片，都会有不同的感受，尤其今年各种宫廷剧，里面全是女人与女人之间那种勾心斗角的场景，此片可谓是早期类似的电影了，特别是又拍摄于山西祁县乔家大院，导演用三个季节描述了一个女人的成长变迁到失心疯，反正因为喜欢老电影，所以还是希望大家能够回顾一下吧~~~
超级天后,8.6,2013-11-13 13:46:48,反封建性很强的一部作品，在当代大形势下，本片的主题思想毫不落伍，是张艺谋的代表之作。
赞格威尔,8.0,2013-11-12 21:13:24,不错，反应当时时代婚姻和女性，整体故事表演画面都不错
爱敬爱,8.0,2013-10-12 15:05:23,女人的悲哀。
大寺西,8.1,2013-10-7 17:07:53,一直没看见“老爷”的面貌，“下人们”的面貌也很模糊，我相信这是导演有意为之；影片的构图特别的耐看，将就的是个对称；跨过一道院儿，还有一道门儿，你就再也走不出去了！
两个黄鹂鸣翠柳,9.0,2013-10-7 0:17:38,女人争的就是一口气，机关算尽，到头来一场空，落得悲剧收场。很多地方让人想起红楼梦当中的情节。
Harrydor,8.5,2013-9-23 13:44:56,此片我好像在电影院里看过。在电视上也看过。故事还是很棒的，演员演的也好。别看现在电影工业有了大的发展，但却很难出现这种质量的电影了。
sex222,8.6,2013-9-1 2:47:16,接连看了张艺谋八九十年代的几部电影 不用怀疑他的才能 只需质疑他的人品和勇气 八九十年代中国能出活着 霸王别姬这些电影说明中国人是有才的 国产电影也丝毫不输好莱坞 土匪不死 万物皆枯
bigbird,6.0,2013-9-1 1:19:30,"都是这个, 国外人看中国基本都."
Mrlonely,8.0,2013-8-30 14:47:40,看着有点虐心！！！！！！！
bigfly,9.0,2013-8-28 7:07:38,经典！那个时候老谋子电影的特点就开始逐渐展露绚烂的色彩配合剧情，给人视觉和心灵的冲击
清竹,7.4,2013-8-28 0:57:24,高墙内扭曲的人性，囚禁着人的私欲
海边散人,8.0,2013-8-26 19:40:09,可怜的巩俐。
柚子旻,8.2,2013-8-23 12:15:11,好故事啊~~
gzkiko,8.0,2013-8-18 17:47:17,那个年代不可多得的好片
吐槽君矩阵,7.4,2013-8-9 20:33:33,哎，老谋子前期作品媚外的感觉太严重了，中国人哪有这么讲话的，这些片子你上课看看就行了。
翟晴ZhaiQing,8.0,2013-8-7 12:58:34,挺喜欢的。
荒原熊,8.4,2013-7-7 15:00:55,正如莎翁所说：“人生充满了喧哗与骚动，到头来没有任何意义。”张艺谋成功运用红黑白三种纯色调塑造出这一方封建礼教的冠冕堂，这里所有人都如同提线玩偶，行尸走肉，他们都活着，但已经死了。嫉妒恐惧愤怒欲望等原始本能将人性的高贵鲸食得干干净净。偶尔微弱的抗争和希望也被这潭沼泽所淹没。正如影片所说，在这样的环境下，人可以像任何事物，但就是不像人。封建黑暗得根深蒂固，却也是时代落潮者丰富的养料。
刘多多_May,7.2,2013-7-6 19:13:47,糟心啊！LM
流星学海,8.0,2013-6-30 23:06:57,看那时的张艺谋，再看现在只会拍大型团体操了，悲哀！
瑞秋R,8.0,2013-5-11 19:08:24,有点恐怖片的感觉。
zcfl,8.0,2013-4-22 12:49:20,哈哈大笑一声，原来是宫廷戏先驱呀，大气精美的画面掩饰不了配乐和主题观念的黯然。
沃德先生,8.2,2013-4-12 23:36:43,"昨天看都忘记打分了..突然感觉现在的中国电影差多是屎了！】红蓝作为主色调将人禁锢在这个充满权利欲望的老宅,每个镜头似乎都是暗示着冲突的发生！配乐实在太高端了..不过是日本人弄的,但是他们的配音是弄得好.侯孝贤是监制哦~(==课上还写了个算是有点小长的影评,近些天重看重看)"
SuperDolly,10,2013-4-6 17:25:40,在这个大背景下，人，除了不像人，其他什么都像。
Jason_Law,9.0,2013-4-4 22:36:33,会真正震撼你心灵，能让郁闷感萦绕在你心头久久不散的电影，不单单因为它是一部好电影，而是因为你和导演看到了同样的东西。
剪刀手陶德消灭屎者,9.0,2013-3-30 11:13:47,张国师年轻时真是牛，可惜后来招安了。
左青子,7.8,2013-3-29 16:24:28,封建礼教吃人本质？
冰箱空调洗衣机,8.9,2013-3-22 5:57:30,尼玛 打了200多字  一刷新没了 总之 经典之作
吮指头的边,,2013-3-21 23:33:31,经典。唯一觉得是这种电影的氛围让人心悸。9分
不知道还是知不道,10,2013-3-19 0:09:15,把几个太太人物刻画入骨，已经满分！一点没有走神！
shirley雪,9.0,2013-3-17 21:57:00,经典中的经典，发现得太迟了，没想到还会有如此正点的电影！张艺谋果然有才啊！
玩手指,8.0,2013-3-1 0:51:36,这部影片直接引爆了大陆的洗脚行业。这是毋容置疑的。
HAOGDUFS,8.7,2013-2-19 9:31:36,这片子是一曲封建女性的悲惨命运交响曲。抽出里面的一个桥段，每个基本都被电视剧翻炒了N遍，基本可以用狗血来形容，不过以前的老谋子功力深厚，这部电影的冲击力绝不是那些电视剧可以比拟的。
____Gone,7.0,2013-2-16 4:51:09,可能是剛看完甄嬛不久，看完這部電影以後唯一強烈的感覺就是甄嬛的微縮版，不過也只是相似而已，結局人物還是大有不同的。只能說甄嬛是逆襲的象徵，而頌蓮則是悲劇人物，被牢籠給逼瘋了。燈籠這個道具就是封建制度的象徵，聽起來很荒謬，卻被那個家族的人視為一切，彷彿燈籠就寄託了他們的一生。老謀子的電影語言表現的淋漓盡致，每一個鏡頭似乎都訴說了很多很多。頌蓮嫁進去的第一年就有了那麼大的改變，真的是一種莫大的諷刺，傲嬌的同時也害了自己。
Aneurysm,7.9,2013-2-6 20:01:43,这应该是老谋子最好的电影了吧？苏通的本子，日本人的配乐，侯老爷子的监制，两位摄影师的鬼斧神工。
王奋斗,8.0,2013-1-14 15:46:30,个人认为，这是国产影片中的质量较高的。至少比排在华语TOP100中的前三名的都要好。
绾灬米兔,7.0,2012-12-26 20:53:56,太久了只记得封灯了。
梁白开,6.0,2012-12-24 11:49:28,除了一些色彩，谈不上多喜欢
Vigo,8.0,2012-12-9 16:43:57,看了一九四二，还没敢看王的盛宴，赶紧回来增加一点对中国电影的信心……在那么一个等级制度女人依傍男人的制度下，无论什么样的女人她的脆弱、细腻和心眼都会显露出来。于是颂莲“参与”又亲眼看到了那两出悲剧，而最后自己也成了另一个悲剧。调子有时候让人慎得发慌，封灯！
凉水2046,8.9,2012-12-3 20:16:24,小说里颂莲的变化因古井而起，影片里却淡化了她的变化，从头到尾都是烈女的架势。淡化的老爷的形象，从头到尾露脸（露过乳头）的老爷暗示的便是“无形的手”在操纵着院子里人们的生存法则，所有的女人都依附于男权生存。竟想起那首诗“有的人活着他已经死了，有的人死了他还活着”真是戏里女人的写照。
米奇,7.7,2012-12-2 17:10:49,陈老爷的脸永远都是模糊的，但这都不重要的，重要是沿袭的封建老规把那些稍有叛逆的火苗统统扼杀！四季的更替，也阻止不了活死人的悲剧！
旋转木马,8.2,2012-11-13 23:10:14,强烈的仪式感激化人的占有欲，除了占有，就是失落，当人奔走于两头累了倦了的时候，恍然发现除了有和没有，就没有其他的路了。于是迷茫了，困惑了，走丢了。张艺谋对于大红色的钟爱可见一斑，由此可见，一个点你坚持了，执着了，最后就成了你的风格，你到底特征，你的亮点。这两点倒像是我自己一厢情愿的感悟，其实跟电影没关。
黄色胖头鱼,8.3,2012-11-12 23:02:16,感觉很好，画面和气氛都很到位，又有一种诡异的感觉，细节很有看头
智商不够很捉急,6.0,2012-11-12 22:00:50,四太太，你可长点心吧。。真为你的智商捉急。。。此外画面真的真的很经典啊！
剑走L偏锋,,2012-11-8 11:39:42,白雪黑檐下是代表着地位与权利的红灯笼，这大红色在青白底上显得是那么的瘆人。压抑，孤独，心计，在不断的蚕食着富有朝气的颂莲。片子头尾呼应，锤脚、单席饭、灯笼等物品的使用贯穿始终，意念传达清晰，但故事性稍显不足，剧情控的我有点感到失望。
宋健,7.8,2012-11-7 22:49:44,体制化问题
白色炽焰,6.1,2012-11-7 15:40:34,这部电影确实不错 把中国封建社会的陋习一展无遗 并由此带出 女主角逆水的悲惨命运 既反省了社会 又展露了人性 各种背叛各种纠缠各种斗争 每句台词都狠辣之极 值得一看 老谋子的巅峰之作！
瞥未草青,8.0,2012-10-29 22:09:41,妻妾成群...
天马_行空,9.0,2012-10-23 22:15:23,又重新看了部老电影，现在看的感觉跟以前完全不一样，人生积累多了，对某部电影的感觉完全颠覆。电影是好电影，只觉得摄影方面太特立独行了，没有一个运动镜头，全是中心点构图，对称构图，现在谁敢这么学？
是细,7.6,2012-9-29 9:28:13,鲁迅那个年代能拍出这种作品才能算好 90年代拍这种就没意义了 相比贾樟柯的小武 站台等 差太远。
爾東起飛咯,8.5,2012-9-27 18:20:19,人物刻画得很鲜明，故事也很吸引人，从中看到了社会的缩影，冷暖自知。
Kyosuke,8.0,2012-9-26 23:47:54,张艺谋的电影中总有一抹挥之不去的红色
高way,8.9,2012-9-26 17:40:51,"第一次看张艺谋的电影啊,现在看来简直就是民国的样板戏啊,希望只是文学性的创作啊,不会真这么恐怖吧."
24颗米粒,8.5,2012-9-24 22:50:04,从这部电影就可以看出中国封建社会的礼教与约束是多么的繁杂，它对人的生活是一种摧残。全剧男主人公（老爷）一直没露过面，无形之中给人一种神秘，高贵与神权的印象，这是这部电影的最高明之处！
C·Eastwood,8.2,2012-9-9 22:31:50,那时候的老谋子真心不俗。形式再大，内容也完全可以驾驭。
落泪Sahara,8.0,2012-8-24 15:21:49,很有名的一部片子，一直没看，直到今天，在影坛的地位不用说了。陈家四太太，点灯点菜又捶脚，四季轮回，一年过去，在这一年里，四太太做过很多斗争，一次次冲击着落后的封建传统礼教。但始终是赔了夫人又折兵，自己也疯了，而新的一任太太又进了陈家……
Victoria-T,8.0,2012-8-19 22:57:35,色彩很漂亮，最绚丽的红色，亦是最恐怖的漩涡
Sylvanana,10,2012-8-18 8:18:49,张艺谋其实只需要这一部电影！这部电影老谋子的形式感、象征性着实是太强了！一直没拍老爷的正面孔，反而拍出了他的面目可憎猥琐之极来，高明！灯笼、锤脚的形式感和象征意味自不待言，一声“掌灯锤脚”便会让四房妻妾的尔虞我诈达到白热化的程度；阴森的封灯黑裹布、从不正面示人的大老爷、夏秋冬夏的轮回相得益彰、相互映衬，堪称完美。电影观看时候让人感觉有些绝望，就像电影的影像，建筑如此静穆，人是如此渺小，“人跟鬼有时候只差一口气”。
自由彼岸,8.6,2012-8-11 16:45:01,火红的灯笼不是喜庆，而是罪恶和压抑的象征！张艺谋的佳作！！！
Bekasas·Cullen,8.1,2012-7-27 23:43:07,吃人的封建社会
懒淡淡,8.2,2012-7-15 14:44:26,围城一段旧时光
Stanling,7.8,2012-6-23 17:06:01,巩俐真漂亮。我不想也不会成为那样依附于男人的女人。不依赖任何人，过自己的生活，独立，自由。物质比起自由不值一分。
Steam·Punk,7.6,2012-6-23 13:06:29,http://murl.tv/4N6z
落英神箭V,9.0,2012-6-2 13:02:17,吃人的礼教
米林,8.0,2012-6-1 22:50:00,封闭的旧家大院，灯起灯灭，新人来旧人亡，无论是新时代的大学生还是旧时代的戏子，都只是围绕着同一个男人展开的相似的戏码。影片99%的剧情都是在同一个场景中铺开的，色调除了红则非黑即白，但恰恰是如此单一的基调，才更好的突显出这部电影的厚重。给8分
chino1462675,8.0,2012-5-24 9:47:34,一个时代的悲剧，一种社会的病态
sunim,8.5,2012-5-15 21:09:08,在这个被封建体制束缚的监狱里，大家都疯了
泠依诺,8.1,2012-5-3 11:32:54,老谋子的作品中个人最喜欢的一部，把男权和封建对女性的迫害刻画得入木三分，整部电影速度悠缓中透着悲凉，像三姨太唱的那些戏，凄艳之下波涛汹涌。何赛飞非常出彩，毕竟有专业的京戏底子，举手投足有着一种戏子姨太太的范儿~有一句台词很深刻，也适用于现在这个社会：别看你是大学生，我是戏子，咱们这些人都一样……
1896217,9.0,2012-5-3 0:02:21,海报像是惊悚片&gt;&lt;完美算不上，就是觉得不容错过。
範小亂,10,2012-4-23 2:06:11,还是老片好看。
不羁的天空coco,8.5,2012-4-17 14:33:28,封建夫权家长制下女性的悲哀
简单,8.0,2012-4-7 23:17:02,《大红灯笼高高挂》：那些被锁在高墙大院里的人性，随着霜雪一起被覆盖。大红灯笼燃烧的，是人性里的贪念，以及天生的斗性。火热未必暖冰冷未必凉，高墙里把人藏在黑暗里的恶全都激发，然后又随着年岁，一起被覆盖！
他--唱唱,8.5,2012-4-3 17:58:24,Raise the  ~~
little伊,8.0,2012-3-29 21:34:54,大红灯笼高高挂
hancy,8.0,2012-3-19 18:54:32,看过《妻妾成群》，老谋子拍得好，特别讲究画面设计，超赞~
cherick,9.0,2012-3-13 12:38:50,90年代中国还是有不少好电影
cliosong,8.1,2012-3-6 13:32:44,建筑充满镜头的压迫，凝滞、逼仄的禁锢，不爱露面的男主人，固定机位，深宅大院的简单布置，红色与灰色/白色的对比，老宅子的老规矩，四太太的蜕变。
Luna_星,8.0,2012-2-25 14:50:34,其实是个好片，很冷的画面，精致的音乐还有没有露过正脸的老爷，都说明这个故事的用心。 只是看多了后宫戏，片子的剧情着实单薄，想是91年当时比较冷艳吧。
尹吉,7.0,2012-2-25 14:07:34,我十分不喜欢这个男人玩弄太过中式的，阴郁的，压抑的，色情或是情色的方式和感觉
光茫四杀,8.4,2012-2-23 0:21:55,是一部很好的戏，少见的国产佳品。各演员的表演很到位，“从没露面的老爷”的设定很巧妙，每个角色都有其特色和含义。虽戏的步伐缓慢，但完全不冗长。配乐很有味道，而摄影的风格和配色更上一层楼。一直突出“规矩”，这是几千年来将人深锁的根源，这是一个旧制度中必然产生的悲剧。
好弗狼,8.0,2012-2-20 21:55:01,节奏太缓慢了点，看完让人唏嘘。
吞吞亮,7.7,2012-2-17 14:38:07,色彩的运用是老谋子的特色，巩俐在张艺谋的电影里完成了蜕变。
布1诺斯艾利斯,6.6,2012-2-14 12:52:18,改编欠火候~照陈导的《风月》差远了
慕潺,10,2012-2-12 22:22:52,三太太那一身雪白，在寒風中仍奮力掙扎......她雖然是個沒受過什麼教育的女子，但她至情至性，無所謂隱藏，無所謂顧忌，她才是在這間大宅子裡真正活著的人。
大壮1990,8.2,2012-2-12 8:50:56,都别争了，大家一起来吧。
神奇狍子,10,2012-2-11 15:02:39,第一次看是小学在电影院里，后来也不记得看过几遍了。再看一遍，感觉还是很好。声音处理的不错，点灯，熄灯，封灯，槌脚，唱戏，屏蔽了一切的杂音。巩俐总是演这种角色，在一个深不见底的院子里挣命。这个院子里人算什么，像猫，像狗，像耗子，什么都像，就是不像人。
yoh,8.0,2012-2-9 21:00:45,搞这么多名堂，还不如六个人一起玩。
嗯嗯,9.0,2012-2-5 19:53:05,吃人的礼教，吃人的制度，吃人的社会！
北野天翼,6.0,2012-1-19 2:28:20,可能是这篇名气比较响，看之前的期待值比较高，电影中色彩运用的很有水平，张导特别爱用这招
黍芹,8.0,2012-1-18 19:37:37,好看的中国红~
进行的狂草,8.0,2012-1-18 14:52:26,那时候的张艺谋还让我有想看的欲望
OKBEN,,2012-1-14 17:10:08,"沒有愛的婚姻本來就沒有幸福可言,用得著這麼在意嗎?"
三番三番,8.0,2012-1-13 16:02:31,经典 对于女人
宁宁2581485,,2012-1-12 17:13:00,#华人电影的骄傲#之前的有《霸王别姬》 、《大红灯笼高高挂》 
无夜路人,8.0,2012-1-8 23:24:24,人不过是木偶
starfishhh,,2012-1-7 13:41:30,"    没有露过面的男主人, 几个女人在阴森森的大宅院里争斗, 中国旧社会女性的命运。"
ChatBigMountain,10,2011-12-30 13:23:41,对称式构图，中国红，掌灯，要学这样的意象运用，配乐是赵季平老师的？龙格里格隆那段很有感觉。老谋子，大师！
Mond,9.0,2011-12-30 12:32:24,看人不能看表象。
游行,9.4,2011-12-26 19:13:56,巩俐装嫩怪怪的，为什么要安排巩俐酒后失言的戏，为增强戏剧感，反倒让人不舒服，其他都好，导演，配乐，摄像很出色
秀秀,10,2011-12-25 21:12:45,这张海报就超喜欢，结尾那催命似的的声音 让我印象深刻。
莱奥帕特,8.0,2011-12-18 17:22:29,悲情的人物，悲情的年代
TonyPitt,8.0,2011-12-18 0:32:47,讲了一个好的故事，但每个人都太丑恶，世界需要美好
华仔,7.0,2011-12-16 21:47:57,封建社会害死人啊
Tony1323454,8.0,2011-12-15 10:33:57,很不错的画面，冷清，诡异。
Sabrinasijia,7.7,2011-12-14 23:10:06,要是没看过苏童的妻妾成群，也许我会说这个片子不错。可是看着巩俐那张脸，怎么看怎么不像颂莲，年龄相差太大了....其他还是不错的，整个影片风格符合人物关系，沉重凝练。色彩上也比较吻合影片氛围。
墨青的烟,8.0,2011-12-9 21:54:13,将故事简练成仪式化的语言，匠气十足
曉喬,8.0,2011-11-27 21:27:29,张艺谋的色彩
slump,8.7,2011-11-26 23:21:09,不可多得的经典之作，监制导演主演三者强强联合，concubine，万恶的旧制度，吃人的社会，人性的束缚，层叠的城堡，活着和死不过是差一口气...
MarWormer,8.0,2011-11-26 22:06:30,苏童小说《妻妾成群》改编。印象深刻的电影。
米兰达_,7.4,2011-11-23 14:27:03,上世界经典电影音乐选修课的时候看的。一切都发生在压抑的，阴森的，可怖的高墙里，处处透出绝望的气息，逃不出去的绝望。对这片子老师推崇备至，但其实没有那样出彩，故事有点被说散了的感觉。
龙猫627487598,8.2,2011-11-23 12:37:56,"国产影片难得的佳作!!虽难只是四房太太的事,但人物刻画到位,表演自然入戏!!实是佳作!"
多二度,8.1,2011-11-22 23:14:43,點燈，滅燈，封燈，都是這麼回事
MOVIE爱,8.5,2011-11-22 22:57:19,很沉稳、很庄重、很大气的片子!老谋子对中国文化的拿捏相当到位，每个画面、每块摄影都处处透出深意和内涵。巩俐演技毋庸置疑，其他几个女人也演活了古代体制下悲剧自私无奈的女人，对何赛飞特别赞赏，演神了！片子可嚼之处太多，得慢慢品味几次。特别爱最后的叠画，将人物和社会意境完全表达、给力！
你好·先生,8.5,2011-11-22 22:17:58,画面做到极致了，想看看原著，那时的巩俐真美啊
红笺无色,8.3,2011-11-22 10:19:33,意象太过明显，气息很足，当属那个时代的经典
寒武,7.2,2011-11-21 23:54:00,在这百无聊赖的出差时光，终于把一些著名却于我并无多大观影向往的影片拿来看了，这算一部，以前总是看着看着看不下去了，现在得以完成。完了我想说：女人何苦为难女人。
CFay,9.0,2011-11-20 21:03:36,人的心很脆弱，理想很脆弱，终究斗不过大环境，无奈
Charay,8.1,2011-11-18 14:13:32,别的就不说了，就觉得整部电影好像都没给过老爷一个正脸或近景镜头，看完都还是没看清楚老爷长啥样子，这处理挺有意思的。
cbxcbx,8.3,2011-11-17 19:11:42,十分稳重的片子，从画面到音乐。
乐冰,9.0,2011-11-15 14:23:13,陈府内悲情的故事还在这个时代里不停的上演着
MikeChance,7.0,2011-11-14 14:43:25,老套啊~现在的眼光看这片不如去小学课本上找文来看看啰~亮点是监制是侯孝贤啊！多国部队啊！
MikeChance,7.0,2011-11-14 0:09:48,大红灯笼高高挂这类的古董国产片完全不能吸引我.....真看不下去了，太老套了
Hanker,7.8,2011-11-13 1:30:59,一步错，步步错。她真的太“蠢”了。
-kidd,9.0,2011-11-12 23:44:10,绝对是一部艺术佳片。得益于原著的深刻故事，对封建和人物内心的批判非常犀利，巩俐何赛飞等人奉献了精彩的演技，摄影画面非常好看音乐非常好听，所有的这一切离不开张艺谋，却是1991年
Alvy,8.1,2011-11-10 0:45:04,老谋子还是适合拍拍这种片子，大片什么的，洗洗睡吧。
Alanliu,8.0,2011-11-9 0:35:02,老爷的后院可真恐怖，毒害了一个又一个女人，可悲的封建社会啊。
KingMark,8.0,2011-11-7 23:57:33,那时的婚姻对女人来说就是坟墓：既然女人的命运殊途同归，从前的履历又有什么意义；所以，作为大学生的巩俐最终也是平平一女子。
叙情诗,8.0,2011-11-7 12:47:27,就这样吧。。。画面是好看的，演技是高超的。核心是明显的，但总觉得缺了点调调
安大婶,9.0,2011-11-6 5:06:44,旧社会对女人的掌控被张艺谋刻画得入木三分。红色是欲望的象征，有了灯笼，就有了一切。太太们换着不同颜色的衣服，也代表了她们心灵上的改变。每个人都那么可悲，可恨。连下人都毒得很，但他们都是就社会的牺牲品而已。
Bedlamite,8.8,2011-11-5 18:12:17,老谋子的老片还是挺有水准的
洛俐,,2011-10-30 18:24:39,我第一次去电影院 二姑领我去的 大红灯笼就是这电影 当时年幼根本没看明白 不过就从那时起 电影走进了我的生活
猫步轻俏,7.8,2011-10-30 11:49:07,只记得在高墙中的女人。。。应该是不愉快得生活着吧
_子辰_,5.0,2011-10-29 21:57:52,我只是不太喜欢这样沉闷费脑子的作品。
大乐,8.1,2011-10-29 19:38:14,细节刻画的很到位，悲惨的结局更容易让人印象深刻！
裤子的鸡零狗碎,8.0,2011-10-29 11:07:01,老谋子不愧是老谋子
九·天,8.1,2011-10-29 8:42:54,雁儿说，我哪敢挂脸，天生就没有脸。很喜欢这句台词，体现了当时大多数。大院的规矩把女人的自尊锁住了。女人疯了，吊死，或者沉默。而老爷还是接着娶另一个玩物。构图真是没话说。
ToSkylark,9.4,2011-10-28 21:31:18,江南好，风景旧曾谙，现在的鬼电影是尼玛回事啊
天真狼狈,8.0,2011-10-23 1:17:51,五个女人一台戏，封建社会的妻妾成群院子里就像后宫一样复杂，每个女人都装着不同的东西，只为了宅子里的生存
HD-BD,8.0,2011-10-21 12:36:35,这宅子里有鬼
怼影,8.0,2011-10-18 20:42:29,红灯笼是心中的枷锁，倘若解不开，便会被禁锢一辈子。
野风车,8.1,2011-10-17 22:01:02,巩大姐那时候的演技已然惊艳。
柯柯_hen,8.6,2011-10-15 23:59:31,最毒妇人心，还是人不得不在制度下自我屈服？
小无聊人儿,8.0,2011-10-15 22:56:31,还是相当不错的。
夜之白,9.2,2011-10-15 18:35:56,对于配乐和编曲都是日本人 感觉很意外
aiyowei782765,9.0,2011-9-29 5:03:20,捶脚丫，挂灯笼；明明就是在经典条件反射下练习人们的连接性。这是活生生将人当老鼠。
Dacnorry,6.0,2011-9-27 17:02:06,我觉得吧，张艺谋也就这电影拍的挺好看
风之魂,8.5,2011-9-12 14:10:15,拍摄于1991年，反映封建礼教对人性残酷迫害及身处深宅大院中的女人之间互相猜疑、嫉恨、倾扎的《大红灯笼高高挂》在今天来看，仍不失为一部佳作。影片在色彩处理，场景布置，人物塑造，情节编排等诸多环节都十分优异，老爷的冷酷、卓云的阴险、梅珊的妩媚、颂莲的转变均被一众优秀演员刻画得入木三分。
再见呆瓜,,2011-9-10 0:10:57,女人的悲剧。
大坚哥哥,,2011-9-4 15:39:05,很有意思的电影，看了几遍，也开始明白这部电影了
SWTY,8.2,2011-9-4 12:49:08,封闭式的明争暗斗，周而复始！
溺水的鱼,,2011-8-28 0:47:56,老谋子在退步？
阿森纳颓风,,2011-8-23 15:34:08,什么都不错，可惜不是我喜欢的风格，坚持看完！
Moviualda,,2011-8-17 20:15:49,一部关于封建礼教压迫女性的电影
张铭杰,,2011-8-8 0:17:31,文化味极浓的一部电影，很有内涵。个人评价就是“红楼梦的缩版”.巩俐演得很好，老谋子的文化涵养很扎实。 整个影片中都没有出现春天这个季节。导演告诉我们，这些女人没有春天。她们永远活在萧煞的季节里，没有阳光，只盼望着红色的灯光，永无出头之日。  所有的场景都是在那一座大院里拍摄完成
precious,,2011-8-4 15:57:36,搞死别的女人，死不搞别的男人。
蔡nana,,2011-7-24 19:19:26,红色和黑色的强烈视觉冲击，意喻着女人与时代
你是我的菠萝蜜,,2011-7-18 19:57:33,深宅的勾心斗角
你是我的菠萝蜜,,2011-7-18 19:36:33,今天老师终于给我们放了部国产片。啊啊啊 我看懂了看懂了！我喜欢这部片子！艺谋大哥早期作品还是不错的
小哇,,2011-7-18 11:27:35,张导不愧为色彩大师，这电影故事就算一塌糊涂，都值得看了，灰色的大院配上鲜红的灯笼，这画面太棒了
WarrenZ,,2011-7-16 15:03:12,特色的味道。
伟爵爷,,2011-7-16 8:05:09,吃人的社会
