Treise,,2019-2-19 23:33:52,未评分
毅术家,9.0,2019-2-13 1:07:31,曾经有一份真挚的爱情摆在我的面前，但是我没有珍惜，等到失去了的时候才后悔莫及。尘世间最痛苦的事莫过于此。如果上天可以再给我一次机会的话，我会对那个女孩说，我爱你。如果非要在这三个字上加一个期限的话，我希望是…一万年！
阿飞peter,8.5,2019-2-12 1:44:49,无所谓情节，一个眼神或一段独白，不煽情，也不矫柔造作，这也许是最合适的状态
随便帅下,8.6,2019-1-12 0:17:49,初中时候，一个小电视台的主持人评论说，当你什么时候看大话西游哭了说明你看懂了。那时觉得装什么逼呢，这么好笑的电影。现在，真的感动，因为那份情。
国庆电播小弟,9.3,2019-1-5 14:54:47,自古以来的爱情也不过如此。这部片再一次以凄美的爱情故事和穿插其中的快乐笑点深深打动着我。
国庆电播小弟,9.3,2018-12-30 12:52:07,自古以来的爱情也不过如此。这部片再一次以凄美的爱情故事和穿插其中的快乐笑点深深打动着我。
昆丁塔伦蒂诺的影迷,9.0,2018-12-5 17:05:53,纪念每个人心中的紫霞和盖世英雄
衰仔乐园,7.2,2018-12-3 15:14:45,多年之后才慢慢走红的一部电影，以前当是一部喜剧，恶搞和无厘头的喜剧。但是现在重看，确实感受到至尊宝那种想爱但不能爱的矛盾。对白还是要看粤语才好看，虽然明显是后期配音。那时候的朱茵真的靓，无敌的靓。剧情故事其实跟西游记关系不大，也很难准确知道是发生那个时期。
nanako-chan,10,2018-11-22 10:28:34,单纯想说星爷这部里面真是颜值巅峰，闭着眼睛带上金刚圈那一幕帅哭。最近在重温星爷电影，森森觉得王晶真是有眼光，星爷的演技确实在华语圈无人能及。
睡熊,8.0,2018-10-27 10:25:11,重看粤语版，发现台词与国语略有差异，更显B级片气质，各种梗大串联，偶有小亮点。
-IHI-,7.8,2018-10-15 18:46:07,H---《4046》
百家影评,8.0,2018-9-5 16:28:06,每一次看都如同余音绕梁三日啊，很多片段值得回味，很多段落看似荒唐却又很有深意。这是一部宿命论电影！值得深究！真的不是一部简简单单的电影！
流光飞舞,10,2018-7-21 16:49:58,这部片子，是目前为止，我唯一打满分的！
十Diez,9.8,2018-6-29 16:43:06,纪念每个人心中的紫霞和盖世英雄
坦然回忆,9.0,2018-6-13 15:20:04,和肖申克一样，一年看一次，每次都是新的体验
什么都不叫事儿,10,2018-5-20 10:32:10,重看了一下重制版，很多电影值得二刷三刷，这个电影刷了不下十遍，星爷就是大爱，经典就是经典。台词都快背下来了，还是会感动……每一次音乐，每一句台词……紫霞太美，星爷太帅，故事太凄美，音乐太好听。
小四6171,10,2018-5-13 9:33:51,详见长影评，重看终于泪流满面，虽然略简陋，但里面的爱情故事可说隽永。小倩之后的中国神话电影巅峰，了不起的时空穿越片，了不起的罗拉快跑本土化，了不起的喜剧，了不起的爱情和人生故事。
Ruiruirui,8.7,2018-4-27 23:51:40,"""你看那个人，他好像一条狗啊"""
henryhaobin,9.0,2018-4-15 1:28:37,完美两部曲
·虫虐·,9.3,2018-4-2 12:45:50,我居然没有给这部最爱打分！？⑤-1.6？
梓蘅gloria,10,2018-2-17 21:59:34,初中高中时第一次看，深深的记住了城楼上的那个镜头，还想着此生也许会实景看一次，但是那么远的地方，今生何时会去呢？2013年去银川出差，西夏王陵，镇北堡，全去了。那么一回身，城楼赫然在我眼前。那一瞬间，周围的人仿似消失不见，我变回了十三四岁的小姑娘，隔着屏幕，看着那一幕。人要有梦想的。2017年，我竟然再次踏上银川，再次去了西夏陵，真是神奇的银川啊！
大鑫,10,2018-2-6 21:02:40,重映版本  配音都换了一遍   没有看过一百遍起码也看过99遍的人  表示不能接受
水墨泫然,8.0,2018-2-3 18:59:42,喜剧的结局总让人泪目
ss369x,8.0,2018-1-22 0:00:48,一生所爱一生所爱。
龍飛,9.0,2017-12-22 23:03:07,经典的东西永远值得去品味，每次都会有感动也会有对世间的些许无奈，不适合经常看
SWTY,9.0,2017-11-26 0:00:44,多年后才看懂，笑中带泪！
蔡正一,7.0,2017-10-8 0:53:07,一直不觉得经典，过度解读的作品，加长版加的东西也可有可无
mu_l,7.0,2017-8-19 21:17:45,比月光宝盒强些，周星驰演的很认真，总体感觉还是解读过度，看片的比拍片的想的多太多。不是所有人都能斗的过命，没谁一辈子会不留下点遗憾和无奈，笑闹怒骂，不同人不同方式而已。
Sweeeny,9.0,2017-8-13 23:21:48,当年看的时候第一部笑得肚子疼，第二部又会落泪。经典神作，永不褪色。
欢辰,8.0,2017-7-14 21:34:56,看一次笑，第二次是哭着，到第三次有的便是情怀
请别评论,9.0,2017-7-11 12:22:59,（9分）笑着带泪，大话西游属于我们的过去，属于每一个曾经被它感动的人。
Alicecao,10,2017-7-6 22:14:48,心中终于没有遗憾了
Summer的猫,7.0,2017-6-30 20:26:05,2017年上映是第一次完整的看完大话西游。对这个电影没有任何带入感，不过在国内你要是说大话西游不好看，基本上对方会嫌弃你没看懂……我真的看的懂啊，只是没有被触动啊。
yz492236729,7.0,2017-6-25 23:35:58,小时候看过几遍，没什么感触，就是无厘头乱糟糟。后来不知道为森么在网络上被捧上天，视为经典。特地又找出来好好看一遍。剧情挺无聊的，不喜欢无厘头的风格。紫霞对至尊宝的爱还有挺感人的。感觉还是情怀的成分更多一些吧。
Hayuki,8.0,2017-6-22 20:45:43,经典
铁轨无声,9.0,2017-6-10 22:02:59,情怀更多
whoisthere,10,2017-6-10 14:38:23,对自己像一条狗无能的愤恨
邂逅的回忆,8.7,2017-6-9 19:32:28,此生最爱的那一颦一笑
Hermi0ne,,2017-6-8 2:56:36,加长版至尊宝紫霞再现银幕
独自哥哥,8.6,2017-6-7 11:10:26,http://murl.tv/j8Zt 17部穿越电影大盘点，华语穿越电影早就经历过一次热潮了 http://murl.tv/j8Zt
Coil,10,2017-5-31 10:44:16,很不错哈挺搞笑，内容有点污～
刘小备_315772214,9.0,2017-5-30 17:08:46,致敬金典
皮卡丘mm,10,2017-5-29 17:07:01,我很喜欢经典中的经典。曾经的梦中情人紫霞。和被逼无奈的至尊宝。
无冠大怂猫,9.0,2017-5-28 20:33:25,不带紧箍咒我怎么救你？戴上紧箍咒我怎么爱你？
没事就去电影院i,10,2017-5-28 13:16:05,完美回忆
阿佳妮的蓝眼睛,8.2,2017-5-28 6:17:07,有了月光宝盒的铺垫，仙履奇缘的人物情感变化才能如此鲜明，其故事所蕴含的情感内核才能如此震撼人心，难以想象紫霞是在这一集才开始正式出场的，可以说朱茵出现的那一刻就占据了整个故事的中心，直到最后。
Booe,8.0,2017-5-24 19:37:06,很不错，搞笑又精彩
NYZP,8.0,2017-5-24 9:24:08,小时候一直没有看完整，原来至尊宝骗了那么多女生，紫霞好让人心痛，还好最后她和至尊宝一起了
时光用户_1492265676438,,2017-5-20 22:35:24,。
吧比kiu,8.0,2017-5-20 18:16:25,不朽
黄色屌丝男,0.1,2017-5-14 16:09:47,刘晓玲童演绎了什么是真正的孙悟空！如果如果赵子龙还活着就好了！
East1878,9.0,2017-5-12 22:43:15,怀念租碟看电影的童年
萤火小虫,10,2017-5-10 0:13:46,今天才有时间去影院重温经典，依旧是有笑有泪，感慨万千！可是不知道有彩蛋，……谁能告诉我彩蛋是什么？拜谢！！！
时光用户_1493972479972,10,2017-5-7 20:09:19,真希望至尊宝没有变成孙悟空
Akce,9.0,2017-5-6 23:05:29,经典
莱阳影评人,8.8,2017-5-6 16:56:03,重温了经典，想起了故人！
时光用户_1492166976128,7.0,2017-5-6 16:31:02,慢慢的全是回忆，很好。
门前枫树,10,2017-5-6 7:48:59,曾经沧海难为水
M_1507182000240469805,10,2017-5-1 18:01:20,看过看几遍，第一次在电影院看，不错�
何正华,6.0,2017-5-1 1:12:20,一般般，勉强及格。
余人码头,10,2017-4-28 0:14:26,"看了不知道多少次, 以前很天真, 笑笑而已, 现在越来越感觉难过"
M_1607171438030865710,8.0,2017-4-27 18:56:28,重温一下经典。虽然没有炫目的特效，但经典的台词却影响了一代人。曾经有一份爱情…猜中了开头，却猜不中结尾…
夏目透,7.0,2017-4-27 8:47:58,朱茵那时真是美啊~
克里诺尔,10,2017-4-26 23:06:38,一万年太久现在就爱吧
木木大大99,1.0,2017-4-25 21:34:56,这是在骗票房吗.......
Body,8.2,2017-4-24 22:46:47,本身即是佳作。重新上映的版本没看出有再剪辑，就当是重温旧梦。
嘟Dar,10,2017-4-24 11:07:23,重映一次看一次。
曹琨000095,9.0,2017-4-23 21:39:18,经典 好看
M_1412072012422069799,10,2017-4-23 20:48:18,建议带上爱人一起去看，今天去之前，甚至觉得从新再看有点太刻意了。但看了之后，很回味，感动。建议可以带上爱人去看，效果很好的。
电光幻影1985,7.0,2017-4-23 17:12:47,无论是不再出镜、白发苍苍却仍旧孤身一人的周星驰；亦或是那个人到中年、青春不再却仍扮演着紫霞仙子在电视节目里捞金的朱茵，都像影片结尾中留下孤独背影的孙悟空，是我们成长之后不得不面对的残酷且无情的现实；而城门上相拥的那对璧人，终究只是寒夜里美好回忆梦醒之后，眼角那抹半干的泪痕，以及对青春年华留下遗憾与悔恨的那声叹息。
HiddenBunny,9.0,2017-4-23 2:13:59,不要再提情怀了。。这样的剧本，早已不需要“情怀”这种东西来增加它的重量。
Insect,9.0,2017-4-22 23:00:05,影片依舊經典，裡面的的台詞仍然讓人記憶猶新一直不知十分鐘加在哪裡？（是否有人願為我解答）其實原版結局是至尊寶帶著白晶晶、紫霞、春三十娘三個女人一起和唐僧去取經，但電影沒有拍出來～
Wcccccl,10,2017-4-22 21:49:24,有的地方确实不成熟，但真的很棒。
lester-lin,7.6,2017-4-22 18:10:20,朱茵还是那么漂亮，重温也是不错的选择。
帕兰诺骠骑,8.9,2017-4-22 17:48:57,很好，紫霞就是我意中人的样子。
policemen,10,2017-4-21 17:59:03,影院看又是不一样的体验。
广州服装用纸批发部,9.0,2017-4-21 17:34:45,如果将月光宝盒先放，再放大圣娶亲，可能会更好！哈哈，月光宝盒纯属搞笑，会更搞笑
健忘的鱼,9.0,2017-4-21 16:15:16,已经成为人生的一部分。
降落凡尘,9.0,2017-4-21 13:19:19,我的意中人是一个盖世英雄……
卷儿丶,10,2017-4-21 12:32:12,1994年 我三岁  人生第一次进电影院就是《大话西游》。现在总是嘟囔说欠星爷一张电影票，没想到这次有机会通过最爱你的电影给补上了。也算没留遗憾，能在电影院看一次《大话西游》。越长大越明白那句“我永远不会离开你，我爱你”是有多迟多真。那句“嘶，…他好像条狗啊”是有多么难受。那个转身是有多遗憾。感谢周星驰。感谢你的电影。感谢你的齐天大圣。感谢童年有你。谢谢你。
Boace,10,2017-4-21 7:55:53,走入宿命，失去的不只是爱情。
未洋chaos,8.2,2017-4-20 21:51:14,你看那个人好奇怪啊。我也看到了，他好像条狗啊。
M_1409011919426995614,3.0,2017-4-20 17:06:42,被神话的烂片，被捧上神坛的平庸的人...
秋风莫笑我多情,8.7,2017-4-19 23:03:22,心中永恒的经典。
Anncn,10,2017-4-19 22:39:06,永远的经典 但是为什么我感觉所有人的配音变了呢？连罗家英的only you 都和原来不一样了好在一生所爱还是那个一生所爱 配上画面永远会被感动的一塌糊涂 但我还是怀念原汁原味的大话2
路见很平,8.0,2017-4-19 22:09:05,尽管已经看了好多遍，再看依然能重温那一份感动
苦瓜亦叫半生瓜,10,2017-4-19 21:56:38,不用多介绍。
Loxeddove,7.8,2017-4-19 18:17:23,当年并不那么为人接受，现在看来依旧神作。熟悉的感觉，特点鲜明的电影，浓郁的星爷味道。虽然恶搞桥段少了一些，但那些夸张的表演依然恰到好处，让人捧腹大笑。剧情无处不恶搞，但依然打动人心。那些感情，用着最经典的话语说出，依然动听感人。最后的结局令人满意，这是最完美的处理了吧！朱茵的表演真的是无与伦比了！
noyaliao,9.0,2017-4-19 16:21:10,可惜我们没有紫青宝剑，不能知道谁是自己的意中人。我们也不能钻到别人心里也不能剖开自己的心，所以我们经常至死也无法认清自己的真心也无从知道对方哪句是真心哪句是谎言，甚至也许对方都不知道。所以电影虽然悲剧，但其实了无遗憾。没了爱人也能拥有理想啊。
捷歌佛哥,,2017-4-19 14:36:08,太难看了
Edward_FW,8.4,2017-4-19 10:17:08,第一次在电影院看《大话西游》，很感慨！！！当年还是录像机时代，要先串录像带，然后和同学抢，看完那叫一个喜欢，那叫一个兴奋啊！！！22年多去了，第NNN次看的时候那些笑点依旧让观众开怀不止，泪点依旧让人泪湿双目！那句“那个人好像狗”年少时以为只是在搞笑，但岁月磨砺才明白，只有行尸走肉，才无爱无恨！！！21:20的电影上座率竟然有80%，观众是如此爱这部影片！伟大的经典！伟大的刘镇伟！伟大的紫霞仙子！伟大的周星驰！！！
高柳雅孝,8.0,2017-4-19 9:50:41,难得重制版上映，这次是真的还了星爷电影票。恍如回到高中的寒假，一片万家烟花的深夜，守着电影频道看大话西游。少年不识愁滋味，彼时只懂暗恋隔壁班女生的小男生，只能看到嬉笑怒骂，如今才懂何谓生亦何哀、死亦何苦。虽然如今看来画面略显简陋，但朱茵的完美素颜背后，却有着百转千回的情愫在其中…
祖龙城主来巡山,10,2017-4-19 9:27:08,永远的紫霞，满分！
时光用户_1492509338022,8.4,2017-4-19 8:37:33,影片内容丰富，人物情感变化鲜明，再配合音乐的背景，相得益彰！
Allendith,1.0,2017-4-19 8:18:21,我就奇了怪了。说好的加长呢？我去看了之前的片子？你特么翻拍也行啊。重放一次什么意思。骗钱骗情怀？怎么不能给零分呢。woc
Sissi107,10,2017-4-18 22:12:33,感人
危楼愚夫,10,2017-4-18 22:06:25,真正的成熟就是变成那条狗
金门少爷,,2017-4-18 21:57:59,这个版本主要是增加了诸多的细节片中大部分配音其实又是另外一个版本，不知道是不是因为在电影院的原因，声音特别立体让我感觉很是不适，这种立体声真不适合此片配音是重新的，自然不如网上看到的那个，对一些段子做了修改，还有一些不干净字修改了，比如那个慰安妇。预告片里面不是有沙僧勃起被猪八戒打的镜头嘛，这个应该是广电删的吧！两个泪点还是那么感人。
Stephen_Chow,8.9,2017-4-18 21:56:21,1、看了重映版，无论票房归谁，总算圆了在电影院看周星驰影片的愿望。2、片头几分钟dvd版没有，但没什么意义。3、依然感动，全片的取景、对白、幽默段子，放在现在仍不过时。4、朱茵太美，绝无仅有的经典。
乱步道尔,8.0,2017-4-18 19:21:29,星爷巅峰时刻，朱茵很美，一切都很经典。
长戟大金龟,10,2017-4-18 11:03:19,电视里看了多少遍了，在电影院看感觉更好。各种经典出现的时候还是感动无比，眼睛都湿了。向周星星致敬。
喜剧之王723,10,2017-4-18 10:21:39,没看就评满分，需要理由吗
社上君,,2017-4-18 10:17:40,虽然该片的主创们，都是香港无厘头电影的标志性人物，但是如日中天的周星驰收敛了表演，成熟的刘镇伟与技安也加入了更多的自我表达。不过，本人对于至尊宝、白晶晶与紫霞仙子之间的三角恋，还是想不通。
13608963400,10,2017-4-17 20:30:48,我心里哭了一万次，却没有那个人出现。
死者田园祭,9.8,2017-4-17 18:21:48,错过了第一次重映，这次终于看上了大银幕！！！
M_1412171326356244274,1.0,2017-4-17 14:36:57,竟然是老片子剪辑的 太坑了
奇遇树年,10,2017-4-17 13:11:15,大爱无言
奇遇树年,10,2017-4-17 12:17:14,电影票不贵，但这一张和其它的不一样，向星爷，朱茵和所有团队人员鞠躬，纪念经典和那个有好电影看的璀璨年代！
M_1509251600434763180,6.0,2017-4-17 10:34:19,还行
依生,8.0,2017-4-17 8:51:16,一边是责任，一边是挚爱——或许带上金箍便是最好结局。
shelley330,8.0,2017-4-17 0:43:46,好详细的剧情介绍，解读了好多，这次终于有了自己的一点体会和领悟。最后灯光亮起的时候，发觉抹眼泪的女生和周围年轻的观众，才发觉已不是当年的翩翩少年……爱情才是永恒的话题，大家在笑以后或者都会有所感悟吧。
利刃_846173797,10,2017-4-16 23:28:58,经典！回忆！过去的花瓶演技都爆棚！现在的……
ryan_orz,8.8,2017-4-16 23:03:58,笑着笑着……就哭了
大肠杆菌之父,8.9,2017-4-16 22:39:56,大荧幕上的朱茵比起现在那些千篇一律的网红脸美得更有生命力！
键盘兔獭,10,2017-4-16 22:31:35,还能说什么，完美
小旭旭_ss,7.0,2017-4-16 22:30:05,经典的句子还是让人潸然泪下
认真的单细胞生物,10,2017-4-16 22:29:50,经典中的经典！
LeeCandyOOstck,2.0,2017-4-16 21:51:34,我以为是新拍的！结果是老片和以前剪辑没播的混搭。。。乱七八糟。。。感觉被骗了！
蛋黄派吖,8.6,2017-4-16 21:26:02,你见过整个影厅全场一直有人提前笑提前掉金豆提前念台词的吗？这简直如同亲朋好友一起在家看电视侃大山的氛围甚至让我觉得我要是跟旁边的姑娘搭讪她一定会和我交换联系方式——然而现实只会是她礼貌地拒绝了我，同时在心里默默嘀咕：这人好像条狗诶……吧
劳伦斯刘,10,2017-4-16 19:14:59,经典中的经典
孤独探戈,9.0,2017-4-16 19:07:58,请问是国语还是粤语，谢谢
瀛26000,8.1,2017-4-16 18:58:46,突然很羡慕紫霞仙子，一心要找到意中人，哪怕会付出消散于世间的代价，但找到自己爱的人就是她的理想，哪怕那个人骗她，哪怕活在谎言里，至少她在离开的时候，是幸福的；朱茵真美，卢冠廷的歌真戳心，哪怕是在卖情怀，依旧可以卖好多年的经典
tomhay,8.0,2017-4-16 18:35:30,到如今，看了那么多次，还依然爱这部片子，那么多经典的台词。看的我边上素未相识的女士哭的稀里哗啦的，看来每个人眼中的大圣都是青春时不能忘怀的一片记忆，哪怕只是勾起一条丝线，便一发不可收拾，那时还年轻，那时还会爱，那时还有期待，那时还轻狂，那时还有梦。
在海边时我多么想你,9.0,2017-4-16 16:53:06,在熟悉不过的剧情，在难以忘却的旋律，可是依然挡不住到影院里还了星爷一张电影票，也给了自己有一次的感触！有过初恋的人，都会在心中有过一个紫霞或是晶晶。错过初恋的人，应该都会懂得在心里有过一滴眼泪的痛。上天的安排最大，如果今生不能在一起，就如一只狗吧。或许只有来世在相见的安慰了。
M_1308261510357402101,10,2017-4-16 16:37:29,致敬青春
阿梦SUN,8.5,2017-4-16 13:33:40,星星粉又去看了一遍，其实看原版就够了。本来就是经典，配乐，感人的感情线，台词，演技，很多方面都很出色，每次看都哭。
王-子孟,6.5,2017-4-16 9:25:22,可能是原来没看过吧 以现在的眼光看设计剧情都有点诡异了
 Lok666,9.5,2017-4-16 8:33:49,朱茵太美了
声色画报,10,2017-4-16 0:33:46,看的加长版，也就开头多了一组镜头，片尾加了很多NG镜头。虽然制作粗糙，但当时的创作激情和颠覆恶搞精神也的确达到了巅峰。
恶魔七七,6.0,2017-4-15 22:33:10,之前没看过，有机会重映来看一下。不得不说周星驰是个鬼才，这个电影放在现在依旧不过时。
A龍,,2017-4-15 22:23:21,不要花钱看了  剧情跟老版的 没多大变更   还不如在家看
BobLiFanye,7.7,2017-4-15 22:22:09,所谓的加长版就是多了个详细的前情提要和一开始青蛙精和孔雀精表兄弟[捂脸]
Estar,9.0,2017-4-15 20:55:22,情怀，不喜欢那种十年前十年后不同感之说，论无厘头笑点，大圣娶亲不如周以往的片子，他更注重故事性。所以感触更深。另外紫霞真是太美惹
键盘兔獭,10,2017-4-15 20:30:03,哈哈，满分是给原来的版本，现在看情怀是有，感觉没有原来那么强烈了。
zouzg1992,10,2017-4-15 19:30:11,满满的回忆，经典
我草草草草草,10,2017-4-15 18:31:29,我的意中人是一位盖世英雄!!
道友明,8.0,2017-4-15 18:24:29,分数是打给原版的，新增的情节显然是画蛇添足
金刚不败,8.0,2017-4-15 17:51:42,我的意中人是个盖世英雄，我知道有一天他会在一个万众瞩目的情况下出现，身披金甲圣衣，脚踏七色云彩来娶我，我猜中了这开头，却没猜着这结局…20多年过去了，看着大银幕上的朱茵，就是放在现在，绝对也是一股清流。
黑眉鸟王1560600,8.0,2017-4-15 17:16:15,虽然今天带小孩看了，但效果并没有在家看港版DVD好
AiroOmb,5.0,2017-4-15 15:33:34,又来卖情怀
孟小四的时光,8.6,2017-4-15 15:04:15,二十年前看是夸张胡闹的喜剧，二十年后看是痛彻心扉的悲剧
lee雨霖,9.3,2017-4-15 14:03:59,青霞和紫霞是灯芯，预示着最后被燃烧的结局。
小鹿1550120,8.0,2017-4-15 10:00:44,那些经典的台词和桥段一直在我脑海里，却很难拼凑成完整的故事，今年又在大荧幕出现了，一下连起了那些片段。我不觉得我欠谁的电影票，但这次和老公一起去看，看的是情怀，看的是美若天仙的朱茵，和干净帅气的周星驰。特别提醒大家，一定要看彩蛋哦����
晴朗_514449860,8.0,2017-4-15 6:46:03,还不错，不管是不是老剧情，时隔这么多年，再看一遍，依旧有不一样的体会，代表了一代人的回忆，经典不朽！
i影迷_,7.0,2017-4-14 23:07:15,加长在哪里
胡漂一叶,1.0,2017-4-14 23:00:26,这种无聊的烂片...
M_1506161149597071793,10,2017-4-14 21:09:57,评分给的是回忆，同时也是给的是朱茵，周星驰等这些演员
LiMjsTory,9.0,2017-4-14 20:38:21,看到最后在城墙上的那深情别吻，忍不住了。
江小贤,8.9,2017-4-14 20:21:03,大屏幕上的朱茵美得不可方物，一笑一颦一邹眉都让人心生荡漾。星爷那时候也是干净帅气。片尾的小花絮蛮好玩，接地气。
Gru说是他表弟,10,2017-4-14 19:35:22,加长版居然换配音，差评
胡桃核,9.0,2017-4-14 17:31:09,关于加长部分，之前为啥会删掉，大家自己想吧，千万等到最后，特大一彩蛋，很多未公映的剧情
时光原田,8.0,2017-4-14 16:10:00,那时候朱茵莫文蔚蔡少芬都好漂亮。
三水寿双人余,9.0,2017-4-14 10:42:30,添加的都是紫霞仙子的部分，不过也终于解了孔雀的谜～没想到这么逗比。其实还是删减了一部分，还重新配音了一部分。总体的感觉还是好的，要是每年上映，我大概会每年都看一遍吧
芳菲小豬,9.0,2017-4-14 10:41:13,那一年，梅尔吉布森是奥斯卡最佳导演。奥斯卡影帝尼古拉斯凯奇还从不演烂片。双休日开始实行每周不再只休一天半。刚出道的汪峰还不敢妄言自己是摇滚歌坛半壁江山。张惠妹那时还叫sherry，谁都想不到下一年她的那张《姐妹》专辑会大卖108万……最有趣的是，那一年，上映了一部叫做《大话西游之大圣娶亲》的烂片！
天天1119926,10,2017-4-14 1:21:41,不错，电影院里看，不一样的感受，好亲切，搞笑的地方搞笑，伤感的地方伤感，感觉每一帧都是经典。
天刑巫,8.0,2017-4-13 23:56:55,看到哭，上天安排的最大嘛，当你明白舍生取义，你就会回来跟我一起唱这首歌。让我们立即开始这段感情吧！只恨太匆匆
AlecSun,9.0,2017-4-13 23:28:33,记得95年录像厅看过上集，笑傻！后面vcd出来后才知道还有下集，但是没有上集搞笑并且没看懂，后面网络发达全部看过后才知道星爷和技安的用心，今次就着16分钟未公开版来充值回忆，完全被坑啊，最后就给点花絮凑数，此处省去一万字。。。还好是真经典，真正的好东西永远值得回忆。
M_1403280829245951280,1.0,2017-4-13 23:15:39,居然看到睡着
漫威彼得,10,2017-4-13 23:03:28,一万年太久，只争朝夕
jamshield,,2017-4-13 22:50:40,我们都欠周星驰和朱茵一张电影票，欠至尊宝和紫霞一次起立式的敬礼。大话西游，是情怀，是微笑，是满场落寞的哭泣，是结束时爆满的掌声，是挥手告别过去的自己，是卢冠廷的一生所爱，是那个无法相爱的至尊宝和紫霞仙子，是仍在赎罪至今未娶的周星驰。曾幻想着自己是那个披着金甲踏着祥云的大圣，到最后却成了那条无能为力改变却只能妥协一切的流浪狗。此情可待成追忆，只是当时已惘然。
一生所爱cover,10,2017-4-13 22:49:40,一部电影，可以让我每看一遍都不腻，都能找到新的感觉。就算知道情节，也会被感动，从小到大，也就这一部电影可以做到。爱紫霞的天真，对爱的单纯，纯粹到甘愿被骗。
keke_195477411,8.0,2017-4-13 22:29:54,加长的剧情不多，看的是情怀。以前的画面太黑，打斗场景看不清，这次终于看清楚了。
杰佬_366251727,10,2017-4-13 22:27:08,经典！
鲸鱼君,10,2017-4-13 22:25:02,《大话西游之大圣娶亲》：由于多加了两味食材，这次的冷饭值得一炒。一是逐帧修复的2K高清画质的确不错，细节纤毫毕现，你会发现原来黑风岭那一段其实原本是在下雨的。二是未公开过的片段，主要是在开头段落，雪蛤王和孔雀精为拔宝剑大打出手，虽无关紧要但还挺逗趣。可惜不足是配音有点糟糕，并非原来的味道。★★★★
天凌Mtime,8.0,2017-4-13 22:17:08,不能说每看一遍都有收获，但每看一遍都会被感动。当最后的《一生所爱》响起时，当大圣最后那一次回眸。还是动人的。几个五百年，几段缘。
小白leady,8.8,2017-4-13 21:52:46,结尾这段还是让我湿了。。。。
Super丶大坏蛋,10,2017-4-13 17:01:29,朱茵女神那时候真的是女神，记得有个片段至尊宝说孙悟空好像条狗的时候，紫霞回头看的时候眼睛里有种让人心疼，紫霞那时候演从内到外的女神，现在的女神看的我都得脸盲症了，
yesyesgirl,9.0,2017-4-13 10:48:14,我总会有事没事的把这部电影拿出来看看，还是一样的会笑会哭会心动。
混不起来的魔王,10,2017-4-13 9:53:59,不需用一部好电影绑架星爷谈情怀，大话西游的解构性经典是永恒的，它纯粹就是一部很好很好的电影罢了。经典重映，永远选择观看，去电影院看电影是一种仪式感的视觉盛宴，有些人永远不懂。
悟空影评,9.0,2017-4-13 8:51:30,新加长版在色彩饱和度上就下了大功夫。尤其紫霞仙子一出场时，她的红唇水嫩鲜艳犹如一颗刚刚采摘下来的樱桃，娇面更白皙，眼神更灵动，对比度增加让沙漠的轮廓更清晰。我特意在看片过程中搜索了原版本同镜头截图来对比，发现修复版本确实好看不少
草熏风暖,,2017-4-13 7:54:25,希望是一部有意义有情节打动人的好电影！
柒号槿,10,2017-4-12 19:41:53,怎么说呢 一直以来都觉得那些大谈情怀的人让人觉得超反感 在大话西游面前 反正我在最后是真哭了 这和情怀没有半毛钱关系 是这部片子真的就是好！
独自哥哥,8.6,2017-4-12 14:57:25,http://murl.tv/iPy5 加长版《大话西游之大圣娶亲》 http://murl.tv/iPy5
玄八,,2017-4-12 11:01:16,炒冷饭
春天莱了,,2017-4-12 9:28:04,期待
M_1407252009407338571,10,2017-4-11 15:40:03,无法复制的经典
鬼畜的一击,9.0,2017-4-10 19:29:59,看了点映，值得回味的片子，每次看的笑点和泪点都不同，圆那些没事儿就嚷嚷说欠了星爷一张电影票的人一个梦，希望这些人真的去买票
Harrydor,9.4,2017-4-10 16:17:56,无限的回忆与感动。
animobcat,9.0,2017-4-8 18:19:03,想知道是不是粤语原声
七七家d猫猫,8.0,2017-3-30 13:35:54,命运的轮回和交错，一次擦肩而过造成了几世的遗憾，那灿烂的笑颜沉淀为心间最美的一滴泪。所有的所有，就好像一个永远都醒不过来的梦，猜中了故事，却没有猜中结局。少了前作的无厘头，却在嬉笑怒骂之间将那纯粹而真挚的情感娓娓道来，笑着笑着，就哭了。无意间铸就的经典，朱茵真女神！
幽灵终结者,8.0,2017-3-28 21:33:33,额。。。加长版，加好长呢？
dis·,8.5,2017-3-28 17:08:23,当年的刘镇伟，导演，编剧都是巅峰状态啊，十年前是笑着看完两部的，十年后是哭着看完两部的。这已经是关于孙悟空超我的标杆级的表达了，也许不会再有能靠近这水准的电影了。。。
Homkee,10,2017-3-26 17:02:25,我佛慈悲，阿弥陀佛...
守望者859562,8.0,2017-3-25 23:22:48,一直没搞懂明明海报上名字是仙履奇缘，片名却叫大圣娶亲？真么多年都没想明白。
韩闻,10,2017-3-24 16:14:12,必须十分不解释
sinian092,8.0,2017-3-24 16:00:47,朱茵好美
_528717970,10,2017-3-24 11:07:31,好期待
正牌小津子,9.0,2017-3-23 20:50:49,有人说台湾版的有130分钟，现在大陆加长版才110分钟，我认为应该把台湾版的引进到大陆来上映才对锝起我们这些星爷迷，我想看来只有统一台湾才有可能!
读着倒要不,10,2017-3-22 11:56:21,从笑到哭到笑着哭中间隔了好多年
VanessaSmiley97,9.1,2017-3-6 10:24:37,或我应该相信，是缘分。
ZZ丶F,8.4,2017-2-14 16:36:18,重新回顾 笑着笑着就哭了 一生所爱
warneren,1.0,2017-2-8 9:28:41,从这部电影开始走上恶搞西游，糟践经典的不归路！
lbtz,6.0,2017-2-6 23:38:56,第二部一般
怪事,7.0,2017-1-29 2:12:47,刘镇伟不小心造就了个穿越故事的经典，绝对是意料之外的。虽然结局感人，但至尊宝和紫霞青霞的爱情完全是毫无征兆的突兀。甚至对第一部白晶晶真切爱情的打脸。因为漏洞多了，留白多了，使人多了很多过解读。如果没有卢冠廷的一生所爱，这片可以扣1分。
伊儿,9.0,2017-1-28 21:17:00,“曾经有一份真挚的感情摆在我的面前我没有珍惜，等我失去的时候才追悔莫及，人间最痛苦的事莫过于此，你的剑在我的咽喉上刺下去吧，不用在犹豫了！如果上天能给我一次再来一次的机会，我会对哪个女孩说三个字：我爱你，如果非要在这份爱上加一个期限，我希望是一万年！”。当年收到情书时，也有这么一段，搞笑意味十足，但看过这部影片的人都会被上天注定的爱情打动。
Velvetmorning,9.7,2017-1-13 14:59:38,有浪漫主义的愿景实现就够了，即使结局是悲剧，何况结局也是浪漫的，孙悟空的出现带着神力、大爱无欲和凡人小爱的交织和矛盾。我还需要看别人的解读才能理解得彻彻底底，恍惚的“经典”感觉让我陶醉了，那个时候听一生所爱才会好听和心酸
狂热信羽,10,2016-12-7 12:33:39,最后那个吻和那首歌。。。
王小vin,8.3,2016-11-13 17:11:35,重温经典还是经典好棒好厉害
xcystar,8.8,2016-10-29 19:20:44,爱你一万年
timothy2kwan,8.5,2016-10-24 21:08:15,经典不能复制！
绝世好贱,10,2016-10-23 21:18:27,百看不厌 表面喜剧 深层悲剧
mvlege,8.5,2016-10-20 23:49:37,取经路上的那段故事，也许不为人知晓，却铭记在心。
casers,9.0,2016-10-10 19:36:07,经典
秃鹰2817819,10,2016-10-2 2:00:57,刘振伟的爱情世界一定也是非常丰富的。对比了3，3更是以后会成为金典。
plmokmi,8.3,2016-9-22 1:19:22,爱一个人好难，前世曾经相遇，希望五百年后你能幸福
icelove冰拥天下,9.1,2016-9-21 15:14:37,至尊宝爱的是白晶晶，白晶晶最爱的是孙悟空，孙悟空爱的是紫霞，紫霞最爱的是至尊宝。每个不同时空遇到不同的那段奇缘，有着不同的心跳。无厘头喜剧的巅峰之作，这不是传统意义上的爱情片，但爱情却令人唏嘘。我的意中人是个盖世英雄，有一天他会踩着七色云彩来娶我，各种经典台词和对白
百家影评,8.0,2016-9-19 11:13:10,二十年前周星驰电影一度被某些所谓资深的演艺前辈认为是，文化垃圾，低俗，甚至瞧不起周星驰电影。二十年后，周星驰的电影观众越来越多，他的电影越看越经典。而当年骂他的那些思想封建的演艺圈前辈，如今被人们遗忘的遗忘，进棺材的进棺材，而周星驰却依旧大火！
Sweetzhu,9.0,2016-8-20 16:08:13,谁叫我身手不凡谁让我爱恨两难到后来 刚肠寸断
王奋斗,4.0,2016-7-16 10:55:13,本片是一面照妖镜，一下子就可以照出那些装逼的人！装逼的人既有酸臭的文人，也有无脑的市井小民，他们都大呼“经典”“深刻”“隐喻”。从技术上看，本片是纯粹的拼凑之作，没有宏观把握，叙事混乱，情感造作。在中国大陆，本片被像《红楼梦》一样神化了，所有对本片的客观评价都会遭遇辱骂、痛斥、封杀。
lulusw,8.0,2016-7-10 20:25:33,周星驰自己也无法再超越的作品
游牧人,10,2016-7-4 23:43:15,很完美，绝对不容错过
某-某,10,2016-5-26 22:49:01,当因为看了很多遍以后对那些无厘头的搞笑梗有了免疫力不再笑的时候，却还是会因为那段没有结局的感情而流泪。
rainbear,7.0,2016-5-5 17:26:30,先看的第二部，确实看得很混乱，没看明白，直到看了第一部后脉络才渐渐清晰。
为红颜一醉,10,2016-4-23 21:44:51,一生所爱。
MonAmie,9.0,2016-4-20 19:33:20,独一无二的孙悟空，独一无二的紫霞仙子。如此与众不同的无厘头却成为了一部经典，百看不厌。
莈洧洳菓,8.6,2016-3-29 17:31:07,一生所爱，万世凄凉
yykaren,8.4,2016-3-17 13:14:33,在大话西游在大陆红起来之前，在大家想出无数解读之前，当这部电影在香港刚刚上画的时候，我就觉得周星驰的表演应该拿一次影帝，因为他的表演的确很精彩。结果他只拿了金紫荆影帝，没有再拿到任何其它电影奖的影帝。周星驰没有因为审死官和这部电影拿影帝是最让我觉得遗憾的事，而少林足球和刘青云的我要成名居然拿了影帝让人明白到所谓奖项只是一个游戏，没有任何别的意思。
林志颖,9.0,2016-2-20 1:19:46,开场音乐有股蛋蛋的忧伤
Gamble,8.3,2016-2-7 14:07:05,真正的好电影，在不同年龄段看，是会有不同的感悟的，记得第一次看是在小学，嘻嘻哈哈的看完了，昨晚又看了一遍，却哭了。至尊宝穿越500年为救白晶晶，却一次次的错过机会，等他真正遇到白晶晶时，却发现自己爱上了被自己欺骗过无数次的紫霞仙子，最后他真的变成孙悟空去救紫霞的时候，两个人却也永远不能在一起了...
司小幽,9.0,2016-2-3 20:56:53,孙悟空从此入列我的男神啦～～踏着七彩祥云～～
独钓寒江雪,10,2016-1-17 23:33:25,转身即天涯，他好像条狗啊！
漫威彼得,10,2016-1-17 9:51:17,大话西游成了一代人的记忆，准备再看一遍
番茄的梯子,10,2016-1-15 13:36:17,经典不容错过
Echo咿呀,9.0,2016-1-13 0:22:57,二刷依旧哭得稀里哗啦
沈绿枝,9.0,2016-1-12 17:44:45,先看的大圣娶亲，再看的月光宝盒，有一种微妙的感觉。先看的悟空传，在看的大话西游，有一种原来如此的感觉。
AWC奧奧,8.0,2016-1-12 13:46:21,经典中的经典
你不懂我的心,7.0,2015-12-21 20:06:11,原来是个爱情故事，爱情的真谛就是珍惜眼前人。
军树龙,9.5,2015-12-7 18:38:48,经典，感人
Mok_莫奈,8.0,2015-12-4 23:50:24,隔些年就看，每一遍感受都不一样
给我只小猴,8.0,2015-11-29 13:01:35,心疼紫霞 ˃̣̣̥᷄⌓˂̣̣̥᷅
神的孩子都舞蹈,9.4,2015-11-28 22:18:13,找了好久才找到这部电影，不如第一部搞笑，但依旧很无厘头，很逗。这部更加温情与细腻，许多台词都成为了名言，画面都成了经典画面。如此经典的港片，不得不看呦！！！
神的孩子都舞蹈,9.4,2015-11-28 22:15:26,找了好久才找到这部电影，不如第一部搞笑，但依旧很无厘头，很逗。这部更加温情与细腻，许多台词都成为了名言，画面都成了经典画面。如此经典的港片，不得不看呦！！！
Queena217,8.0,2015-11-28 9:19:41,故事真的很好，最后感人镜头的手法也好棒！
慎重修改,8.1,2015-11-14 14:50:36,曾经崇拜无所不能的英雄，现如今，最低姿态出现的男人。英雄？怎么不问问做英雄的代价？一个男人的无奈，他好像条狗啊！一切闹闹哄哄，不过是水帘洞躲避风沙那晚的一个梦，了无牵挂！
Hevoli,8.0,2015-11-12 17:35:57,不只是大话西游，星爷的电影从小就在电视台不断被重播，很多都不知道自己看过多少次。已经忘了第一次看大话西游是什么时候，或许是小学或许是初中，但我一直记得那时候觉得它不知所云，于是后来很多次都很想转台，也不懂为什么我哥那么喜欢看。好久以后有一天，当我看到结局，歌声响起，心酸到哭了。
washighton,8.1,2015-11-5 21:33:14,一生所爱
大傻的傻祖,9.0,2015-10-14 7:20:04,最感人的喜剧片
机机歪歪,10,2015-10-5 9:09:48,一代经典！
Dwarf,9.4,2015-10-1 0:30:04,看到泪流满面，终于明白为什么曾经有一位老师说她最喜欢这部电影了。
上帝视角GodView,10,2015-9-26 19:27:45,看多少遍都依然会泪流满面
上帝视角GodView,10,2015-9-26 19:18:35,中国电影巅峰作品
RUST,9.5,2015-8-29 22:22:10,一场精美的爱情奇幻，一片属于中国的时代烙印。
唯爱,9.0,2015-8-25 14:41:23,不知道自己为什么会翻出这么老的片子出来回味，又不知道自己为什么哭的稀里哗啦（只以为是个泪点很高的人），只是被他们深深感动了。不求那个七彩云霞来娶我，只求他爱过我。
瞥未草青,8.0,2015-8-16 16:18:06,想去银川
7S记忆的鱼,8.5,2015-8-5 0:14:33,当我明白你前世的爱，我已不是自由之身，我甘愿戴上生活的紧箍咒永远放开了你的手，如果上苍能让我重来一次，我会有一万个理由和你一起去私奔，而今世的我做着一条生活的狗，在5毛钱特技的神话故事里流现实的第N次泪。
·DHW·,9.0,2015-7-26 18:11:55,巅峰之作。
大西洋两岸,8.0,2015-7-22 21:41:49,《大话西游》系列奇妙的地方就在于，第二部既不是续集也不是前传，是整个系列的精华，但没有第一部它就不会这么精华，而看过它才会发现第一部原来也比单独看的时候更好看。也许我们每个人都是一只猴子，无论怎样想逃避，最终都会在一条艰难的道路上孤独的走下去。曾经阅千帆阅尽，所幸血仍未冷。
菲林,9.5,2015-7-19 23:40:54,我这辈子都不会走，我爱你！
细细個,7.1,2015-7-3 12:29:16,星星映象②⑤
斯内普hp,10,2015-6-28 0:21:57,难道真是一场梦而已？
小伟爱电影,8.6,2015-6-13 21:49:52,以前看就哭了~经典得不能再经典了。
千山万水,9.0,2015-5-25 19:54:40,神仙也逃不过情爱，爱又多美好，就有多痛苦
sj9202,10,2015-5-20 21:46:17,你注定，孤独一生。。。
业余电影,10,2015-5-16 23:54:12,十年前看笑了，十年后看哭了
mika3627621,10,2015-5-8 2:27:48,很完美，绝对不容错过
F-22小只钕,,2015-5-7 4:45:51,只羡鸳鸯不羡仙
zhou07,6.4,2015-4-21 2:05:48,一般，不妨一看
漫伽,10,2015-4-12 23:44:52,很完美，绝对不容错过
咬你的尾巴,10,2015-4-12 22:22:59,紫霞，让我如何不爱你
李筱楼,10,2015-4-11 20:44:24,他好像一条狗啊。。。
淡水,9.1,2015-3-29 11:21:38,很完美，绝对不容错过
暗战2,9.0,2015-3-23 18:45:37,罗家英好像只演了一部吧，怎么要两部的片酬呢？
依依Eva,8.9,2015-3-11 1:59:09,看第一遍时觉得好烂，没一会儿就弃了；看第二遍时觉得两人爱得莫名其妙，只是笑得很爽；今晚看了第三遍，把自己哭到内伤。
schwifty,8.0,2015-3-9 15:51:38,很好，公认的佳作
cavalry,9.0,2015-2-25 19:33:16,西游故事被完美的改编为另一个难以逾越的经典。这一部中朱茵一出现就占据了故事的中心，光芒四色，结尾当她死去的时刻，所有的男性观众都会会想到自己失去的爱情，内心充满悲伤和愤怒，而这时至尊宝用牙咬下牛魔王一块肉给出了最为合理的发泄，这就是神片的节奏吧。
sweety1114785,10,2015-2-21 19:04:30,很完美，绝对不容错过
虞修昊,6.8,2015-2-19 16:51:43,"周的片子里,唯一不理解的就是这部片子在其个人影史的高度"
暖暖3139492,,2015-2-7 15:43:55,小时候看着笑，长大了看着哭。
xdlhit,,2015-1-23 23:58:03,回过头来看，突然很有感触。
KGest,10,2015-1-15 22:23:19,周星星也是一生所爱
