Xeon-H,9.0,2019-4-10 3:24:32,从纯电影的角度来看，这部电影已经超越了多数都市爱情电影。在飘飘然的叙事中，观众完全沉浸在杨千嬅和余文乐的完美的荧幕化学反应中，以至于完全没有意料到结局这么快到来，整个过程愉悦又令人动心。
Darknight,6.5,2019-3-9 21:43:44,20090219——n 55!w !有些事不用一晚上昨晚，反正真爱不赶时间。
uu爱,7.0,2019-2-14 18:33:11,一般，不妨一看
兔子,7.7,2019-2-12 15:00:20,之前的爱情就这么被美化的破坏了，仿佛受伤的那些人不重要到后续都不用出现了
管自力,9.1,2018-9-8 20:46:00,舒缓的节奏，港式爱情片的巅峰之作，8年之后依然怀念。
olarer,8.3,2018-7-28 21:22:32,非常喜欢的一部 片子， 节奏非常非常舒服。
酒鬼喝茶,7.0,2018-6-24 14:07:20,有点意思，不按常规套路出牌。
达利,7.2,2018-6-10 23:38:25,挺舒服的一部爱情喜剧。
aflyingcactus,7.0,2018-1-8 8:16:53,感觉应该比2强一点，因为出去抽烟而举例产生的情缘，男主非常的玩世不恭
晕晕下Novak,6.7,2017-11-28 21:46:25,就，比较典型的港片风格和套路，至少整个故事线条是清晰的，也有一定的深度，算是爱情片里面的一部佳作了。
闻者,6.2,2017-10-14 9:56:56,之前看过，没印象了，又看了一遍，也没有特别喜欢。
怼影,6.0,2017-8-13 18:43:00,琐碎的小破事，感情细腻的人一定爱看。
Harrydor,7.0,2017-7-17 19:20:24,比较普通的港片，比较细致的描写了香港人的爱情吧，尤其杨千嬅演这类的角色简直手到擒来。不知道为什么在时光评分会这么高？香港的恋爱观跟内地明明有很大不同啊。无聊可以一看，看完就算，这部戏被奉为很多情感专家的爱情宝典，真让我理解不了。
凭空消失的猫,8.0,2017-7-16 0:41:38,很久没看港片啦。其实说实话看得港片类型不多，这是第一部非动作非警匪非纯无厘头喜剧的港片~拍得很细腻。杨千嬅女神真的是很有特点又有气质的演员啊。
你不懂我的心,7.0,2017-7-7 10:11:05,一口气看了三部曲！第一部最好看！
忻小小,8.2,2017-7-6 9:26:13,春娇为了接近喜欢的人学会了吸烟 志明担心春娇的健康决定和她一起戒烟 志明与春娇因吸烟相识 因戒烟相伴 缘分真的很奇妙 
熊熊大水,7.8,2017-6-14 12:53:18,恰到好处的爱情小品，正点！
Sweetzhu,8.0,2017-6-8 21:07:41,暧昧情愫，小细节演的蛮到位，粤语很好听啊~
查美乐,7.0,2017-5-27 14:34:03,只想说他们真会玩，不同的人，果然会遇到不同的爱情。
盛一阁,8.0,2017-5-10 13:12:43,它让重新咀嚼了一遍自己的青春。
家生,8.0,2017-5-7 20:28:31,看破不说破
Lector-iz,8.0,2017-5-6 13:12:19,《食烟男女》
断尾猴,7.8,2017-5-6 12:30:33,吴医生曾说：你们这些人交往提前也不说清楚，真是不靠谱。
KraT03,7.0,2017-5-5 8:14:57,挺好
菲林,8.0,2017-5-5 8:07:47,紫色头发真好看。只有7天啊，感觉像认识了很久。因聚众抽烟结缘，一切似乎都很顺理成章。我也想买干冰。i n 55!W ! 丧丧的没有干柴烈火的爱情片。
柳风哥,5.0,2017-5-3 22:31:41,专一的我只能打低分
如果白色,8.0,2017-5-1 22:59:23,2010年的爱情片，找到并且追下去
昆丁塔伦蒂诺的影迷,8.0,2017-5-1 19:46:18,回味余烟~
阿飞扬,9.0,2017-5-1 17:20:23,这么一部片子居然排到了华语电影前100，看来经典电影和古不古没关系，而是是否接地气，讲出了现代人真正的生活状态及心情
highigher,8.0,2017-4-28 22:29:08,因为她而看，就是为了不想成为她的张志明
毒舌X小姜,7.4,2017-4-28 2:33:05,回味余烟~
september077,8.0,2017-4-20 17:11:00,故事太简单，太香港，街头巷尾类似景象很多！主角不过两个地道的老烟民，但却实实在在呈现当代男女恋爱观。
八八戒,7.1,2017-4-18 2:35:07,禁烟好啊，可以认识更多妹子
水晶虾饺儿,7.1,2017-3-25 17:35:12,禁烟令让人不再限于小格子里，到有了相互取暖的感觉。
feifaye12,7.0,2017-3-16 1:07:25,有点味道，很细腻～
妙妙兮,8.0,2017-1-4 18:55:07,这才是爱
谢稚珊,8.0,2016-12-29 15:19:33,这个世道，志诚的不倜傥、倜傥的不志诚。标致的欠老成，老成的不标致。痴心的无家世，富贵的不痴心。温柔的没主张，有主张的忒横。端的是：满目河山空垂泪，放眼神州更无男。
鲍鱼鱼翅汤,10,2016-12-10 0:05:38,从此爱上了张志明！
Florababy,8.0,2016-11-15 21:38:22,我也大他四岁，他也高我很多…
众人退至吾身后,7.0,2016-10-23 9:49:29,在这种节奏下的都市男女，有好结果不是一件容易的事。
斯坦妹妹,10,2016-10-17 16:17:00,in 55!W !
adam夢龍,9.0,2016-10-15 23:38:32,n 55!w !
JamieLeung,8.2,2016-8-16 20:25:27,和那些妖艳贱货就是不一样啊，一股清流般的电影，大爱
阿姐的阿杰,9.0,2016-7-28 18:13:58,都习惯了。
JAY2090769,8.1,2016-7-14 21:56:23,整个故事发生在一周之内，像极了我今年7月初的经历，这部爱情小品简直自在到了极点，太接地气了，第一次觉得杨千嬅这么有魅力，我要看第二部了。
福尔猫斯,7.0,2016-6-7 9:51:25,看似流水账，但其中的情节都是精彩
红薯Yam,9.0,2016-5-17 23:48:43,重温
AwinL,,2016-5-5 10:54:36,我就想问春娇前男友是怎么知道那条短信要倒过来看的！
漫伽,7.5,2016-5-3 23:19:27,有些事，不一定要一个晚上做完
_Asuku,8.0,2016-4-11 15:15:17,余文乐终于找到了适合自己的角色。
beEnterprising,7.6,2016-4-2 15:43:42,挺好的，杨千嬅演的很棒，蒙太奇很有意思
莈洧洳菓,8.2,2016-3-29 17:38:43,爱情如烟丝般盛气凌人的绽放
咸蛋超人,8.0,2016-3-17 21:45:54,我们又不赶时间
MonAmie,6.0,2016-2-27 16:00:47,茶余饭后的爱情故事。
yttony,8.0,2016-2-19 19:00:37,春娇
遥遥1947,7.4,2016-1-19 23:30:31,买凶拍人让我对彭浩翔始终有阴影，这片儿拿来看也算是一个释疑，很久之前的一件往事留下的一丝疑问，像是一缕青烟一般有点儿蹊跷。看了以后发现这部香港爱情故事说的感情也就是一支烟的热量，对我疑问没多大帮助，电影本身，导演的驾驭能力得到了很好的体现，都市男女淡淡相互追逐却还是那么令人生厌。
爱读书的猫,7.6,2016-1-2 2:35:16,坐标为香港的爱情电影，烙上了香港这座有着独特魅力城市的印记。喜欢余文乐和杨千嬅的表演。
JealousJean,,2015-12-28 23:28:52,这样契合的两个人，不在一起就不对了。
spike1623990,6.0,2015-12-14 17:22:30,很一般...
CDtrick,7.9,2015-11-15 15:32:38,港味挺浓的爱情片，简单的故事，拍出绿茶和樱桃的组合，清爽又好味。
惊云逐日,7.4,2015-11-12 20:56:31,只是不想浪费时间
絮鱼解,10,2015-10-18 16:28:15,本来分项打的分 可怎么感觉都是满分
绯色_神仙,6.0,2015-10-9 17:24:21,炮友的故事
夏目透,8.0,2015-10-2 23:06:20,对人物情感的细微把握真是很厉害。赞！
星辰海海,7.0,2015-10-1 22:19:21,满满的是暧昧
大豆小麦之大豆,8.0,2015-9-15 21:13:13,有些事 不必要一晚上做完 港台爱情的味道
le_siel_est_bleu,8.0,2015-9-5 22:06:02,看着很自然舒服的爱情片
瘦子神马的,8.1,2015-8-30 22:19:56,才看的 找了粤语版 很正宗港味现代爱情故事 喜欢杨千嬅了
开罗的紫玫瑰瑰,9.0,2015-8-22 12:33:42,每位男生浪漫的方法不同，要找懂你的那个人，这里突然想起伍迪艾伦《安妮霍尔》中两个桥段：当他与安妮在一起时，两个人即便是在厨房里抓龙虾，也有很多爱的火花；然而当他与另外一个女人一起，同样的桥段，对方却一脸爱莫能助的表情。《志明与春娇》也有异曲同工的场景，张志明把干冰倒在马桶里为春娇搞浪漫，这或许他是对每一位女朋友都会做的事情，然而前女友却觉得他幼稚，大幂幂觉得马桶脏，唯独春娇一个人能懂，并且也觉得很好玩。
西门子,7.7,2015-8-16 18:06:46,男女间你猜我想的小心思都被志明和春娇演绎得淋漓尽致。
小伟爱电影,7.8,2015-7-28 21:23:49,这部作品算是另类的爱情片了，不仅是说两位主角的”红娘“是都在严禁的香烟，更加是说脱离一段已有的感情，奔向另一段心所属的感情。杨千嬅和余文乐的表演自然，亲切，很有代入感。
yykaren,9.0,2015-7-17 12:10:42,彭导演最好的作品，2000年之后最好的电影之一。
超爱电影的铃兰花,10,2015-7-16 0:38:15,很完美，绝对不容错过
谢若言,10,2015-6-28 20:14:44,暧昧弥漫 寂寞仆街
Nicole_Yin,8.0,2015-6-23 20:16:59,呐，这真的就是王八看绿豆，对眼。兜兜转转绕不过。
AWC奧奧,7.8,2015-6-14 11:17:23,好久没看港片，正好戒烟期间，终于找回一点当年的感觉，彭浩翔点赞！小成本，新角度，拍出让人记住的爱情片，杨千嬅纯生活化的演技不拿奖都没道理，余文乐演技略逊，整个片子看起来很舒服的感觉，虐死单身狗
心茶,7.0,2015-5-28 16:02:20,不喜欢张志明这种幼稚又自私的类型。只能说，问世间情为何物，不过一物降一物。
神的孩子都舞蹈,8.4,2015-5-9 23:54:29,没有想到，电影可以这样拍。104分钟就描绘出了7天时间，就围绕着抽烟的故事，那么一件小事，竟然可以拍得那么有趣。台词很黄很暴力，但是细想想却很有趣，不错的港片！！！
梦的河流,7.6,2015-5-7 19:07:30,抽烟抽出爱情~
cat喵咪,7.0,2015-4-13 22:21:55,还蛮搞笑的 没看之前以为是浪漫的爱情故事 因五月天的歌才知道这部电影 还以为有关系 没想到除了名字一样其他都毫不想干 哈哈。。。
纠结爱,,2015-3-12 21:51:43,第一次看志明与春娇 真是被开头吓到了 诡异的前调 作为一个大一的小女生 在看完之后哭的稀里哗啦 因为想到初恋了 如今 大四毕业季 和啊六在一起后 又翻看这电影 发现可圈可点的地方变多了 还是志明那句话 我们又不赶时间 然后 又突然发现 原来我的张志明竟然是第三者 哈哈哈哈哈 依旧好评 love in a puff
冰塘蟹蟹,6.0,2015-3-10 11:07:52,感觉挺一般的没全看完。不太喜欢这样的剧。
石头菇凉,9.0,2015-3-5 20:50:48,把爱情描写的好细腻，一点都不做作 很真实 很窝心
Pires,8.2,2015-2-15 15:30:27,港式都市爱情剧的最佳之一，市井和文艺气质结合得恰到好处，香港味道渗于四处却又不会过于浓烈。描绘了现代都市人心中的理想图景，但这过程是徐徐渐进的，又扎实在每个人最熟悉的日常当中。能打动人又不做作，正是彭浩翔功力的体现。
RMLLGEGD,8.0,2015-2-13 21:03:22,"配乐挺符合轻松爱情小品的..和买凶拍人类似,这部又有一些访谈的镜头,这片有部分片段会让我想起500days with summer..彭导整个电影的切入点是挺好的,虽然是三级片,但的确挺纯情的..故事从平常生活点滴说起,等待手机短信,K歌房,路边闲逛,这些都是简单而又贴心的经过..虽然春娇不是个人喜欢的类型,但是从她紫色的活泼中也能看到闪光,倒是余文乐好有文章那种呆萌..有些事.不用一个晚上做完的，我们又不赶时间"
明益虎,7.4,2015-2-9 21:29:44,女人的感觉男人难理解，男人的世界女人难体会。难，烦。
大西洋两岸,7.0,2015-1-30 15:25:31,港片试图最大限度的融入内地之作。没去香港前觉得香港不就是中国嘛，但实际上差别还是蛮大。对一个久居香港的人来说，北京至少在视觉上就是荒漠，气候不好也不方便更不国际化，还有脏乱差之嫌，还是真的很难适应。一部用了心娓娓道来的片子，颇具幽默不算狗血还颇为冷静，再加上对两地差异独到的见解，还是蛮不错的爱情小品。
超级maggie,7.8,2014-12-23 23:00:31,导演对男女之间情感还是很有见解的
lightshadow,7.7,2014-12-19 10:20:15,去深夜看的一部电影
M独立影评人,1.0,2014-12-17 14:21:15,这种港版都市爱情，真的看不懂！还这么多好评！可能不对我的胃口吧！
swtswy,,2014-12-8 12:59:37,我不想牵着你的手 心里想着她
__KT__,6.0,2014-10-19 11:26:11,烟友变炮友
yjt98765,7.0,2014-10-6 23:13:41,杨千嬅演得不错，余文乐就那一个表情啊。
铅纸鹤,8.2,2014-9-28 23:47:10,在我看之前绝对没有料想到它能够如此吸引我
北风1937,10,2014-9-28 18:55:25,写实的拍摄手法，真实的爱情感受，不可多得的经典爱情电影，非常现实的爱情
装逼的碗有毒,8.2,2014-9-28 17:42:14,喜欢这种有港味又文艺的电影！
·虫虐·,8.7,2014-9-11 9:45:23,我想我只是用这部电影来纪念一些事。
特区,8.0,2014-8-27 9:02:52,昨晚又看了一遍，09年时候还在读书，看到角色抽烟时自己也想点一根，当时对张志明的闷骚和余春娇的港姐气质感觉不明显，只是觉得电影有趣、看着舒服。最近偶然跟朋友聊起这部电影，他们也说喜欢，又拿出来看的时候对影片里时不时满的快要溢出来的暧昧情绪撞到了，张志明是真他妈的闷骚啊，那款5800，那件格子衬衫好熟悉~~春娇的紫色染发很好看，以前见过，没注意到，真是不好意思啊~
伊儿,8.0,2014-8-21 12:05:45,短暂的接触让这对陌生人成为了知己、恋人，有那么点一见如故的缘分好浪漫。感觉其实对于一个女人真的很重要，真实的生活，小制作的结晶，非常有味道的影片。
戆鸠鸠,,2014-8-6 11:09:46,捱了一晚又看了一回，港式爱情挺有趣的。故事设计简单，但演得很自然，影片很有温馨感。
单雨落,8.0,2014-7-30 21:10:15,因为这部片子改变了对余文乐之前的所有看法，故事很真实，很容易让人有共鸣，也许只有可以在一起聊天的人的爱情才来的更为长久。
神奇狍子,7.0,2014-7-29 9:43:14,爱情就像这烟雾一样，淡淡的飘渺着，不知道什么时候就散尽了。电影的风格我比较喜欢，只是里面两人喜欢的理由，因为你喜欢我，所以我也喜欢你，这样的感情基础很脆弱啊。
黑视,7.0,2014-7-28 19:42:46,这电影你要看的话一定要看粤语版的，要不就不要看了。
猫和青草,7.6,2014-7-17 23:28:25,很另类的爱情故事，居然有点感同身受诶，不过爱情就跟鲜奶一样，是有保质期的，早早享用吧。
yinoy,8.0,2014-6-26 21:40:41,都市，真是很奇怪的地方。寂寞、空虚、颓废，却偏偏最是恋情不能断。男女，真是很奇怪的存在。明明都是不体谅对方的固守着自己的速度，却管这叫浪漫。
EndlessJT,7.0,2014-6-22 2:04:27,志明与春娇，中规中矩的爱情小品。
clown5959,8.0,2014-6-19 21:15:59,余文乐真是，又单纯又腼腆。这种又萌又帅又开神行者的男孩，我也会喜欢上他的。
我叫钢蹦儿,6.0,2014-6-14 15:27:56,没什么感觉，更喜欢第2部。
audreytree,8.0,2014-6-10 19:28:48,第一部比第二部好很多，很现实，故事发生在7天内，对话夹七缠八的扯着，很有意思。
Mesut,7.4,2014-5-18 22:10:43,i n 55!W ! 泡妞新技巧get
阿紫,5.0,2014-5-10 2:40:28,并不是因为最近的大事件。。。而是我真的想问很久了。。。这个玩意儿究竟在表达什么
Kieron,8.1,2014-5-9 1:31:50,久闻其名的电影，果然不错，很有趣，杨千嬅演什么都是这个味，但是挺讨喜，能让观众跟着笑，跟着情绪走，电影做的挺成功的...
陈法布,7.8,2014-5-2 14:49:19,看完之后好想学抽烟，这样的爱情很美好感觉。
来自大巴山的玉面飞龙,7.0,2014-3-31 8:37:56,不错。调皮的导演。
zyxyl6688,7.0,2014-3-8 14:55:48,聊得那么开放
温州雅尔,4.0,2014-3-8 0:25:07,好吧。。。我完全看不下去。。抽烟，夜店，黄色笑话，跟我完全两个世界，还是我最不感冒的话痨型的电影。。。
冒牌佐汉,8.0,2014-3-3 23:02:56,彭浩翔化身话痨版许鞍华，借鉴《美国丽人》经典桥段简直神来之笔。
wakan,8.8,2014-2-25 21:11:28,"gei sat ne,mui jat go naam jan dou hai go sai lou"
靓坤lv0461,8.0,2014-2-25 19:33:02,有点粗口的电影，男男女女分分合合，典型的姐弟恋，有点小清新
Puzzled,9.4,2014-2-22 14:05:52,重口味真纯情~（其实还好啦~）
MikeChance,6.0,2014-2-19 22:05:59,扑街//////
路人伊在路上,7.7,2014-2-6 20:40:02,一直没敢看这个会让人再次相信爱情的电影...看完果然木有失望~你总会找到那个欣赏你所有幼齿行为的TA~别着急，慢慢来~
Lizzy颖儿,9.0,2014-2-2 16:19:33,重口味还能拍出小清新，服了彭胖子！
挚爱皇马,8.2,2014-1-4 0:50:12,一个香港禁烟条令引发的爱情故事，俏皮的音乐，搞笑的台词，段落，再配上杨千嬅，余文乐的表演就诞生了一部十分不错的爱情电影；尤其是在香烟涨价前夜一起去买烟那段让我莫名感动；遇到自己喜欢的人，就不要绷着，不然后来会遗憾的
惬意小王爷,7.5,2014-1-3 23:40:15,挺好看的片子
放弃治疗的肥皂哥,8.0,2013-12-29 11:20:01,抽烟感觉真的很好认识别人，无聊时候楼下抽根烟就能认识好多烟鬼！自己戒烟好久了，但是偶尔也会抽一根。会抽烟的妹子的确给人一种亲和的感觉啊！
路特维希,8.0,2013-12-28 20:34:11,不还你什么感受，反正我觉得很受启发。片子配乐必须加分
kk·MLE,8.1,2013-12-28 20:02:44,三级片也可以如此文艺、唯美、浪漫~挺有情调的，音乐不错~
对于意见领袖的思考,8.0,2013-12-6 17:54:10,爱情就是这么简单，两个人在一起就好
不知道还是知不道,8.0,2013-12-3 9:33:32,很贴近现实的文艺小电影，很喜欢，感觉春娇好像樱桃小丸子啊
Tina麗君_Wish,8.0,2013-11-12 22:17:48,慢悠悠，不緊不慢，娓娓道來，over了！
低调潜行,,2013-11-11 14:59:00,#电影台词表白#n551w1
天才2146654,8.1,2013-11-8 20:45:30,碎碎念，不错
姿牙,8.0,2013-10-30 7:58:22,记不清有几次不自觉傻傻的咧着嘴笑。国语版看了15分钟忍受不了，从新下了粤语版看，果然有感觉多了，杨千嬅演的不错喔！
wonka,7.0,2013-10-24 21:31:40,香港小清新~
Sunlynn,7.0,2013-10-22 9:33:18,配乐很棒嗷
will_chang,7.2,2013-10-20 18:57:48,! n 55!W !
沈秋下,8.0,2013-10-19 10:50:47,很有意思，一点点浪漫
小柠檬09,8.0,2013-10-8 20:44:07,也许就是这样，因为你不懂我，我也不懂你，猜来猜去幸好没错过。
nikita_dx,8.0,2013-10-8 2:49:57,"既闷骚又文艺,带点小浪漫又透着点搞怪.对于越来越闷骚的青年们对待感情的态度和心思把握得很到位,如生活这般真实又不似生活那般残酷,狠狠滴戳中并抚慰了众多小青年们. 皮埃斯1,余文乐真得很帅~很耐看的那种帅~可惜总是不温不火的.唉.... 皮埃斯2,方皓玟是吧?长得好像周笔畅.... 皮埃斯3,配乐很传神~我喜欢~ 皮埃斯4,难道只有我从一开始就注意到那条短信而不是等到结尾彭浩翔给个大特写才明白其中奥义吗? 皮埃斯5,闷骚男拍闷骚片.没错啊~五个字啊~"
水手公园,7.5,2013-9-21 19:34:23,1配乐有一套。诙谐紧张松弛有度。2光与色调使画面干净而略略带有某些荒谬但不夸张的魔幻色彩。3细微的表情真实鲜活。 4故事简洁但不无聊。5这可以是一部不错的电影，只不过错在我个人主观上不喜欢香港的爱情片而已。
香蕉个八辣,8.0,2013-9-5 18:51:58,i miss you
糊先儿,7.8,2013-9-1 16:03:12,"彭浩翔从买凶拍人、大丈夫，再到这两年较商业的志明与春娇、春娇与志明，都不失个人风格，后两部我以为可与before sunrise, before sunset相提并论，虽然缺乏后者细腻特出的人文情怀和隽永意境，但简单的故事，随意的对话能抓住观众一直看下去，算是《志明与春娇》和before sunrise系列的共同点。彭浩翔难得的是抓住了浪漫和真实间的平衡，在个人化故事中又能带出香港特有的感觉。英文名love in puff点出背景在香港禁烟，颇为妙趣。港片英文译名都不错"
逆水魚,7.0,2013-8-30 3:57:39,爱情，没有固定的形状，甚至没有为什么
Steam·Punk,7.2,2013-8-26 22:18:35,http://murl.tv/630T
以上皆非,8.0,2013-8-26 11:11:25,值得寻味的一部电影。爱情需要timing。谢谢让我觉得，遇上你，是件被祝福的事情。
yu北北傻傻分不清楚,8.0,2013-8-13 0:02:11,接地气的港片 台词演员刚刚的
David_VIP,5.0,2013-8-11 16:51:10,【志明与春娇】被港台地区定性为三级片 我觉得太不应该了 我也真没看出来什么？鬼才导演彭浩翔是很有想法的！只是本片抽烟的镜头太多了！！纯是以抽烟泡妞为主了！办公大楼后面的小巷里聚集了所有男男女女！好似一场小聚会似的 呵呵！~~~~~~~~~~有点一般了！~~~~~~
蘅芜潇湘子,8.0,2013-8-9 15:26:37,很有诚意的电影，对白有意思，但是没看到粤语版，国语配音还是有些很奇怪
漫声谈影,7.7,2013-8-8 22:35:28,彭浩翔写了一个很有意思的剧本，大量生活化的语言、无营养的对白，爱情却就在这些完全平淡的句子中发展出来，而且对于笑点的把控、生活片段的捕捉，还有特意刻画的非常小的细节，都让故事在缓缓推进。这个被评为三级片的扎根香港本土文化的现代爱情故事着实是彭浩翔最纯情的电影。
信心花舍2887352,6.0,2013-8-7 11:06:23,杨千嬅和余文乐在床上只是拥抱，杨千嬅的尖乳罩
57号元素,8.2,2013-8-2 22:29:49,这种纯靠表演和剧本吸引人的电影真是很难拍，但这个片子无疑是成功的，演员的表演真是只能用完美来形容
远山独孤,8.0,2013-7-20 1:28:32,好小清新却带点小黄小感动，8错8错
凌凛印,8.1,2013-7-14 9:18:53,这部要好的多，也算独具一格。小有爱。
Treefiddy,7.0,2013-7-3 2:02:34,没什么感觉。
樱桃,,2013-6-23 14:44:58,看粤语版的时候一直想，这些过火的片段或台词如何在大陆过审？剪掉当然容易，只是那种接地气的味道也会一起消失。这才是生活里的爱情。不比惊天动地死去活来。也一样深，一样真，一样动人。街角抽烟，生日派对，相亲，戏弄巡警，各种短信，一起买烟，细碎平常，温暖难忘。杨千嬅和余文乐的表演都毫无痕迹，自然可爱。
beused,6.6,2013-6-2 13:55:37,志明与春娇
agoni4689014,7.4,2013-6-2 0:22:18,看了春娇与志明才知道志明与春娇拍得多么好！
陈大印,9.0,2013-5-29 19:42:14,香烟已经变得和手机一样了，成了人与人之间交往的媒介。我要不要也尝试一下？！
Leann_,8.0,2013-5-28 22:51:55,烟民的港市爱情故事...“有些事 不必一晚都做完...”
abcyber,8.9,2013-5-26 17:45:53,估计不在粤港澳长大的人看不太懂。
栗色雪,8.0,2013-5-20 22:06:28,光影实在太小清新。表演自然。港味十足，好看。
蒋公的里子,10,2013-5-13 18:42:37,港片不是吴宇森的大制作，不是徐克的东方魔幻，不是王家卫的晦涩难懂。是这样快速真实的作品。让我回想起了郑秀文、刘德华、任贤齐还奋战在一线的港片时代。不紧张却紧凑的节奏。浪漫但接地气的内容。回味绵长又简单轻松。彭浩翔可以复兴港片时代。
mr_real,5.0,2013-5-9 17:04:13,有什么意思？！
荆棘鸟,7.8,2013-5-9 15:39:51,很不错的爱情电影，轻松，写实。
揸沽,9.0,2013-5-5 11:28:06,浓浓的港片风格，感谢彭浩翔。
嘟路路,8.0,2013-5-5 0:12:38,恩恩，感觉比较日常，比较真实，看着比较舒服
鬼影2018,7.0,2013-5-4 14:58:23,今天再一次在车上观看了这片子，有点感觉，看来上次没有看太懂啊！
言覃公子,8.0,2013-4-28 19:51:27,彭浩翔对于我来说已经是佳作的代名词了。那部破事儿到现在我依旧认为是一部奇作，连续两天看完这两部，我觉得这一部香港味道十足，能够找到一个为自己改变的人，我想起一个女孩曾经对我说过的。我会想起什么呢？
榴莲糖,5.0,2013-4-24 22:08:26,"不懂~看傻了,看不下去。。。感谢导演感谢电影以后这种都市情感题材的我可以直接跳过了，完全不同频啊"
文艺怪咖,6.9,2013-4-21 16:47:28,请允许我给不了太高的分数，或许有点主观吧。片子充满了浓厚的香港现代生活氛围，都市男女的爱情在这样的背景下生根发芽。志明与春娇之间的爱情显得有些闷骚，离合不稳定，但也是如此的真实。年龄不是差距，在一起重要的是感觉和合拍。最经典的还是那个i miss you！
夫子,6.2,2013-4-16 18:19:19,真心不喜欢这个故事，凭什么为了自己的感情就可以去伤害别人~
PatrickCon,8.0,2013-4-14 16:35:13,生活本是如此简单的幸福。
yangqing21,6.8,2013-4-11 14:11:04,有些事情不是一晚上都要做完的。
tangtangtang_,7.0,2013-4-4 23:03:00,看过的……废话最多的电话……但是余文乐好帅
Vichyyyyyy,7.7,2013-3-29 12:52:28,因烟结缘，两人都贱贱的，但是好般配
上了发条的皮囊,8.0,2013-3-19 22:20:21,两个烟民谱出的恋曲
一生子,9.0,2013-3-12 20:30:19,志明与春娇好过春娇与志明
生于1905,8.1,2013-3-11 13:21:05,不错，好看
不知今夕何夕,8.0,2013-3-10 23:14:37,不错的片子，值得一看。可惜现在有这样水准的香港电影越来越少了。
飞鸟与椰子,7.9,2013-3-7 12:13:50,看这片怎么有点打不起精神..
沃德先生,7.5,2013-3-6 23:43:53,"食烟的两人相识,点烟的两人相爱.烟鬼之间的爱情,和其他人也差多,见到佢地腼腆的表情,也想到自己是不是也会这样。小清新和手持看起来还是挺舒服的~粗口还真的有点多！开口埋口XXXXX...可惜没感觉到那种独特香港的味道,"
愣愣,,2013-2-26 9:55:52,两个人的对话实在有意思，故事情节为恋爱铺设。男的主动，女的愿意，一见之初感觉不错，知名花有主还挂羊头卖狗肉，乘虚而入，好港片。
Vkings,,2013-2-19 20:00:40,"#相信爱情#《志明与春娇》 》&《春娇与志明》：""l miss u. 有些事不用一个晚上都做完."""
Zola0110,8.0,2013-2-16 0:29:11,嘿嘿，很符合实际啊。。。刚开始的一段时间就会你猜我我猜你的这种心理。。后面相处的也是挑战
抽雲煙的小青年,8.5,2013-2-14 19:41:21,很真实 男女之间刚认识的那种微妙关系处理的很好，电影里的画面总能让我看到自己的影子，很喜欢。
西瓜妹瑶瑶瑶,7.0,2013-2-12 22:45:31,老喜欢杨千嬅了
隐慝,8.1,2013-2-10 16:15:42,非常不错！
王小石,8.2,2013-2-8 21:18:52,清新、真实、接地气，看的很有感觉，爱情都是一样的无论是香港还是大陆，关键是如何展现，彭导做到了，征服了观众。
so大橙子,10,2013-2-8 19:39:07,喜欢张志明的真实
撒旦与潘神,7.0,2013-2-8 17:52:35,很简单的电影，在我们飞速旋转的现代社会背景下，这样的电影让人放松，让人不住感叹“庸常的生活最大的好处就是提醒我们活着是一件很有趣的事”。
边缘人,8.5,2013-2-6 23:51:58,那件关于爱情的小事……
KaReng001,8.0,2013-2-5 21:22:12,纯情粗俗的文艺片。
Artscien,7.9,2013-2-1 11:55:27,现代爱情物语
chino1462675,7.0,2013-1-26 11:43:50,电影有新意有味道有风格，但内容上还是太单薄了，也只能算是合格的一部。
常大发,8.3,2013-1-17 16:40:35,是不是模仿summer500的拍摄手法
CUI影视工作室,,2013-1-16 6:05:17,回来的时候在飞机上看的。喜欢彭浩翔这样的小清新导演。故事很赞。讲故事的能力很有趣
王奋斗,2.8,2013-1-14 15:40:52, 是一个结构很精巧影片——但是，没有爱情的浪漫！没有爱情的愉悦！没有爱情的心醉！——相反的，不舒服的感觉，倒有一些。打高分的观众，可能是希望现实中的婚姻也在抽几口烟后就达到“速配”。
狂热信羽,8.2,2013-1-10 20:39:29,有趣的爱情片，很喜欢电影的配乐！
小蓝莓,9.0,2013-1-8 14:01:41,谈恋爱就是相互触碰。感觉来了就怕消失。有了一些感觉又加深了顾虑。轻松地恋爱好像没有哦
生化工兵,7.0,2013-1-6 21:41:28,彭浩翔广州华工见面会上看的。
王奋斗,2.8,2013-1-3 15:10:16,情感的翻转，随着烟一口烟的吸吐，真担心结尾的喜欢在一口烟后就又改变。结尾的文字㳺戏，真是败笔，却让女主角快速情感翻转。说不清的对白，象北京编导一样捉弄观众；无关人物、无关场景、无关对白、不回应、不正眼看，也都在走北京文艺片的死胡同。国语版的配音，让人烦躁，忍耐着看完是因为导演的&lt;低俗喜剧&gt;。
llavenderr,8.6,2013-1-3 12:06:54,温馨浪漫的小故事。接地气!
东直门外,6.0,2013-1-2 21:50:00,这片子为内地重新剪过吧？
Cecilia,7.5,2012-12-30 17:34:35,哈哈 哈哈哈哈 哈哈哈哈哈
彩辰,8.0,2012-12-19 23:45:38,妈呀，原来志明与春娇比春娇与志明好看这么多啊！“你妈给你打电话了，你姐给你打电话啦～～～”
Rupo,8.0,2012-12-15 21:40:23,很真实，很有香港感觉，当然是指没有修改过的港版
糊涂的我,9.0,2012-12-9 21:07:41,有时候，爱情就是那么莫名其妙~电影里主角的心理细节很细腻~
绝对零度,8.8,2012-12-6 9:00:52,很真实，感情大抵如此，有点像我的故事~~~~
hugu,8.0,2012-12-1 19:18:32,很自然的爱情片~
上链也没心跳,6.0,2012-11-24 17:33:00,片怎样不好说，但我不能接受这里的价值观。
天蓝杉海,8.0,2012-11-23 19:45:12,爱情本来就不是一场惊天动地的相遇、
mayday小嗝嗝,8.0,2012-11-22 2:53:23,小清新伴随重口味，都市爱情也可以拍成这样，确实有一种别样的味道！影片最大的特点在于大段的黄段子、粗口，如果去掉这些，也算是较为完整的清新爱情体验。影片中的爱情并没有轰轰烈烈，有的是那种淡淡味道，似有若无的暧昧，在香港全民禁烟的背景下，两位烟民的平常小事构成了一段爱的回忆。喜欢这样的拍摄手法，结尾处也让人回味无穷！
光影交错,8.0,2012-11-14 16:00:06,你让我觉得 遇见你 是一件被祝福的事....；有些事 不需要一个晚上做完 又不是要赶时间
VanVelvet,6.0,2012-11-14 5:13:20,又是典型的全民喜爱我看不懂的小清新电影。。。。。
老片客,7.7,2012-11-9 10:40:11,#脱光指南#我是很喜欢你，又怎么样呢？没有用的嘛，我懂得，我真的懂得。有的事根本就不可以强求。《志明与春娇》 
热液虾,8.0,2012-11-7 7:18:42,多有趣的片阿
ShaneSun,10,2012-11-4 21:11:32,分開？一起？ 綠好彩。。。這片子太對我口味了
豆包妮妮,,2012-11-3 13:27:17,因为这部电影准备开始关注彭浩翔这位怪咖导演，爱情故事原来也可以这样演绎，有感觉，有感觉。
八卦雞,8.1,2012-11-2 12:25:47,#代号寒战#+十年间最爱港片《志明与春娇》2010 有些事不用一个晚上都做完，我们又不赶时间 @昕筱 
jejejey,8.0,2012-10-30 22:47:36,三五句台词着实触动到我了，因为它们概括了我的感情或故事。。。
绝情谷主,8.1,2012-10-28 21:17:18,遇到春娇我就娶了吧，甭管她抽不抽烟讲不讲粗口
烦死嘎了,8.0,2012-10-17 14:19:57,很温馨的小电影，故事情节与人物塑造都是四平八稳，亮点在于男女恋情的细节把握，真实地展现了男女相处最初的患得患失的感觉。
W怪客,7.2,2012-10-3 22:15:28,禁烟时期下的爱情~
荼菟,8.0,2012-9-30 20:34:18,抽的不是烟，是寂寞！
飒立崖颠,5.0,2012-9-25 18:02:36,双乳形的生日蛋糕...以形补形！我看完只是记住了这句~真的很一般的电影~
slump,7.8,2012-9-25 14:40:05,挺有意思的一部独立清新作，反映香港职场爱情的一个故事，两个男女都是俗世中人，每天浑浑噩噩但过得也还凑合，忽然有一天两人发现惺惺相惜，鬼使神差般粘在了一起，居然还是姐弟恋，很好玩的一部小制作喜剧。
sophyia2443764,9.0,2012-9-25 13:19:46,超超超爱的一部片子，里面的歌都很好听，不容错过！
腐魂,7.5,2012-9-24 12:35:28,确实比较清新
倫敦小槍,8.6,2012-9-23 7:28:13,#你最爱的小成本#好吧，我是《志明与春娇》 
不会飞的飞侠,8.0,2012-9-20 20:15:46,其实。我也想碰到这样的人啊。各种姐妹同学结婚，突然觉得自己鸭梨山大。好吧。还来的总会来的。我就这样期待着。
Listenner,7.5,2012-9-20 10:00:20,没有结婚的外遇是不是就不算出轨，学习了~
天鹅绒绒,7.2,2012-9-18 16:31:03,剧情都要忘了 印象不深
bona,9.0,2012-9-18 11:51:37,小清新 很喜欢~~~
风语Q,8.0,2012-9-18 0:22:48,不错，由一些小故事组成，贴近生活
桑桑,8.0,2012-9-17 0:00:36,这是一部男女暧昧指南教科书！将暧昧发挥至极致，暧昧怎么玩的，就是这么玩儿的，男女各自是怎么想的？就是这么想的！
PAPA-徐,4.3,2012-8-26 12:55:34,这片好在哪里？节奏？还是那几句粗口？莫名其妙～
一阵风,7.5,2012-8-25 20:13:12,爱情观瞬间崩塌！
大力睡觉,8.0,2012-8-25 15:14:22,很接地气。。
閑花細雨,8.0,2012-8-21 10:23:21,“我们又不赶时间，有些事不用在一晚内做完的。”喜欢电影中的这句台词，喜欢志明与春娇之间的那种恋爱的感觉。
雕刻光影1905271,8.0,2012-8-18 23:10:02,大色鬼和骚娘们的爱情。当然要正经的多，真实。
cornelius1261967,8.0,2012-8-16 17:36:09,好经典的男女对白，真实得让人感动
ColinQist,8.4,2012-8-16 8:18:23,很喜欢这类型的片子，贴近生活，看着不累，感觉导演的诚意到了！影片以烟为线索，穿插出都市男女张志明和余春娇的爱情故事，搞笑桥段不断，但又令人感动，记住了一句台词：有些事，不用一晚上做完。喜欢里面的音乐，有种都市生活慵懒的感觉，另外穿插人物访谈也感觉很有创意！还有，干冰放马桶好好玩儿！
MissBlackRose,7.0,2012-8-13 17:33:40,重复的场景太多，看的时候容易疲劳~~
IamJin,6.0,2012-8-11 23:23:41,原来就是个《500 Days of Summer》的低端山寨货啊。。。
摩羯三,8.0,2012-8-11 11:55:08,小清新的爱情文艺片，似信手拈来，又像青春舞台剧，混着着基督教的七天宿命论，显然丝芙兰诺记和路虎赞助了不少，——忍着，断断续续的看完，生怕碰到始乱终弃的结局，说自己是善良恐怕就是在这一念之间，
kevin320,,2012-8-8 12:08:07,爱情好难捉摸
几案,,2012-8-7 12:56:54,相当有趣的爱情电影！其实我蛮不喜欢看纯粹的爱情片的，大多数都觉得很腻，可以说是无病呻吟。但这部电影让我感觉很喜欢，有趣而不庸俗。彭浩翔的影片质量真是挺让人放心！
Joaquin_Drew,,2012-8-6 21:25:38,各种低俗笑料无法阻挡。
BlueRuin,8.2,2012-8-6 10:27:06,温馨的港片 喜欢~
Locusa,,2012-8-5 4:07:14,香港还是有好编剧和好演员的
cavalry,,2012-8-4 19:04:56,看完感觉挺清新，不过一直把香烟作为主题挺不喜欢的，虽然最后提倡戒烟……
slsyl0604,,2012-7-30 10:50:35,1、纯正的香港爱情轻喜剧，看起来很轻松。2、故事背景挺新鲜的，禁烟令下男女主因抽烟结识继而相爱，这点子不错。3、对两个场景记忆深刻。一是路遇警察装日本人一段，二是手机上倒过来看的i miss u。尤其是第二点，很有创意。有点意思。3、余文乐形象气质很不错。杨千嬅简直就是郑秀文二代，很喜欢她诠释的这种没心没肺的傻大姐形象。4、本片总体可看，水准在一般爱情片之上。
柳风哥,5.0,2012-7-29 22:28:06,抽烟的意外
A·lice,,2012-7-29 1:16:43,吸烟爱情故事。一切由烟开始，我喜欢。但是那个著名i miss u如果一直没有被解读出来，两个人最后没有在一起，感觉会更好。好吧，我就是不喜欢美好结局。
Assin,,2012-7-28 0:54:59,先看的第二部在看的第一步。很温馨拍的
苗乐乐MiuMiu,,2012-7-27 12:53:30,把爱情描述的真自然，自然中有点不经意的浪漫。挺喜欢这种感觉的，港片里很卡通的类型，值得一看，比春娇与志明更自然些。
MarkPacino,,2012-7-26 19:45:54,没得啥子哪，不是还有2
两粒扣子,,2012-7-26 15:51:41,早就知道的高分 电影 但是放到现在才来看。准备2部一起看的，但是看完第一部没有了兴趣。一个礼拜的爱情，或许不算爱。小人物，通过禁烟大事件发生的小故事。 最后我想说看来春娇的男友不爱她啊，最起码不是很爱，这就放手了。。
叫我猫姐,,2012-7-24 0:18:55,不怎么喜欢。
007WPS,,2012-7-23 11:44:58,这部电影居然是三级
AileenLun,,2012-7-18 14:48:36,压到这么晚来看，果然有反效果...大大地没有想象中的好看，还没有看其他人的影评，所以没有找到什么亮点。看的过程中，没笑也没有心动，唉...配音超级奇怪，好假...余文乐也变得不帅了，杨千嬅看起来好老...为什么这部片子会这样...
萧萧凯风,,2012-7-18 13:10:58,简单平淡地相爱了
大阴人,,2012-7-14 12:02:08,一定要看粤语，仅此而已
lullabylily,,2012-7-12 21:13:41,独特视角~余文乐好帅~~很小清新啊~~~
Summer·,,2012-7-10 20:21:04,整部电影的感觉很独特，视角也比较新颖。挺喜欢的！
vivian4509786,,2012-7-9 21:47:57,小清新又不乏味，必备良品
水丫头火丫头,,2012-7-7 18:37:33,阴乐我想给二百分！！！一部让我沉浸了很长时间的港片。
李大胆儿,,2012-7-7 16:03:08,呃。。。春娇与志明好看
phantomusic,,2012-7-7 14:49:14,先看的2再看的1，感觉2好
