尕子子子啊,8.0,2019-5-7 22:37:00,让我想起了姥爷
touya,7.1,2019-1-17 17:15:23,叙事挺差的，平淡如水的生活里小小涟漪都拍的很无力。好处是找来朱旭老爷子，绝对的加分项。很私人情绪化的东西，够细腻，就是没拍出来。
睡人Sam,7.0,2018-9-18 14:19:22,摄影赞，拍的就有点流水账，朱旭老爷子，我们天上见~
莈洧洳菓,8.4,2018-9-6 3:33:15,少女蒋雯丽的伞下旧梦
发哥811852,6.0,2018-8-15 0:46:16,评分高了，这片子总之很一般，类似流水账一样，其实那时候的每个家庭拿出来都能成为这样的电影，没什么新意。
天秤的一端,7.4,2018-3-26 8:39:38,个人自传作品，画面唯美，故事舒缓，亲人的感情真挚，就是马思纯10年前和现如今没怎么变哪。
天凌Mtime,8.5,2018-3-7 20:16:09,好的电影，是不需要用赚取观众眼泪的方式，依然可以深深的感动你的。《我们天上见》拍得淡泊如水，有很多留白，但祖孙两代人的互动依然可以如此深深的触动我。朱旭老爷子就此封山，也值了。
英格玛和莎嘉,8.2,2018-1-7 15:39:29,那时候我还不懂太多 现在懂了 却只有天上再见 片子特别好 蒋导演 非常好
樱桃米米,10,2017-12-21 10:57:49,泪目
小四6171,9.0,2017-12-12 19:55:27,蒋雯丽自传之作，里面的中国传统生死观，让人感到温暖。医生说他太老了，身体的各个器官都衰竭了，只有心脏还不肯放弃，我想那是因为我吧，爸妈不回来，他怎么放心把我一个人孤零零地留在这呢。“姥爷，你可怕死？”“不怕”“为什么呀”“活着跟你在一起，死了跟你舅舅他们在一起”“两边都是我的亲人”“那人死了以后都到哪去呢？”“好人在天上，坏人在地下”“那我是好人还是坏人啊”“帮人做好事，不讲瞎话，就是好人”
OKBEN,10,2017-4-3 19:27:42,有了这般情感便是深爱
马上抢注,10,2016-12-18 23:43:58,感人至深
南岸无染,,2016-6-21 19:20:01,求资源
Stephen_Chow,8.0,2016-5-18 23:31:29,1、朴实无华，温情脉脉，如涓涓细流滑过，同时，也把思绪带到我们每个人的祖父辈身上。2、好像，相比于爷爷奶奶，和姥爷姥姥在一起生活、感情更深的孩子们更多。3、几乎全片都在下雨，将忧伤的气氛加重不少。4、细节很多，这些细节于无声处击中我们内心，如，除了最后一封由小兰亲自看的信，其他之前的信都是姥爷替父母写的，以使小兰开心，同样，还有哈密瓜。
woniu2048,8.0,2015-12-15 16:54:30,蒋雯丽自编自导的影片，讲述的是一段朴素的爷孙情，很柔很素的笔调下展现一种平凡而又深刻的亲情，伴随着铁道、戒尺、信件、语录、收音机等等事物更替，看似沉重的时代随着成长匆匆而过，片尾处的拆信事件虽在意料之中但还是被触动，很多人都会有那么一个祖辈曾事无巨细的保护着，一种淡然的陪伴，暂时的离去为的是他日的重逢。
诗and远方,7.7,2015-8-8 4:14:19,这样的电影越来越少了。真诚、情怀、娓娓道来。没有过多的花哨，没有稀里哗啦的煽情，没有先入为主的“正能量”，没有拉扯不清的琐碎。所以，在我看来这部电影首先很干净。这是国内大部分导演做不到的。我觉得本片是有灵魂的，导演通过一些细微的镜头表现了那个非常年代的特殊背景，特殊文化。还有贯穿全片的对生活的诠释，都很有代入感。这些没有经历过那个年代的人是拍不出来的。纵然还有些地方不那么完美，但是对于处女作蒋导算是拿出了足够的诚意了
天在下雨,7.4,2015-8-1 17:35:31,很平实的电影。
醉卧浮生,8.0,2015-7-5 22:50:26,岁月如酒，小盅酌之，回忆闸门轰隆隆洞开，再也收不住脚步。蒋雯丽用处女作讲述自己的故事，我的思绪却捅破记忆闸门。很多时候以为已经放下，但近几年奶奶与爷爷音容笑貌却总不经意间闪过，昔时点点滴滴恍如黑白无声影像放映，终会应了那句“我们天上见”。
天堂电锯影院,6.8,2015-6-14 23:53:13,真情实感，表达还是蹩脚了点
Luna_星,8.0,2015-2-28 13:30:24,看的时候没有特别的感动，反而之后慢慢会想的时候被打动了，片子一直很平稳，没有刻意的煽情，带有强烈的个人色彩，是属于一个人的作品，让人联想到自己的童年，当朱旭说出“好人在天上，坏人在地下”的时候特别触动，也许我们曾经失去的挚爱的亲人真的能在天上再会吧。
光明王,7.4,2015-1-22 15:05:25,动情、感人而又内敛，蒋雯丽将自己的故事讲的不错
那一树花开,10,2015-1-9 17:46:57,《我们天上见》 
sTAnLEy,6.1,2014-12-13 21:28:12,看着如此高的评分把它看完，结果我不觉得什么感动啊之类的，比起其他感人的戏这个差太多了。。。
新一,,2014-8-31 22:09:53,1111111111
honeybunny9048,8.5,2014-8-16 16:20:20,爷爷，我们天上见
oorarangee,8.5,2014-7-20 22:52:00,近几年里华语故事片的佳作。很难得的平静但不平淡的电影，处处体现着文革那个时代给平凡人的创伤。爷爷第二次装孙悟空逗蒋小兰笑时我已经哭得稀里哗啦。把这部电影给其他导演拍，或者把其他电影交给蒋雯丽拍，都拍不出这种亲身体会过的祖孙情。所谓亲人，就是用一辈子慢慢失去的挚爱呀。
柒色,6.0,2014-7-18 16:09:45,一般般吧
头发乱了,8.4,2014-7-17 17:38:44,现在又几个大导能拍出这样的电影的，一万个赞
神秘的L君,8.0,2014-6-24 13:35:27,蒋雯丽的导演风格是否受他丈夫顾长卫的影响，顾长卫早年是张艺谋的御用摄影师，所以张艺谋肯定影响了顾长卫，而蒋雯丽在执导这部电影的手法上，如场面调度、摄影、剪辑绝对受到过顾长卫的指点迷津，所以我总感觉这部电影有点张艺谋的风格，试想如果这部电影导演的贴上张艺谋的名字，大家又会作何评价呢？
涉抄无显,10,2014-5-15 14:02:11,感人肺腑
Emerge,10,2014-5-1 13:37:12,看到最后哭了噜
LexusLiang,8.3,2014-4-13 18:09:37,平实~~温暖~~美好~~“你要干嘛去~~”，“我跳河！”，很喜欢这段~~
Se7en丶小七,8.2,2014-3-18 0:28:57,姥爷最后颤颤巍巍地做那个孙悟空手势的瞬间，眼泪怎么也忍不住了。
zoeydiule,10,2014-2-10 14:57:23,看《我们天上见》的时候，姥爷刚走。三年多了，来给这部电影打分，居然一看到剧照就开始哭。一直觉得我太冷血，送别的时候，一滴泪都没掉。只在独处的时候，眼泪流的停不下
brighton0312,7.0,2014-1-24 22:20:18,自传体亲情电影，相依为命的两个人，在特定的历史时期。
山风,8.0,2014-1-9 16:36:01,很温馨感人的电影！挺像蒋雯丽的自述，让观众感觉亲切自然，似乎是我们自己曾经的回忆...
赵小威威,6.6,2013-10-18 0:00:00,"平淡如水,恬静如兰，太过私人的童年记忆。作为蒋雯丽导演的处女作，叙事过于白描，细节和摄影方面做得不错。同样是朱旭老爷子主演的祖孙戏，更喜欢《变脸》里两老小...."
浮光·掠影,8.0,2013-10-17 14:02:15,散文诗一般的电影！！！
邓绿禾,7.0,2013-8-23 16:13:57,中规中矩的片子。火华哥好靓。
了了的生活,9.0,2013-8-23 1:35:09,朴素的故事却让我观后热泪盈眶，亲情就这样浸泡在琐碎漫长的时光里，伴我们成长....
Noneo,8.2,2013-8-17 14:24:23,乌鸦反哺，时光如梭，最美好的童年还是停留在了那些雨天...
KIMI寻,7.0,2013-8-4 19:03:12,很感人也很朴实的一部电影
自由彼岸,7.1,2013-8-4 17:56:32,没有我想象中的好，作为导演的自传不及《阳光灿烂的日子》，但是作为女导演的处女作，绝对是比《致青春》优秀的。蒋雯丽的导演水平还是相当欠缺的。
疯言,8.0,2013-6-21 20:10:55,此电影暂时无法言喻！
猫在北欧,7.8,2013-5-11 14:28:32,不过分煽情就是一种进步 梦境的场景很真实
韩景峰看电影,8.0,2013-5-2 20:49:53,蒋雯丽以细腻的女性视角描绘祖孙两代人相依为命的情感，这里面有疼爱呵护，也有乌鸦反哺。就像电影中那满屋墙壁和屋顶的兰花水彩，简单中却渗透出温情和心伤。影片中几处动人的场景让人不禁有流泪的冲动，但更多的时候是在观察和体会。电影朴素而富有情感，仿佛我们已在天上见。
傻子才悲伤,9.1,2013-3-19 0:16:26,它关于亲情的描述是私人的，充满了只有当事人才知道的细节，这些细节包裹着真挚的情感，让人动容。关于死亡带来恐惧的梦境，我想不到有谁拍过更准的了？
坏姑娘小简对抗全世界,8.0,2013-3-11 15:28:34,将小兰小时候和少年时的扮演者认真起来都很逗，尤其是一字一句读书的时候。电影屡屡出现晓兰的梦境，通过梦来宣泄情感。
老喜,8.1,2013-2-10 22:21:06,同妈一起从头到尾看完的第二部电影。
励和,,2013-1-23 22:45:05,此影片太让我惊喜了，觉得在如此浮躁的中国社会中还会出现如此真正用心的电影实属难得，真心佩服蒋雯丽导演，真实到共鸣，没有什么此起彼伏，就是真实的人生而已，整个观影过程中我哭到不行~~~~
孙大娘,8.9,2013-1-20 21:28:57,让我想起许多 想起那些洋洋洒洒的年少 想起那些孤僻自闭的日子 想起姥爷家枣红色的大衣柜 想起母猫咪咪 想起常摇的那把扇子 想起烤海蛎子的炉子 想起那个大灶台 想起院子里种满的月季 想起门头房的理发店 想起常蹲在门口的大黑狗 想起那些深深浅浅的平房记忆 我十六岁前都在那里 整个童年也埋在那里了。
半袖,7.8,2012-12-17 23:46:12,虽然不是一个时代，但成长过程中却有一些惊人的相似，有个听自己说话的洋娃娃（我的叫红妹，虽然她全身绿色），有属于自己的大衣柜，没事就玩着侧手翻，第一次例假的时候被迫学习了一下那么丑的带子的使用方式我简直要哭了。成长是一种有借有还，但正如万芳上次说的那句话，陪伴孩子长大是有成就感的事情，而陪伴老人衰老则很悲伤。有时我会遗憾和家族的亲戚距离遥远，很少体会到隔代的亲情，但还是相信心里的柔软，哪怕表面冷若冰霜。
CherryCalyx,10,2012-12-8 0:17:33,知道最后肯定是分别的……然而这过程被导演讲述得是这么温暖甚至有些地方忍不住笑出来……比如每每听到那个小丫头哭着喊着说去跳河的时候~~记得第一次说这话是在冬天里，姥爷也认真的回答说冬天河都结冰了~多可爱的老头儿哟~还有小演员真是不赖！！那口淮南普通话被她俩小家伙说起来，真是…好听得哇，呵呵~~好听得紧！！
有妖氣,8.0,2012-11-29 19:27:11,蒋雯丽大姐都做导演了[可怜]
卡门梗01,8.1,2012-11-29 10:10:55,朱旭老爷子演的真好，扮猴的镜头看一次泪一次……另外刘烨同志真是哪个片子都插一脚的赶脚啊，哈哈哈
李比廉姆,8.0,2012-11-21 19:45:04,如果成长的代价就是失去你。
看客,10,2012-11-21 15:54:46,吃着包子呢，然后哽咽了，然后我就转移注意力了，没想哭出来，要不然包子就吃不下去了
scarlett-wei,10,2012-11-12 22:43:24,哭死了，后劲很重，我记得看完很久了，我出门倒垃圾，居然走到楼道上想气了，又开始难过了~~难得好片
D伯爵,,2012-10-2 16:43:56,#大片在你家乡取景##大片在你家乡取景#我的老家蚌埠，蒋雯丽那部《我我们天上见 》讲的就是蚌埠从前的印记。曾经中学时候有部电视剧在蚌埠取过景——《如果有来世》，当时我们的外教，美国来的Dan还演过里面的一个贩卖文物的反派，只是那外教过高，到现在已经忘了他的脸长什么样了。
What_银背爱娇花,8.2,2012-9-24 9:40:37,艾玛 哭死我了 哈哈
查林十字火车站,10,2012-8-29 21:44:39,感动到不行的电影，也许是有太多个人情感的带入。整部电影有一种让人沉静下来的力量。就那样沉浸在旧时光里，想起了童年。
MadRock,7.8,2012-8-25 15:36:07,蒋雯丽用心地用她的处女作讲叙她的情怀。故事简单，也没想过多地牵扯政治事件，她就是在讲她对她姥爷的思念以及对那个时代的惋惜。简单，所以才动人。影片快结尾的时候，病重的姥爷给小兰装猴逗她笑，看到这我的眼眶突然就红了。
半碗馄饨,7.0,2012-7-31 16:50:25,虽以生离死别为终落幕影片，本片却并非探讨生死，其实电影说的是亲情是成长。如果只看结尾部分大段的独白，几乎让影片成为了电视纪录片，但之前充足的铺垫反而让影片再次时达到了一个小高潮。朱旭的表演撑起了这部电影，蒋雯丽作为导演还显稚嫩，在处理小女孩心理时运用的超现实手法破坏了本片的写实氛围，成为了电影最明显的瑕疵。
esnan,5.0,2012-7-26 16:30:21,其实我还是有点喜欢看这类文艺片的，可能因为影片质量不行，外加边打牌边看，基本没印象。
M的秋天,8.0,2012-7-21 10:49:55,导演的童年自传。朴实。
汗淋学士,8.0,2012-7-5 16:46:39,镜头运用巧妙，画面隐忍克制，竟如大师手笔。
汗淋学士,8.0,2012-6-28 13:29:25,镜头运用巧妙，画面隐忍克制，竟如大师手笔。
懒猫先生,9.0,2012-6-13 0:29:11,英文名Lan，真的是代表了影片的很多东西，这个故事的一些片段我似乎也有一些共鸣，逝去的亲人，逝去的童年。那些爱我们的人啊，希望你们能在天上安息，我们会在天上相见。
Adrien,8.0,2012-6-12 20:42:46,感情都是相通的，所以切身感受最是动人。
耷拉耳朵兔耷拉个耳朵,10,2012-5-30 21:36:19,看的时候哭到一塌糊涂，眼泪鼻涕满脸都是……实在拿不出勇气来看第二遍。朱老爷子的大眼袋和我爷爷的一模一样，哈。
大熊哦哦,8.0,2012-5-21 17:32:02,喜欢蒋雯丽~
完美映画,,2012-5-12 0:12:09,人间有情
我们一起883312,9.0,2012-5-10 16:18:00,娓娓道来的亲情，没有浓墨，却朦胧着花香
宇宙无敌大猩猩,8.0,2012-4-30 22:07:00,影片前后的呼应很让人感动。我们施与人的，总有一天人会施与我们。朱旭老师的表演太动人了，一直遗憾没能看过他的话剧演出。
Vajoria,9.4,2012-4-18 16:53:47,这样的影片已不能让我用理性的角度去评分，我只知道在一个南方下雨的下午，我看完这部一直不敢看的电影，想起我不敢想起的往事，眼泪不可遏制，我无法抵挡童年往事在心头的烙痕，它也许太美满，但结束的太悲伤，老爷子的戏我已不敢多看，当年似水年华看到齐叔就觉得恍若自己的亲人一样
Gandalfrin,9.0,2012-4-18 14:57:49,非常感人，非常触动人心，充满回忆与感情，观看过程中，多次被感动的无以复加。平淡的故事，也蕴含着充沛的情感。即使对于我来说，也有些许怀旧的感触。很庆幸儿时的农村还有很多与之相似的痕迹。而今，除了记忆深处，却再难寻觅了。
cutecow,8.0,2012-3-31 12:27:44,清明将至，找来这部电影---蒋雯丽的导演处女作。平淡的描述，细腻感人，其中蕴涵着真挚而朴实的情感，这是我们生命中最真最重的东西。
木糖不纯,8.0,2012-3-25 20:55:43,想念我的姥姥和奶奶！
李大嘴,7.0,2012-3-20 23:05:09,实话说呢 没有看完 也没有找到我想要的感觉……
徒手煎蛋,10,2012-3-15 12:18:13,忘了第一次看朱旭老爷子的作品是什么时候了，那会儿还很小，但是就一直等演职人员标出来看看这个爷爷叫什么名，太慈祥了太和蔼了。第一次分项评分的电影是满分，音乐对，色调对，故事对，线索对，演员对，感觉对，全都对。祝姥姥姥爷爷爷及朱旭老爷子身体健康。
hoosissi,7.7,2012-3-10 20:07:21,多雨的南方
蟠逃剩会,9.0,2012-3-9 20:24:52,平凡的故事，人生的感动……剧中的姥爷让我想起我爷爷了，小时候也是他带我……
青4196607,,2012-2-7 17:12:02,希望我们可以天上见
卡夫看电影,8.0,2012-2-6 14:30:27,很生活化的片子
大牛姐姐,9.0,2012-2-1 20:27:37,一点儿都不做作，一切都那么真实，我也爱我的姥爷，所以几乎从头哭到尾。
想飞的海豚,8.0,2012-1-27 17:26:39,这部电影给了我很多回忆。一点一滴我们都曾经经历同样的生活。
框不住的风景,8.2,2012-1-26 16:15:44,质朴感人的佳作。故事流畅清新，女性导演特有的细腻让电影忧郁婉约如诗。以前总觉得蒋大美人虽然演技一流，但可能电视剧眼太多了，在电影中的表演有点“过度”，但没想到第一次拍的电影确如此自然清新，想必是因为该片表达的是自己的至真情感，反而觉得应该平淡舒缓一点。
泡沫童话,10,2012-1-19 11:14:46,当电影在蒋雯丽的旁边声中结束的时候，我的双眼已经湿润，灯光逐渐变亮，我却蜷缩在影院的椅子里久久不愿离去….. 可以说这是一部用心的电影，里面的每个画面都饱含了蒋雯丽浓浓的感情，这点只要你是一个曾经有过那样相识经历的人都可以轻易的感觉的到的。----------我们天上见。
三番三番,7.0,2012-1-14 19:04:34,与老人 哭得呀
onion1016,8.0,2012-1-8 21:48:25,这是淮北话吗 听着很亲切 很感人
君令或可不为,7.2,2011-12-31 15:25:54,··················感人
wq2504,,2011-12-25 20:48:25,仍旧觉得亲切
曉喬,8.0,2011-12-22 8:47:45,真情水墨画
黄大仙,8.0,2011-12-21 11:19:01,《2046》里写“所有的记忆都是潮湿的”，片中场景很多不是在下雨就是在下雪，这大概有些关系。更有关系的就是那把油纸伞，遮风挡雨还能避雪，是爷爷为幼时孙女，也是孙女为老迈的爷爷。大时代狂热褪去，祖孙情缓缓流淌，多让人羡慕。天上见~
南洋小岛,8.0,2011-12-20 20:23:28,俞飞鸿把《爱有来生》拍得很好笑 想看看蒋雯丽可以拍成什么样 女导演都很细腻 场景都非常漂亮  虽然组合起来着实刻意
烟熏太岁,9.2,2011-12-16 22:26:59,我不会告诉你 我看到最后快哭崩溃了。两人生活的温情弥漫了整部电影，姥爷逗晓兰学孙猴子，晓兰为找爸妈爬煤车被带回来的晚上姥爷用红带子把俩人手腕绑一起握紧了孙女的手……擦 让我冷静下，眼泪止不住了
嘘-安静,9.0,2011-12-15 15:46:38,类似场景。把那些感觉又狠狠喂食了一把。
安托万的黑眼睛,8.4,2011-10-23 21:24:55,电影就是生活，生活淡如水又带感动。
金针小菇,7.0,2011-10-17 0:42:20,就鼓励角度三星。整个影片充满了符号性象征 摄影又实在有些刻意 可能受他老公影响太深了吧。。。
缪斯,8.6,2011-10-16 16:28:21,虽然我很不喜欢某些人 但是我不得不说这片子的确很棒 简单 朴实 踏实 认真 而且很能打动人 这样吧 以后顾长卫不用拍电影了 从此给蒋雯丽当摄影算了。。。
烟熏,8.5,2011-10-9 17:57:52,有诚意的电影。好看。
无聊堂,4.0,2011-10-6 22:48:02,举国无人，竖子招摇！
明益虎,7.4,2011-10-2 17:17:10,很有感触，想起自己的亲人
filmman,8.1,2011-9-4 16:12:28,导演的用心之作，静谧的小红伞在雨中
Lunchi,7.0,2011-8-29 19:24:10,长大后的小女孩的表演还稍欠一点啊。。。
八爪,7.1,2011-8-28 22:51:33,一个自传，一个女孩的成长历程，一个人一生的轮回。那是我喜欢的年代和熟悉的方言……影片本身中规中矩
我是人,6.8,2011-8-23 13:27:48,象我的小学日记，老师家长都点评为“流水账”。6.8。
锐小白,8.0,2011-8-19 19:57:12,蒋雯丽本身演的就不错，当导演之后那种风格很明显就有自己的风格。清新的
天使的承诺,10,2011-8-18 11:28:45,嗯，真的很好看~~很温馨的片子，一点都不做作
风之魂,8.3,2011-8-15 16:02:09,蒋雯丽的导演处女作《我们天上见》，有了老戏骨朱旭的倾情加盟，加上小演员上佳的表现，湿漉漉的画面里那浓浓的祖孙情义浅浅淡淡的一点点流露，在结尾处升华。尽管本片个人色彩十分浓厚，但看得出导演有意在众多段落安插一些容易引起观众共鸣的戏份，虽然不免刻意，但不影响全片给人带来的清新与温暖。
干饭2285667,9.0,2011-8-14 19:10:48,平实、无大起大落，但感情做到了极致。
陈四喜,8.2,2011-8-13 17:43:35,据说本片根据真实经历改编~ 可见真实的力量。任何文艺作品，有真实感才有力量！
頭面人物,9.0,2011-8-11 14:39:09,一老一小精湛动人的表演折服了所有观众，美术配乐极具匠心，火车、油纸伞、兰花、朱老总的新闻等等大量的写意象征，叙事节奏稳定，蒋雯丽初执导筒就有如此功力。任感人的浓浓亲情在烟雨小巷、生活琐事中静静流淌……
足蓝羽,8.0,2011-8-10 1:45:52,哀伤的调子，难抑对那个时代的怀想，最亲的人渐渐衰老，真是最疼痛的事情。
Sea_and_Stars,9.5,2011-8-6 11:07:15,个人认为是很好的文艺片，感情真实饱满所以格外动人，平淡安静但是处处温柔动人。
摇滚阿宅,6.5,2011-8-5 9:15:05,走煽情路线的怀旧温情戏码，不过观影过程比较浮躁所以没能好好体会，困乏的情绪下觉得电影有点矫情，而且口音听不惯。
楚天狂啸,8.5,2011-8-4 18:47:59,蒋雯丽的处女作，很细腻很温馨，好人在天上，坏人在地下···
大魔包,9.0,2011-8-3 11:17:25,一种淡淡的感动。
麒麟陈1987,,2011-8-2 23:58:48,一直还没机会看，一直没查到~是我巨想看的一部文艺片~
鱼翅泡饭,7.9,2011-7-28 21:18:52,淡淡的味道，在看完电影之后依然在我的眼前萦绕
贵久,7.7,2011-7-25 22:51:12,几段颇有亮点的处理很难忘 首先让我想与《我们俩》对比 并没有我们俩那么扎实 但也有着女导演特有的云淡风轻
也灵异,8.4,2011-7-24 8:14:58,姥爷对她的照顾无微不至，虽然身在文革，但是也算是幸福的了。
Rayuela,8.4,2011-7-21 21:28:01,我也曾在雨天撑着伞想望亲人，想要沿着马路一直走下去去见父母
宝的味道,7.2,2011-7-20 17:43:23,如散文般的电影
浅却,9.0,2011-7-16 14:51:49,想起我小时的兰花，想起我小时扒的火车，想起我姥姥和姥爷，那个大机的徽章，大概没有多少人认识了
TonySong1257836,,2011-7-15 3:06:28,看了，哭了
脱发的刺猬,7.0,2011-7-10 9:35:44,文革版《边城》
皮皮卡卡鲁,9.0,2011-7-7 9:56:59,故事简单却不俗媚，表演真实不造作，镜头很漂亮，镜头是我最喜欢本片的原因。（不排除顾长卫的作用）因为是讲述对蒋雯丽自身来说很重要的故事，所以真情流露也不为过，只是希望如果还有下部影片的话别让喜欢她的人太失望就好吧。
Wzhi431,8.5,2011-7-4 20:34:00,外公和孙女的故事，真的很感人，在我出生的时候，你开始衰老，在我成人的时候，你逐渐离去。更多的感觉像是我在吮吸着你的精神长大。直到你离去，直到我玉立。
eviltendy,8.0,2011-7-4 10:44:51,老人孩子相依为命，点点滴滴的生活故事，老人带她去练体操，做了错事用戒尺教训她，孩子去送哈密瓜然后偷吃这些，都是当年那美好的回忆
_Mr-snake,8.2,2011-6-30 12:12:22,看着电影，隐约感觉这也许是蒋雯丽的童年写照。一幕一幕让人陶醉的过去，戒尺成了我们要听话的象征。有过的理想被时代抛弃了，有些坚持是因为彼此。我们总会认识到，有些谎言是善良的。故事带给我们温情又让我们忆起那些陈旧的事。
文西,,2011-6-25 23:17:07,我搅得等我到了不惑之年 也能拍出这么一部片子来
夏日梧叶,9.2,2011-6-24 22:59:39,《我们天上见》哀而不伤，可是看到片中姥爷扮猴逗外孙女未果，眼中的心疼，我就开始掉泪，后面更是稀里哗啦，难以接受各种生离、死别，不管现实、虚构。这个电影不能让妹妹看到，从小在姥姥身边长大的她，内心最大的恐惧就是姥姥日益衰弱……预防针不要。以后那么长时间会哀痛，现在还是快乐相伴的好。
-Reykjavik,9.0,2011-6-24 13:58:20,催泪啊，温情不煽情，平淡人性回归
nima,8.0,2011-6-13 16:05:43,像是高材生的第一部片子。只怕是后继无力
HD不坏,10,2011-6-10 14:37:30,管它是否经过艺术加工！！至少每个情节都包涵了最真挚的感情！
genbc,7.7,2011-6-9 10:12:10,一部如散文一样的温情电影，对老爷和外孙女的细腻刻画，感情真挚，温婉动人。
张子期,8.0,2011-6-8 21:52:56,没有煽情的对白，没有做作的表演，只有质朴的情感，慢慢的伴随着小女孩的每一天的成长渗入我们的血液，然后再也分不开。
3600,10,2011-6-8 16:57:49,没想到蒋雯丽导的8错啊
田小甜,8.0,2011-5-27 11:53:13,很久之前看的，值得拿出来回味的文艺片
Lola,8.0,2011-5-27 6:13:55,姥爷卧病在床，一天没伺候过。看了这部电影深感罪孽深重。明天赶紧打个电话慰问一下。
Erica805,9.0,2011-5-23 11:29:52,"童趣 ,回味 .亲情 ,永恒 ."
于斯为盛,8.0,2011-5-21 15:38:18,温情自然，清新小品。一个小女孩和姥爷相依为命的感人故事，一个孤独的女孩的成长经历。小兰撑着雨伞在火车上空飞翔的特技镜头，让这部影片飞翔。
兰若伽蓝,8.0,2011-5-19 15:21:55,难以想象这是一位女演员的导演处女作，情感饱满，细节动人，摄影风格颇受老公影响，美中不足的是结尾太平，高潮没有出来。
小刘4273305,7.0,2011-5-13 13:44:49,很喜欢这种感觉的电影 像诗一般 忧郁潮湿的色调 美好又遥远
小刘4273305,7.0,2011-5-13 13:44:04,很喜欢这种感觉的电影 像诗一般 忧郁潮湿的色调 美好又遥远
se7enty337,8.0,2011-5-12 22:56:11,很感人的佳作
只是孩子,7.8,2011-5-11 21:11:00,虽然导演技巧尚属生手，虽然小演员表演尚有生涩，但丝毫无法掩盖那份真诚和温暖，那个年代的纯真和朴实，具有温暖人心的巨大力量，善良、和谐，不管什么异化的社会，都是一种怀念。 想念我的奶奶，已经大半年了，没见着了，听说最近身体有点欠安，已近80的人，我时刻惶恐
玛丽莲·润之,7.0,2011-5-11 14:33:39,温情至此无法苛评
Hanson,5.0,2011-5-8 16:03:24,不是电影不够美，而是电影除了美，啥都没有，一个这样简单的故事有何可表之处呢？和3岁小孩写的流水账日记有区别吗？如果导演只想拍给自己留念想也就罢了，但，只是这些都与我们无关而已。
flash500,7.0,2011-5-6 10:38:46,各种淡淡的忧伤
janejane,8.0,2011-5-4 22:36:07,平淡中见真情，很好看。
方鹏,8.0,2011-5-4 15:46:16,淡淡叙事，淡淡感动，谁也挽不住流逝的年华！
光脚的,7.9,2011-5-3 23:02:08,一种亲情，一段回忆。怕死吗？不怕，活着可以和你在一起死了可以见另外的亲人~~
寳鋇微笑,9.0,2011-4-29 13:42:37,影片拍得非常细腻真实，一点也不矫揉造作。一些本可以煽情的场景缺刻意幽默化了，但这一点也不妨碍引起观众的共鸣。每个镜头的构图都很精美，截图下来就可以当画儿了。慢慢的节奏就像片中江南下不完的小雨，缺一点也不拖沓反而润物细无声。
夏某夏,7.7,2011-4-27 22:22:24,对于关乎生死的泪点总是抵抗不能
rose_gj,8.1,2011-4-27 20:54:01,蒋雯丽作为导演的第一部片子，半自传式纪念片。拍得很精致，看得出来感情还是很真挚的，但是最吸引人的不是被片子中的爷孙情给感动了，而是片子中渲染的氛围，那个特殊年代的特殊背景。让人对她后来的作品产生了一定的期待。
西西礼畔的美丽传说,7.7,2011-4-27 13:53:10,自言自语的抽泣，慢慢了解给我成长的翅膀的步履蹒跚，那位至亲之人，我们天上见，这电影，这情。
燃烧的小宇宙9,9.0,2011-4-21 17:41:42,喜欢朱旭。
银灵子,9.0,2011-4-21 3:43:23,说的很好听的淮河边上的话，追寻那段逝去的岁月，那个一直深藏于记忆中的人儿，很感人的画卷。。。
倒拍人生,8.4,2011-4-16 18:11:46,下了一個比有 碼還不清楚的版本，但依舊看得超感動。細膩真實的鏡頭確實很有女性視角的味道~那些個錢多的燒著慌的投資人快讓美麗的蔣導接著拍吧T.T
qumeiting,8.3,2011-4-15 18:28:05,每次都被这种温情感动了，故事淡淡的，忧伤的，动情的。。。
惨绿,8.0,2011-4-12 23:25:48,最后您叫我，我不只是因为赌气而不回头，主要是我不敢动，我怕眼泪掉下来。miss you ！
流沙枫,7.0,2011-4-5 11:43:31,后来小兰一个人的生活可好？至少等到爸妈的回家来吧.....
不死鸟3814823,9.0,2011-4-5 0:50:54,情感细腻，温情脉脉，于恬静淡雅的影调中向我们讲述一个苦难文革中的祖孙故事。好久没有如此感动过了。
晴子,8.0,2011-4-4 10:55:24,还不错，挺感人`
一笑而过,7.9,2011-3-31 22:42:04,听到电影里的蚌埠话 感觉特别亲切 原来蒋雯丽是铁一小的。
小小羽0,9.0,2011-3-28 12:47:49,喜欢电影的镜头
醉情公子,8.0,2011-3-25 14:27:21,一部散文化的电影。剧情简单但感人至深。外祖父朱旭和小演员的表演皆有可观之处。最后你一定会在影片结尾的那个烟雨朦胧的镜头里热泪盈眶。推荐看一下《我们俩》，无论人物设置还是故事皆有相似之处，只是导演手法还是略微生涩。
chc3887454,9.0,2011-3-22 17:16:00,难得一见的清新，淡雅，平静的作品
Deleter,7.0,2011-3-21 11:28:06,思念，怀念，悼念，
周周周2880444,7.0,2011-3-12 22:08:42,这些过程真的是这样么我们听别人说我们看别人我们模仿别人我们用动物的感情在玩人类的游戏类似阳光灿烂的日子里的摄影类似在虚伪中成熟的感觉生来是孩子这个社会很幼稚
F_绝地重生,9.5,2011-3-8 21:44:30,同岁月神偷一样，亲情流露其中
Zhaozq11_Stefan,8.0,2011-3-6 17:58:36,平易近人。
李梨梨,9.0,2011-3-6 17:42:49,蒋小兰幼时的演员演得更好一些。大一点的则缺乏灵气。老演员的表演真是不是盖的！而蒋雯丽首次执导就展现出非凡的才气，画面细腻舒服，编剧编得也很好
唐包,8.6,2011-3-6 11:23:30,小时候，爷爷用稻草枝打我，自己却心疼得吃不下饭。思念至此，流泪不止。
mysapphire,8.1,2011-3-5 23:18:42,如果能有机会将自己的童年，自己怀念的时光复制出来，那是多么幸福的一件事。
Samchiel,9.0,2011-3-3 11:14:58,回想起自己的祖父，让人感动。
chrischeng,8.0,2011-3-3 0:20:05,外表平淡 内里火热
鱼1178423,9.0,2011-3-1 0:21:31,我不怕死，死了去了那一边还有你舅舅呢。
南十字的察木,7.5,2011-2-26 2:51:29,雨，铁轨，孙女老爷，真挚而不煽情
郎中有影在江湖,8.0,2011-2-24 0:38:30,我不知道为什么总会很嫉妒那些处女作就表现出超凡才华的导演，例如蒋雯丽，好像从娘胎出来就可以当导演。这部电影让我再次品味了中国文艺片的味道，所不同的是，超现实的想象与自然的生活风趣是我意外收获的东西。
ChatBigMountain,10,2011-2-22 11:55:49,朱老爷子老戏骨啊。。。他们，必要学的那背景方言才可，这才可谓梨园精神。。。这个魔幻现实过渡很自然，这段让我想起了美国往事吃蛋糕那段。。。兰花、铁路、伞，集中表现的意向想怎么理解怎么理解的好
暮夜九江春,9.1,2011-2-19 22:58:19,天上，这么近那么远。。。
wasuremono,,2011-2-19 9:51:30,评价似乎不错
沉默如迷,7.0,2011-2-19 4:16:26,等了很久才看到的一部电影，但没有得到期望的满足感。
沈小西,9.0,2011-2-18 17:29:23,拍摄一部毫不吝啬的将自己所有感情倾注到电影中而完全不在乎商业效应社会效应的纯粹创作电影，真的是很难很花精力时间。
祭祀残念,8.6,2011-2-15 17:34:00,灰色时代里的温馨亲情
_坴小尾,8.5,2011-2-15 2:19:39,LAN勾出好多回忆 铁一小 铁一幼 一大一小的把缸 衣柜 书桌 床 蒲扇 各种都是小时候陪伴长大的东西 现在就这么从生活里消失了 怀念从前 怀念外公外婆
风一样的苋菜王子,8.0,2011-2-13 19:55:38,"朱旭爷爷的息影之作,学猴子的样子很搞笑.很羡慕蒋雯丽,能把自己的成长通过电影呈现出来."
蝴蝶没有翅膀,8.0,2011-2-11 20:07:24,2010温馨隽永的电影作品，疼痛而坚强着生命呼唤
光影过客,,2011-2-11 10:41:24,朴素的美就是真的美，逼真的生活就是真的生活，现实的感动就是最震撼的感动。
战鸽快飞,8.2,2011-2-10 13:15:40,干净的画面，舒缓的配乐，细腻的表演。特殊时代背景下的一段感人的故事。
加利亚,9.0,2011-2-8 20:20:10,淡淡的乡愁，真诚的情感。蒋雯丽的导演处女作很有味道，喜欢！！
尧宝217217,8.1,2011-2-8 15:37:00,隔辈就是亲
supersuper,9.0,2011-2-3 0:57:55,我已经收藏此片
兲朝草民,7.5,2011-1-30 15:42:00,很朴实，没有一丝现在流行的商业元素，让人看有眼前一亮的感觉，音乐也很不错，到后半段总是让我想到天堂电影院，我觉得在某些地方用天堂电影院的配乐效果会更好。
心有猛虎细嗅蔷薇,8.0,2011-1-30 11:00:13,片子有很多不错的小细节，平淡中彰显真实，特别喜欢小兰在墙壁上画兰花的场景，拍摄技巧不强，戏剧化的幻想可以更喜感一点。
花花1471363,10,2011-1-30 1:52:52,前半部分笑点，后半部分泪点。小兰躺在姥爷身边背过去哭，姥爷拍她并再做了个美猴王的动作的时候，我瞬间崩溃了。
善良爆米花,8.0,2011-1-29 0:57:37,心中最柔软的地方！
草启辛君,7.0,2011-1-24 13:30:05,散文般的电影，充满那个时代的气息，但非曾脱离孩童的视野和角度。
kkhenry14,5.0,2011-1-19 15:46:53,比较平淡 没有太多感动
彭彭,7.5,2011-1-17 19:18:03,就是这么平凡的爱  让人忍不住思念……
诺诺诺86,7.7,2011-1-14 22:28:52,相依为命的日子。
品一一,9.0,2011-1-11 22:24:23,很感人的一部小电影，好好珍惜身边爱你的人，那份相依为命的感情，那种害怕失去的心情……
Evan-Tsui,,2011-1-10 10:11:22,昨晚看了蒋雯丽的《我们天上见》，这是一部如潺潺溪流般温暖心灵的电影。
饕餮,8.0,2011-1-10 1:56:06,平淡如水的细腻亲情，虽然早了10来年，但也还是在里面看打到了小时候的生活影像。这部处女作，蒋雯丽作为导演也还是很成功的。。。PS：蒋姓风云是每个7，80后蒋氏小孩子的共同记忆吗。。。= =
雅古巴雒,9.5,2011-1-9 14:28:32,细细品味，我们的生活，我们的传承和延续，我们最最不能淡忘的真情！
和不同,8.2,2011-1-2 20:54:21,平淡动人，没有刻意煽情的真诚之作
摇滚不滚,10,2011-1-2 19:17:05,她说：“姥爷去世的前一天，我和他见了最后一面，当时他几乎毫无知觉，可当我握住姥爷的手时，他却抓住了我的手，流下了一滴眼泪。这一瞬间，我终身难忘。”
刘不洋,8.0,2011-1-2 12:53:24,看到最后，我也哭了！
风雷2408661,8.4,2011-1-2 0:16:51,尽管这是蒋雯丽的处女作，尽管这是个人的童年回忆，但是，你在其中还是能找出很多你小时候经历过的事情。暖暖的亲情，温柔的爱。有亲情但又不煽情。摄影很好、景色很真、细节描写很好。润心细无声。。。近来少有的国产的认真的讲故事的电影。。。
啦啦啦啦啦,7.1,2010-12-30 1:43:41,老爷子真赞，戏骨啊！这样的故事，导演拍出来应该就很满意了吧。
妮子jae,10,2010-12-29 22:34:46,温馨~感人~
良辰美景,8.0,2010-12-29 0:46:19,还好在大部分华语电影让人倒胃口的情况下的2010没有错过这部优秀的影片。蒋雯丽初执导筒拍的那么清晰温情，让我想起了我奶奶眼睛也泛起了你们说的晶莹的小东西。隔背间的相濡以沫让我觉得我做得还太少。
莫殇,8.9,2010-12-26 21:33:34,自传小片，讲的是自己的故事，波动的却是别人的心弦。一把伞和祖孙俩几乎是整个影片的中心了。不煽情，不造作，不夸大，平淡中见真情，细节处显诚意。忍不住就掉眼泪，老爷子演的真好。喜欢这样小制作小人物体现生活的影片，可以安静的看，细细的品味。
Mramani,8.0,2010-12-20 20:44:53,这是关于我们小时候的一些记忆和幻想……
Ricky_江,9.0,2010-12-19 14:47:27,伤而不哀。深深滴体会到了蒋丽雯和姥爷的情感。想起了自己的爷爷。
RieVII,8.4,2010-12-15 21:17:11,大智慧，小泪奔，蒋雯丽好样的
燦_Lx,9.0,2010-12-12 2:08:11,催泪了我..
草尖儿最好的时光,9.0,2010-12-10 1:05:17,淡淡的，美美的，不煽情，不造作。注定要面临姥爷的别离，我们天上见……姥爷失去知觉时哄小兰的一个孙猴儿手势让我哭了。
阿南汉克斯,9.0,2010-12-9 14:20:17,多点这样的片子，少些商业片
彼岸3512323,8.0,2010-12-5 13:39:22,作为第一次导演的作品，还算很成功了。
冯宝宝886182,6.2,2010-12-3 23:09:43,导演零零碎碎的回忆拼凑起的电影
崔崔amber,9.0,2010-12-2 15:14:04,大把大把的眼泪。。。朴实而温情。。。想念在天上的外公外婆~~
佐咗,,2010-12-2 12:01:29,我们天上见！
马克苏,7.9,2010-11-28 3:52:12,丝丝雾气，点点愁绪。笼罩在心头的回忆平实而感人，世界上总有那么一个人，在你想起他的时候不免的感叹与哀伤，而这种哀伤经过岁月的洗礼和打磨，最终就变成了一本老相册，散发出来的全是幸福，因为那一个人~
我要早点睡觉,8.3,2010-11-23 21:08:09,你走的第二天，所有关于你的记忆开始消失，好像在我十六年的生命，你根本从未存在过。你走的第二年，第一次去看你，也是最后一次去看你，旁边的草都长了老高，不知道你是高兴还是哀伤。我原来以为我是恨你的，可是听到你将离去的消息，还是泪流不止。你曾经经常对我说，等你考上了大学，我就给你买一块
第五大盗,8.0,2010-11-23 21:06:25,有故事，有情感的一部文艺片~~很多片段都能让人产生共鸣和怀念，哪怕只是一点点
晴天撑伞的人,7.2,2010-11-23 3:49:00,貌似小时候的自己 也和这女孩很像 只是 失去珍视之人是什么样的心情 我还尚未体会过 如果可以 我真的不想失去任何人
SUGAR,8.0,2010-11-16 17:00:12,作为处女作，很不错； 哪怕不以处女作的低标准来看， 此片也很给力。 推荐
王拾叁,9.0,2010-11-13 13:35:19,这隔辈的爱我从未感受过，只有感动和羡慕。。PS：一点不比所谓大导演拍得差！
starfly-dong,8.0,2010-11-12 13:13:17,喜欢这种默默表达感情的方式，温暖一点一点流向心头，最后爆发的感觉让我觉得很踏实，很感动。我们天上见，一个美好的约定。
Giorgio863444,10,2010-11-12 0:16:02,细节很生动、情感很到位、剧作很紧凑、手法很纯熟、影片很感人
八色彩虹,7.7,2010-11-10 19:37:15,清拌凉菜~~
麦唛oO0,8.0,2010-11-9 13:27:07,很温暖 很美好
米兰的老铁匠,10,2010-11-9 11:04:39,这几年最好的中国电影！
小军,8.0,2010-11-8 15:25:57,所有的欺骗和隐瞒原来都是深深的关爱
标本煎制,8.0,2010-11-8 14:43:35,个人气息浓厚的小温情 琐碎的细节糅在一起慢慢地发酵
一听风雨,8.3,2010-11-7 17:30:26,看到后半段直接哭死，世上有人待你若此，此生还有什么事想不通呢？姥爷如父如母，我之一生断不能有此际遇了。表演10分是给姥爷的。
jeans,8.0,2010-11-7 12:41:21,在只有红色的年代里平凡的细节是最为珍贵的.
清晨小茉莉,9.0,2010-11-6 20:15:12,我们天上见吧、有一个好姥爷、姥爷在的时候“我”是世界的宝
娃儿,8.1,2010-11-5 21:09:29,期待这片很久 无奈...蒋雯丽的自传电影 弱化戏剧冲突 可归纳为现实主义流派 真情流露 没有半点虚假  为什么蒋雯丽的处女作 会如此成功 只因为它是一部走心的电影 串联电影的物理核心是蒙太奇 精神核心则是人的情感
三鲜伊面,7.7,2010-10-28 22:55:56,姥爷病了之后很不错，小女孩照顾姥爷，一如曾经姥爷照顾她。亲情总让人有种说不出的温暖，我姥爷去世的时候我在千里之外的上海，妈在电话里告诉我的……我没因为姥爷的去世而哭过，但我是难受的。
kids2017,,2010-10-5 1:51:39,一直一直想看，但没资源，囧。~
叨叨是条狗,,2010-9-15 11:34:00,怎么网上都看不到呢！
菀树,6.7,2010-8-22 19:48:01,关于伞的意象很不符合现实生活~感觉很一般，不似先前吹的那么玄妙，她的梦倒是有点看点 
声色画报,7.1,2010-8-12 22:14:34,蒋雯丽执导处女作，讲述了自己的故事，还是很真挚的。可惜原片名《伞》《兰草》因为迷信导致被换，我还是觉得现在这个片名有点不妥，过早把故事结局给暴露了。
穿西装的蚊子,9.0,2010-8-6 22:38:36,死亡一直都是我不敢正视的但又是不得不正视的。平淡的情节，没有戏剧冲突，但是这种真实确实最具感染力和张力的！
小蝎子1026,,2010-8-5 22:49:17,很像自己哒童年。。。
沾泥浮捞轮屎,8.4,2010-8-4 23:15:13,平淡质朴中见真情
丝丝晓雨,9.0,2010-8-4 0:39:03,看得我眼泪哗啦~~感情真挚！赞一个！！
luckywish,10,2010-7-6 13:01:56,零碎的、平淡的、真挚的、感人的片段一点点串联，记忆中的春夏秋冬蔓延开来，构成了完整的童年、亲情、梦境和成长，足以让人久久不忘。坐在电影院默默哭了两次，周围的观众似乎都在不同的时段流泪了…… 
magane,8.0,2010-7-6 10:31:08,抛开电影本身，情感还算真实感人，至少我看哭了
胡不鬼,,2010-5-20 3:35:59,今年看过的最好最有诚意的中国电影
安安果,,2010-5-13 20:54:12,生命真的很脆弱
gege1548249,,2010-4-29 18:17:27,"带着浓重的感伤,让人想起自己的家人."
kevin994301,,2010-4-28 15:39:39,回归集体观露天电影的年代，作品很真诚
武俏君,8.0,2010-4-23 20:05:47,清新如茗茶，浓情如岁月。
梵天大圣,,2010-4-19 20:06:28,此曲只应天上有 人间那得几回闻
Domino1739917,,2010-4-18 14:06:05,蒋导演的功力显然没有老公好，挺期待看到的这部剧，还是比较失望，比起同一题材的《岁月神偷》同样是讲导演小时候的故事，表达上要差不少了。
Charles2929868,,2010-4-18 2:31:50,非常推荐，温馨而感人，蒋雯丽的诚意之作
豬頭03,,2010-4-18 0:21:55,温馨，蒋导出手不凡！
invivo,,2010-4-17 21:47:17,很感人。在北大看的，蒋雯丽真人很漂亮。
杯盘狼藉,,2010-4-17 21:13:59,看完后想，究竟是这部影片的哪一点感动了我，让我泪水长流呢？思索过后，得出的答案让我惊奇：并非剧情，而是那一屏幕的淮水边的风景，令我想起了我心灵中的童年旧事的模糊眉眼。到头来一句话：使观众感动的，都是记忆中自己的经历。在《我们天上见》中，我们看的不是电影，是自己的过去。
鬼影飘来,,2010-4-17 18:03:27,很温馨的一部文艺片，和《我们俩》很像，让人回忆我们已经逝去的青春和亲情。看后很多人都哭了。
amazonsl,,2010-4-17 16:50:52,比较感动的一部片子~~朱旭老爷子的表演太出色了~~
GreyChou,,2010-4-17 6:45:02,还不错，在蚌埠看的，蒋雯丽本人到场了！！
史密斯先生2805397,,2010-4-16 3:48:20,中国电影并不是一无是处。
任十一,,2010-4-14 13:16:18,像大多数有想法的演员首执导筒一样，镜头的关注点基本放在台词和表情上，其余，如叙事、画面、象征立意等，不在控制范围内，重细节轻总控，不过反正也是玩票，也就无需苛求了；朱旭整个儿就是好演员的带名词，小姑娘选得愣坷坷，不林妙可，就很讨喜了；七十年代怀旧背景能够引起部分观众的好感，蒋阿姨
