Cuchilo,8.0,2019-1-5 12:18:21,这种老人与儿女相处现在都是个棘手的难题，何况还是在语言不通的美帝那边。电影的寓意很久不会过时。
众人退至吾身后,8.0,2018-12-2 21:43:53,二十几年前的电影， 对现在的家庭生活仍有警醒意义。
wonka,6.0,2018-10-21 17:59:11,也不知道是期待太高还是年代有点久了，感觉味道一般。郎老先生的演技还是很动人的，除此之外就乏善可陈了，名字起得好，但美国人真的明白么。可能当时还没有太多表现中美文化差异，移民一代问题的电影吧。有一点政治倾向，不知道是不是有意为之，你怎么不说台湾戒严直到87年才解除呢。老爷子的功力实在是...太能忽悠美国观众了，前几年那个女太极拳骗子和弟子的表演是借鉴了这个么，本来还挺严肃的片子，弄得人要笑出来了，算我少见多怪吧~
随风819,7.0,2018-10-13 17:23:54,其实即使在中国，老人住一起也会有很多矛盾，更何况中西文化的巨大差异，完全无法交流啊。老了之后的孤独寂寞，真的无解。
touya,8.2,2018-8-30 14:39:12,推手这个概念非常好，不论是放在亲情、爱情或者是in-law这层关系上，何况在加上中国老人在美国生活的背景。虽然后半段把太极过于神化，剧情也有点刻意，但还是会跟着解气，跟着唏嘘。那小孩我还以为是李淳呢，竟然是他哥哥~
Aee3519479,8.0,2018-5-3 15:00:59,节奏缓慢，要慢慢看
只是孩子,8.2,2018-4-25 19:48:57,我们总是在分歧和推搡中认识彼此，或分离或郁结，保持自我，协调平衡，很难，还需努力。
羊点,7.0,2018-4-8 23:09:04,能看出导演的生涩以及拍片成本不高，当然还有努力展示中国文化元素为噱头，有故意卖弄的嫌疑，当然比起张艺谋那种故意把愚昧丑陋的一面展示还是好多了。
成龙VS史泰龙,9.0,2018-2-21 23:01:58,开场的肢体语言冲突才是最大看点 看似一部简约的电影却透露出深度的内涵思想 虽然是一部老片子 但是拿到当今也值得观众深入的反思...
小四6171,8.0,2017-12-16 18:41:30,除了太极功不科学，都挺好。印象深刻的是那个台湾老板压迫工人，和嘲笑共产主义者的嘴脸，看来蒋介石洗脑也厉害。毛派革命分子，变成房地产大亨，如果有比共产党更遭的东西，那就是前共产党员变成走资派。美国教小孩，好像做买卖，什么都谈条件。美国人对孩子挺客气的，不把孩子当孩子。这就叫民主，民主就是没大没小。生死有命，富贵在天，想开了也没什么。在我的教养里，一个人应该关照父母，就像父母关照你一样，父亲是我生命的一部分。
hooq,8.5,2017-10-8 11:59:30,家庭三部曲第一部，展现了中西文化冲突和家庭矛盾，让人深刻反思。
随便帅下,7.9,2017-8-15 14:28:37,老人的表演很可爱，确实老了情绪表现有些像小孩，哈哈。
屠龙侠912,7.1,2017-8-4 17:41:38,大概是我看过的最憋屈的片子。对太极拳的展现过度夸张。
江小岸,9.0,2017-7-13 7:59:06,李安绝对称的上是传播中国传统文化的大师，并且在传播时做到不卑不亢，而非国内一些导演乐于亮丑来搏取眼球。本片从太极拳入手，深化到夫妻、父子的家庭关系，又反映了海外华人特别是老人的一些普遍现状，入木三分！
chino1462675,8.0,2017-7-3 1:12:49,李安在其处女作就已经展现出了独特的人文情怀的魅力，尽管导演的技巧还不够娴熟，但诚恳的态度，真诚的表达和独特的中西方视角让这样一部“糙制”的电影有数不尽的闪光点
wakan,7.9,2017-6-24 1:18:16,父亲与家庭，请认准李安牌
睡人Sam,7.0,2017-5-23 22:14:18,作为李安的长片处女作，已经可以看出他在处理细腻情感上的功力。但在故事的处理上还有许多刻意乃至不自然的地方，特别是朗雄的角色设定，简直是中华文化上下五千年会行走的结晶啊...
香蕉个八辣,8.8,2017-4-6 6:42:16,许多人都在说移民国外有多好云云，其实在国外当地的华人圈很小，你可能能接受他们的生活习惯，但你终究还是个外国人，真正的好朋友还得是同胞。
Sweetzhu,7.4,2017-4-2 21:37:13,通过洋媳妇和中国老大爷生活习惯的反差反应中西文化的强烈冲击，但我觉得国内现代的年轻人更多的被西化，而不是接受传统，这种反差如今不止仅出现在国外了。
Master_Ethan,7.0,2017-3-23 21:49:19,No country for old man. 独自到来，独自离去。
周星馳,7.5,2017-3-16 22:07:32,主题平淡无奇，讲的是洋媳妇和中国爹的相处到中洋夫妻的日常以及在异乡的中国老年人的生活，但是能把推手这一中国传统功夫蕴含的内涵和家庭生活、婚姻以及中西文化巧妙地互文融合，就立见新意。
无名指L,8.0,2017-2-27 19:40:43,东西方文化的碰撞，难
夏目透,7.6,2016-12-31 1:06:15,难以割舍的是感情
echoshe,8.0,2016-12-16 11:05:09,简单的东西文化的碰撞在李安的手里却拍出了家庭的独特的味道。李安早起的作品，丝丝入扣。但更喜欢他的冰血暴。
神秘的L君,8.0,2016-11-27 20:48:10,李安第一部拍给西方人和中国人同时欣赏的好电影，东西方文化的差异，生活习惯的不同所带来的矛盾与冲突， 怎样在这之中找到一种平衡，李安进行了一番颇有意思的探索，达到这种平衡的最佳办法——推手
燕子与芦苇,8.0,2016-10-11 17:13:02,李安家庭三部曲第一部
瀛26000,8.1,2016-7-27 15:27:35,单看片名和海报的话会给人一种这个讲一代宗师传奇故事的错觉，其实是个讲中国太极大师年老以后跟儿子在美国生活的故事；李安将自己国内外生活的亲身感受融入到影片创作中，可能正是因为有过在这种有着强烈文化冲突的环境中生活的经历，才能把人物形象和心理活动刻画的这么细致入微吧，作为电影长片导演处女作，已经隐隐能看出大师风范了
巴登夏日,8.3,2016-7-19 10:41:30,很好，公认的佳作
斯水年华,9.5,2016-6-22 22:32:25,无处不在的东西方文化和思维方式的冲击还有李安的诙谐幽默小桥段
梁思景,9.0,2016-6-18 1:28:01,第一部电影就拍得那么好，富有生活气息和洞察
小强中士,10,2016-6-14 22:39:51,只有李安和朗雄一起才有这感觉，看的太舒服了。推手也和人际关系一般，有进有退。
Anhui,8.0,2016-6-11 9:31:45,中西文化碰撞，很有特色！当年看了不少李安。洋媳妇与中式爸比，难免！
炎日,7.9,2016-6-6 23:11:25,中西文化的大冲击，没有谁对谁错，最艰难的还是无法交流，在异国他乡的寂寞又是如此艰难，找一个知己，找一个伴侣或许就是另一个开始。
撒尔魔,7.0,2016-5-20 16:51:36,李安教你如何边带孩子边拍电影，了不起。
SuperCat,8.0,2016-4-25 0:30:59,温润如玉的佳作，李安对中华文化的真爱和对美国文化的深刻理解，和剧情简直完美地融合在一起了
马克杨,9.0,2016-3-31 23:31:33,简直是写出了新老一代移民的心声。。正在经历同样的阶段，太写实了
来自大巴山的玉面飞龙,8.0,2016-3-28 15:22:42,描写得东西方文化的冲突，还有老年人的心态，结尾不错。
丸剑痕,8.0,2016-3-26 21:55:03,《推手》作为李安的父亲三部曲首部，矛盾冲突最显性，最激烈，也暗喻更多人际关系的处理方式。以古拳理喻人生，并带出两岸人民的乡愁，属于中华文化的那骨子里头的精气神，呼之欲出。
足蓝羽,8.0,2016-2-26 22:13:30,同样是父亲三部曲，这部电影的对白就没有那么苍白，而是满含韵味。不过这部电影里表现中国父亲和外国媳妇的冲突，以及和孙儿的关系都稍显力度。郎雄真是个好演员，每个角色都让人印象深刻。故事里的中国老板也是活灵活现，感觉比和儿媳妇的冲突要鲜明多了。
·DHW·,8.6,2016-1-22 3:54:58,郎雄演的传神，两种文化的冲突，家庭的冲突，旧时代下生活过来的旧人对过去与未来的看法，以小见大，导演处女作，独有的韵味，李安大才。
Oriens,7.0,2016-1-11 14:51:24,比中西文化冲突更剧烈的矛盾是父子鸿沟，归根结底还是新旧差异。电影的核心就是戏剧冲突，李安从首部长篇开始就奠定了其冲突发现者的角色，和第五代导演取材从乡土日渐转向借用经典戏剧冲突相比，李安的视角更低，更擅长在日常生活中去挖掘，创作导演。
番茄的梯子,9.0,2016-1-9 19:41:10,老年人失去了社会价值，就会被遗忘与抛弃
lbtz,3.0,2016-1-2 21:58:55,父亲三部曲的喜宴和饮食男女都很喜欢，但对推手完全无感。
火麒麟ST,8.8,2016-1-1 11:07:39,中西冲突三部曲第一部。李安拍这部处女作时真的很差钱，有些部分拍的不尽人意，比如儿子一气之下摔餐具那段，摄影就很一般。但整体来说还是很出色，光是剧情和表演就足以让这片子成为影迷长久的谈资。在这片子里李安想说的东西太多太直白了，还好这片子还是叙事先行，要不然就成了中国第六代导演普遍的隐喻批判大于故事叙述的风格了
filmman,7.9,2015-12-13 18:32:10,中西文化冲突，中国老人的气骨和牺牲，尽在点滴之中。
赵小威威,7.5,2015-12-12 1:39:09,李安的电影从来就不缺少戏剧冲突，作为导演处女作，借太极推手来喻你来我往的父子关系，家庭关系以及文化隔阂，有些细节做得稍显生硬。“父亲三部曲”有郎雄一半的功劳！王莱也小有惊喜，印象最深还是她在李翰祥电影里的老鸨★★★★
牵机,8.0,2015-12-4 20:08:38,李安的电影，直击灵魂和现实。
anelka17,8.4,2015-10-24 17:40:39,看着真心塞
steven1928731,8.0,2015-10-17 6:29:17,李安对中西文化的观察和体悟真是妙到颠毫
夏柑糖_y4,8.0,2015-10-9 12:39:30,有点虐心，老头子演的真好
夏柑糖_y4,8.0,2015-10-9 12:39:02,有点虐心
樱木花城,8.2,2015-8-26 19:39:19,李安“父亲三部曲”的第一部，给人一种深入浅出的感觉。在反映中西文化冲突的同时也赋予了片中人物一个看似美好的结局。李安的留白风格在这部电影中已经初见端倪。而且这部电影的台词也是很有味道，需细细品味，如品茶一般香醇。郎雄和饰演陈太太的老演员都奉献出了精湛的演技，其二人的对话也是独具中国特色，话中有话，回味无穷。这部电影戏剧性上比后两部略逊一筹，但却是最直白的一部表达李安电影风格的作品。
MagicWinds,8.0,2015-8-22 22:09:42,只能同患难不能共享福的谶言有时连至亲也躲不过，不过文化的差异让我对晓生深深的痛苦倍有感触。一身绝技居然是为了逃避苦难现实的一种方式，擅长的推手推得开自己身边的危险却推不开妻子的有形伤害和儿子的无形摧残，一生在躲避他人，到头来却要躲开最亲的人，功夫越深，无力感越深。好在导演心善，还给我们留了美好的想象，一句“没事”是我今日听见的最美好的句子。2015.08.22
无人用电锯,8.0,2015-7-31 19:57:30,朱老师这样的高手在时代上也不好混啊。片尾再也含蓄不了的父子之情好感人。
s-arah,8.6,2015-7-2 21:21:03,生活细节描绘的够细腻，除了片中几处有点夸张以外...
我是Eric,8.7,2015-7-2 12:47:39,在剧情流转中能看出李安的力道。
单雨落,8.0,2015-6-16 9:22:21,李安太爱这种冲突的故事了，同时还神话了中国功夫，剧情推进不急不缓，婉婉到来，再轻松背后引起深思，但最后能给一个不错的结局也算可以。
三木1115,9.0,2015-5-29 0:29:52,1024
蓝天碧海我是MC,7.8,2015-3-27 19:08:12,李安在一个十分特殊的时期导演的作品。并没有像看《断背山》和《少年派》时一样至落泪，但是看似突兀的结尾也让人颇有些感慨。
jojolion,8.2,2015-2-28 23:52:05,处处体现东西方文化矛盾冲突，于无声处听惊雷。
鱼藏影记,8.0,2015-2-25 20:10:20,已经赋闲六年的李安参加台湾新电影的剧本比赛，结果一开奖，前两名都是他的剧本，《喜宴》和《推手》，身在美国的李安借钱买机票回台领奖，这才有了拍电影的机会，《喜宴》最后拿了金熊，《推手》是李安的处女作，质朴，细腻，对了，片中还讲了一点太极拳，可惜武术指导弱爆了，或者压根就没有
DU令狐,8.0,2015-2-9 12:48:38,三部曲中，唯一落泪影片。两种文化的冲突对撞，人性的自私无奈，在平静的镜头下一 一呈现……
OKBEN,10,2015-1-26 18:18:59,好，不僅影片岀色，背後李安的故事也份外感人
godfatherLaw,7.6,2014-12-23 12:47:56,安叔处女作，看来还是尚留着学生作品的痕迹，整个电影看下来难得有点清新的感觉，比起技术扎实，控制力平稳的《色戒》，更有另一番味道
黍芹,7.7,2014-12-15 22:39:23,《推手》 ：这部的矛盾最为激烈，看起来也最让人心酸，过程中就一直在想有没有折中的解决方案，不过这也多少是中西冲突的个例，国内这现象普遍没有这么惨。郎雄的演技在这部中变现得最突出，在餐馆那一段不可谓不经典，但总感觉故事不够完整，完全可以再拍个半小时左右。/宿舍
7S记忆的鱼,8.0,2014-11-15 9:08:42,两代人、中西方文化的碰撞，根不在这里，如同行尸走肉。
黑骨精,8.0,2014-11-10 10:34:21,在表现家庭关系和中西方文化冲突类型影片中，李安无疑是其中的佼佼者。不无例外，他的三部曲当中都有很深的思考，虽然没有可以褒贬任何一方，但从他情感方面而言，更多的则是一份对于传统文化和价值的坚守，同时也流露出几多对传统文化观念没落的无奈之情。郑晓龙的《刮痧》也有类似情感，但又隔靴搔痒
丰杀,7.7,2014-11-1 13:35:41,三十七岁的处女作，虽粗，但细。
冷冷雨,8.0,2014-10-30 20:32:30,唉，妥协是不是最好的结局吧。。。
拾久,8.4,2014-10-29 15:06:09,确实随风潜入夜，润物细无声，看似平淡的镜头下，但可以发掘很多潜在的内容。平平淡淡的一部电影，看完确实打动人，甚至是长舒一口气，李安用一部电影解读了中西文化的差异！以及在这种文化差异背景下相处的种种无奈！
綝缡,8.0,2014-10-20 21:42:43,我们文化里好的坏的东西复杂又根深蒂固，思维、行为真真被裹挟了几千年。就是这闷骚劲儿。嗯“我要是知道这墙不够厚，我还不敢撞它呢”——看完片子神奇的是身心舒畅了，吃点东西去。
supersuper,8.0,2014-10-18 0:01:58,看来东西方文化需要磨合才能达到和谐
Torrace,8.1,2014-10-12 16:46:47,李安的第一部真正意义上的电影，低成本水平却不低。《推手》展示的不仅仅是西方个人独立思想和中国传统家庭文化的冲突，在当今中国，年老父母和儿女的相处也是一个艰难的现实命题。
格子810189,7.0,2014-10-6 20:49:10,李安编导的第一部电影，确是能看出稚弱的镜头感，很多场面如电视剧般（你要称赞？那就说表现质朴，语言简炼）。中西文化碰撞与大陆文革，都是讨巧的热点！
57号元素,8.2,2014-10-5 2:43:37,"感觉有点神话中国功夫太极拳了, 哪有这么op的"
楚翰彻,8.0,2014-9-26 21:07:47,文化博弈是一个永远没有对错的话题，但其实我认为，在真正善良的人的面前，所谓的文化差异从来不是问题。就如本片所揭示的，躲藏在文化差异背后的，仍是人性中善恶的摇摆，利益的角逐。此外，历史的荒谬，归属感的丧失，甚至语言的不通，都是造成隔阂的原因。妥协与牺牲或许可以大事化小，但若寻求解决之法，恐怕最终还是要落实在人性的豁达与高贵上。
Lyric米乐,7.8,2014-9-21 21:15:52,搞半天原来是个功夫片
梧素衣,8.0,2014-9-21 20:45:09,李安总是能从一个小家庭反应一代人及那一代人的社会风貌，推手就是一个典型，郎雄再次用他细腻的演绎雕刻了一个不知所从的父亲形象，却展现了无数那一代老人的无奈与叹息。
饕餮,6.3,2014-9-16 23:09:00,中美文化冲突，父母儿女间冲突。“共患难容易，共安乐难。”这句话无论放在什么时候都对啊。。。
梦之魅影,7.9,2014-9-11 18:38:51,郎雄在中华活动中心调戏陈太太那场戏真是闷骚翻了，把中国人的性格刻画得入木三分
kewell24,9.0,2014-9-6 21:41:44,近期看完了李安的作品，非常佩服他对中国文化的理解，更佩服他的“翻译”能力，能把华人世界让老外看懂，如此，华人奥斯卡导演第一人就一点也不奇怪了。
kewell24,9.0,2014-9-6 21:16:22,至此，我看完了李安的父亲三部曲，郎雄的父亲角色，真的看的我醉了，隐忍，坚强。
Mrlonely,8.0,2014-9-6 15:41:50,中西文化之间的差异！！！！！
空蓝,8.0,2014-8-31 16:38:16,李安的电影，处处散发这丰厚的人文关怀
白铁,7.4,2014-8-15 20:52:46,没有后两部好看 但郎雄与王莱的对手戏还是很有味道值得玩味
perfect当,8.0,2014-8-4 20:17:48,年迈父母的生活，真的很需要我们为之设想
malong615,8.0,2014-8-4 10:45:51,中美文化的差异，在现实生活中处处皆有
苗乐乐MiuMiu,7.6,2014-7-21 13:09:56,李安家庭三部曲，晚年父子情，感人却不刻意煽情，值得金马奖最佳男主角。剧情进展有些青涩，可能是李安处女作的原因，结尾有些差点感觉。
3排5号,8.0,2014-7-19 23:25:10,喜欢这种平实的感动
坏姑娘小简对抗全世界,8.2,2014-7-10 21:22:42,三部曲唯一鼻酸的一部
涉抄无显,8.0,2014-6-25 15:08:46,觉得三部曲中的喜宴最好看
KraT03,9.0,2014-6-9 21:47:10,很有感触啊 很生活
伦夕,6.8,2014-6-6 21:25:31,李安第一部公映的电影，多少有些矫情，有一些台湾电影的老套路，不过在煽情上李安还是保持了相当的克制
声色画报,7.0,2014-6-3 11:11:46,李安处女作，家庭三部曲开篇，如片中女主角一样，久旱逢甘霖，剧本终于有人赏识。客观说，影片表现力还是比较青涩，不够流畅，部分桥段过于夸张和刻意，对大陆的描写难以认同。总体已属不易，连李安自己的餐桌和儿子都奉献出来了。
xg007china,8.0,2014-5-27 23:31:01,文化的冲突经过李安这位有文化导演的演绎，显得格外真实
JTimberlake,8.2,2014-5-19 16:03:19,李安的剧本真是。。。。6年蛰伏，写了多少好故事啊
EVA2445036,6.0,2014-5-12 23:00:30,先看的饮食，再看的这个，觉得平平
linda432,8.0,2014-5-11 17:02:06,从片子的道具和镜头的运用，能看得出拍片时的捉襟见肘，但丝毫不影响它作为李安导演处女作的优秀！沉寂了六年的爆发！却是如此温情细腻！剧本以小见大，心理刻画，气氛渲染的相当到位！通过导演的镜头，我能感同身受，身为老人家的孤独，身为儿子的无奈，还没老时如何照顾好老人，老了以后如何照顾好自己，不管是国内还是国外，都是我们需要深深思考的。
小妖1054574,8.0,2014-5-6 8:51:54,理解父母年老后的心态，会想起爷爷孤独的处境。
沃德先生,6.8,2014-4-8 13:37:45,“家庭三部曲”看完了。推手在三部曲中可以说是一部“烂片”，某些台词实在太过形式化，似乎是用外文写好翻译过来的对白。李安对人物的调度也略反感，除了郎雄以外的人物都类似傀儡那样在说话，当然三部曲的后两部实在太好咯！中西文化互相推让借力寻找平衡，李安的处女座还是斜了一点。这三部曲就是李安的三级跳~~~~
小-紅-葉,7.0,2014-4-2 5:24:25,片中老朱的苍劲太极在美国文化氛围渲染下更有了一种文化冲击的感觉，李安早期的作品其实更能代表他个人的电影风格。
Lilith丶,8.7,2014-4-1 23:18:38,语言的隔阂，亲情的隔阂，台湾与大陆的隔阂，李安的悲情意识，都有所体现。细腻，生动，如“推手”，四两拨千斤。
genthrill,8.3,2014-3-24 20:20:35,李安的幽默令人忍俊不禁，好片子，现在再难有导演会静下心来拍这种电影了
shotasMtime,7.6,2014-3-22 23:29:13,跟《喜宴》比确实还显稚嫩。（ps：郎雄是李安的御用啊）
薄翠,7.0,2014-3-21 14:34:15,很久没有影片能让我淆然泪下了。李安对感情的刻画独树一帜，一如中华文化醇厚绵香。
青山翠谷,7.0,2014-3-21 14:22:21,很久没有影片能让我淆然泪下了。李安对感情的刻画独树一帜，一如中华文化醇厚绵香。
JoePacino,7.9,2014-3-15 23:47:08,很好奇，李安一台湾人是怎么写出这么有北京味儿的人物和语言的。整体很不错，文化冲突、语言障碍、家庭观念，但有些情节有少许生硬之处，健身太极也被强化成了武侠功夫，略喜感略违和。。
木瓜,8.3,2014-3-13 14:05:29,朗雄老爷爷气质真是好... 推手~ 故事情节不如喜宴丰富，人物关系不如饮食男女复杂~ 但作为李安导演的第一部长片作品 细腻 安静~ 讲述强烈的文化冲突下人们静悄悄的生活...  李安导演我真是喜欢...
夜盲吟游魔,10,2014-3-12 9:46:36,李安加郎雄，这样子的三部曲，在我心里的分量是很沉重经典的，因为电影中传达出对中国传统文化的解读 ，对传统情感的描述，对东西方，传统与现代的矛盾的冲突，都随着潺潺流水般的慢慢道来，气功，饮食，书法，这些经常能接触，但让我们这些年轻人又觉得过时的东西，在电影中一一焕发出那沉淀的美与神奇，中国人自古需求的那份宁静，外人是远远不会懂的
Elaine0125,8.0,2014-3-2 23:07:42,共患难容易，共安乐难。片子的前半部分有些拖沓，直到后面才戳到重点，不愧是剧情片啊～让我想起了小津的《东京物语》
yjxue84,8.6,2014-2-28 20:58:58,以情取勝，值得和家人一起欣賞。
Dn___,9.0,2014-2-8 15:56:55,特平静的一部影片，像是身临其境在看生活，以至于影片结束时还意犹未尽。老爷子可真是厉害啊
MrRob0t,8.0,2014-2-7 19:55:31,《李安三部曲》之一，通过一对父子的旅美生活反映了上个世纪中美两国文化的鲜明差异，揭示了这种文化差异背后带来的巨大冲突，典型而深刻。
dennisjerry,8.8,2014-2-7 14:37:22,作为大师李安的第一部剧情长片，影片无论从拍摄技巧还是对细节的拿捏着实让我惊讶！大框架讲述的是文化差异，通过公公和儿媳的作息生活点出中西方的不同，比如教育孩子、饮食、住房等；而由此产生的是更深层次的养老问题，全片三个高潮都是在说父子关系。影片进行到97分，父子俩在监狱里互诉衷肠，儿子痛哭的那场戏让我潸然泪下！“共患难容易，共安乐难”，“孩子们都大了，我们老年人不自求多福，还能怎么办呢？”等对白一针见血，道出了无奈！
渡渡鸟dodo,8.0,2014-1-19 11:06:06,老爷子演得很好，很感人。影片多次出现太极、书法、京剧，很有中国味。
brighton0312,7.0,2014-1-17 13:19:14,华人赴美的奇幻新路历程，年老却需要融入异地生活的违和感与孤独感。
太子巴德,8.8,2014-1-15 23:10:31,电影开篇一分多钟我就知道这注定是神作，但不到20分钟我就有点看不下去了，因为主题真的太深刻。关于电影内容我也不想多说什么了，看了自然会有体会。故事虽然并不完美，也还值得给10分。画面只能用朴素来形容吧，开篇的配乐有点恐怖片的感觉。
EndlessJT,8.0,2013-12-31 16:07:46,推手，你以为老爷子不懂英语，其实你们说的他全懂。
安托万的黑眼睛,8.8,2013-12-29 20:41:03,今日看完李安的父亲三部曲。郎雄爷爷真是一身正气，超强气场，超然演技。中国国粹就应该被好好的经典细拍出韵味，如“京剧”、“功夫、“太极”、“中药’、”针灸‘、'书法'、'美食'。。。。’老爷子对儿子说得对：共患难容易，共享乐难。看看中华五千年，陈胜吴广起义失败、刘邦得天下后兔死狗烹、宋太祖杯酒释兵权、李自成功败紫金城，为何？都是老爷子那句话也。。。。
静水流深2012,9.0,2013-12-24 19:46:44,浓浓的亲情，两代人的沟通和思想的碰撞。
情深不寿,8.0,2013-12-20 13:38:53,这应该是以另一种全新的角度来拍摄“功夫”片，没有李小龙式的吐口恶气，而正如片中所说，太极功夫只是老爷子避世的手段。片子的故事很单纯，但情意十分绵长，李安确实非常擅长电影。
迪迪埃德罗巴,8.0,2013-12-19 18:19:02,故事细腻而回味深刻
onlytony,8.0,2013-12-13 20:17:17,李安是真的懂中国人的精神世界
陈一,9.1,2013-12-5 16:32:56,子女对父母的爱 哪个有如父母爱子女爱的那么真 那么深 那么重......
漫伽,7.8,2013-12-4 18:19:35,没有太大的戏剧冲突，很温和、写实的体现了，两域文化关系。
一笑lee,8.0,2013-11-28 18:56:29,讲的是中西合璧一家人的生活。叙事平稳，矛盾冲突似乎并不明显，但较得是股子暗劲，因此矛盾又似乎无处不在。看得出当时李安的困惑，两种文化之间，两代人之间是否可以很好的交融理解尊重？开局把两种文化的软冲突拍得很精彩。
落影时光,7.7,2013-11-27 16:16:33,真实！刚开始接触“父亲”三部曲，平淡，却很真实，直面生活，一切都太写实。继续。
janus87,9.0,2013-11-16 14:57:06,在这里，看见中国传统！
ALEX2383188,8.0,2013-11-2 21:57:58,文化冲突，父子冲突，甚至社会冲突，李安的处女作就开始研究矛盾带来的种种
邪恶的老杀,8.0,2013-10-31 11:58:53,李安早期的电影更多关注的是中西文化的差异和碰撞，可能和他在美国的经历有关，但是这种细腻的电影看起来总是很有滋味。
Hanker,6.8,2013-10-26 0:37:33,真是一对奇葩的父子。。。
夏某夏,,2013-10-25 22:04:16,#一部片认识李安# @卡片机器人一号  《推手》 
Luna_星,8.0,2013-10-25 13:54:56,又是中美文化和家庭关系的话题，真心有趣。   这个片子看得有些不爽，因为作为儿子的中间人太SB。  男主的表演真贴心，故事虽然有点夸张，不过很温暖，20年前的人事物还有美国的街景，加上李安本人的经历，都决定了这部作品不同寻常的魅力。  太极的意义很赞，别说美国文化下，今天的我看父亲的一些话，太极和书法，功夫和气的看法都觉得离生活很远的事情了，得到很多的片子。
水平亻,,2013-10-24 11:54:13,#一部片认识李安#《推手》
T-N-T,,2013-10-23 11:05:11,#一部片认识李安# 推荐《推手》李安的父亲三部曲值得看的@卡片机器人一号
马克苏,9.0,2013-10-22 22:27:48,本以为会看睡着的电影居然越来越精神，不是很神秘，也不是很浅薄，电影的故事性，剧本的冲突性在平静如水的镜头中暗潮涌动，二十多年依然是一部好片！
阿飞扬,10,2013-10-20 11:50:17,中西文化的碰撞与融合吧
猫二弚,8.3,2013-10-4 23:43:50,大师的作品就是不同凡响、匠心独运、细致巧妙地把中西文化既分明、又柔和地拿捏到位、特别在挖掘人物内心执着、宽容、内敛、气节上功夫下足了、好多地方也是映照了当时经济比较差、生活比较拮据的李安自己的处境、电影虽然是在造梦、但终究源于生活。
sleepheart,7.5,2013-9-30 23:14:20,照影片所言，太极的最高境界乃还神为虚也，纵使武功高如老爷爷这般，也终究化解不了晚年的重重矛盾啊
得儿然,8.8,2013-9-28 10:02:53,中西文化碰撞的产物
Se2Corld,5.8,2013-9-15 13:19:18,中西文化的差异，让人触动。前期中期还都可以，但是感觉结尾无力，对看过了主旋律大团圆结尾的人，来说有些不满。补看了后，才知道李安早已轻松游弋于中西文化之间。
老片客,7.2,2013-9-10 22:46:53,太极生两仪，两仪生四象，四象生八卦。这里不止有武术，还有生活。
麻豆,8.4,2013-9-9 15:37:54,很平淡的故事，却讲述两代人之间的感情和分歧，这是个永远的话题。。。。
三番三番,7.0,2013-8-29 15:46:36,兩代人的交流入心最難
王小石,8.2,2013-8-27 16:33:00,非常好看的一部电影，很难想像这会是李安的第一部作品，拍的温馨细腻，渐入佳境，中美习惯文化的冲突也很真实，特别是郎雄愁着脸那句：赶什么赶嘛，字都没来得及打开看。直接把我笑喷了，老年人的感情萌动，不比年轻人差啊。准备看第二部《喜宴》。
醒也无聊,8.0,2013-8-25 17:02:38,李安在第一部长片就很细腻，中西方文化的冲突，政治理念的表达，在细节表现得很好，就是功夫略显夸大。
Esidora,9.0,2013-8-23 0:28:29,很喜欢，关于保持平衡。
Woody,8.0,2013-8-18 20:52:55,这种细腻的剧情类影片还是看老华语片感觉比较好啊。文化隔阂、辈分隔阂、老龄问题等，李安导演拿捏得很好，没有特别偏向某一方，并用太极的理论阐述了一些道理。太极拳的威力夸大了点。言谈举止彬彬有礼的陈太太很有气质。话说开头的音乐搞那么诡异是闹哪样啊？影片最后是一个相对不错的结局，不过现实中的此类事情又能否有个圆满结局呢？
lenovo-T61,8.2,2013-8-15 5:02:34,一部老片，即使用现代的眼光看来仍不失反应当下人生观世界观的佳作。演员出色的投入和导演点到为止引人深思的手法令人折服
步伐不停,8.0,2013-8-14 21:08:50,有点像拍给美国人看的，又有点像拍给中国人看的。
邂逅的回忆,8.0,2013-8-14 19:19:10,感觉镜头表现不好 剪辑也没现今这么漂亮 但这种文化与年龄的冲突展现的淋漓尽致 这也许就只有李安能行吧
静水紫,8.4,2013-8-12 18:27:31,文化上的冲突还是李安把握的最到位，最平实
爱上海盗的海豚,8.6,2013-8-12 11:21:50,看得过程中千思万绪涌上心头，那一句句台词包含太多的内容！一次次感受到在面对平凡生活中复杂问题时中国传统文化的力量，那种千百年来沉淀的包容性融汇到价值观里是那么直白有力，感人真挚。无论是年轻人、中年人还是老年人，我只想扶着你的肩膀，拍拍你的手，说：有时间，就看看这部电影吧！真像他人评论的那样，李安，一开始就站在神坛上了。
Steam·Punk,7.9,2013-8-10 21:47:49,http://murl.tv/5W9q
清竹,7.0,2013-8-10 0:01:29,中西方文化的冲突，两代人之间的冲突，但情节设置的有些单调，不够深入，略显稚嫩
别了-路西法,9.0,2013-8-6 17:39:15,冲突贯穿整部影片，两代人之间，亲人之间的爱恨纠缠。
一哥爱电影,7.7,2013-8-6 0:13:50,可能因为自己是个慢性子，感觉节奏刚刚好。不过确实有些平，相当于还没攒够劲儿最后就爆发了，妻子的转变也有些快。陈太这个北京老太太演的实在太好了。
西蒙佩吉,8.2,2013-8-5 22:57:23,李安的台词是写得真好啊！不过很想知道众多李安电影里，詹姆士·沙姆斯参与的是编剧的那些工作。
Anne,8.4,2013-8-4 23:53:22,老人就是小孩真是一点没错。对于老爷子有很多隐去了没有明说的点，以他的身手，多少应该算个人物，但仅以文革两字带过。餐厅后厨的爆发，不仅仅是因为老板、儿子，也是对过去的忍让的忍无可忍。其实人物上总体一般，但太极拳和沟通之间的呼应之类，还是很好。
NotBad,8.0,2013-8-3 14:16:12,李安的首歌长剧之作。影片总体非常不错，不过仍然让人感觉有些平淡，最后老爷子在餐馆的“坚守”有些无厘头！
安泊的心,9.0,2013-8-2 17:34:56,节奏不疾不徐，配乐相得益彰。郎老的表演不必说了，特殊的背景让我们的王伯昭在这部电影里连“王野同”这唯一艺名在时光网里都觅不到踪迹。老年人的赡养问题，与移居海外的子女沟通的问题，处于陌生环境尤其是语言不通的国度里不同文化的撞击，环境带来的苦闷不便，都在标题的推手里揉捏推搡，淋漓尽致。王莱老夫人女配也相当有看头。
ak4747,9.0,2013-7-30 12:19:36,大量之作不同凡响。
SukerYan,6.0,2013-7-28 1:08:55,喜欢影片开始那段。从一个月后生活矛盾的渐渐爆发体现了李安对于生活的细腻品味。片头的留白很棒，有张力，很现实。但影片从父亲突然出走之后，感觉非常搪突。矛盾上升太快，玛莎的理解也来得太快。故事显稚嫩。
calvin,8.0,2013-7-22 0:05:05,父亲出走时候留下的那封信很虐心，李安的早期作品还是有稚嫩的一面的，不过想要表达的东西很清晰
michael_j,10,2013-7-11 0:09:11,节奏虽慢，但最后迸发了高潮
昆明猫猫,8.0,2013-7-10 14:27:15,非常李安非常细腻的表现方式。。。部分桥段略有点生硬，很喜欢配乐
大宝爱小猪,8.0,2013-7-7 20:57:48,蛮有内涵的，故事情节挺吸引人！！！
BlueRuin,8.6,2013-7-3 16:59:55,细腻深刻，非常有李安的风格
Lauchiyeung,8.0,2013-6-27 16:56:51,片中对“手”的刻画入木三分。只不过剧情趋于平淡，整体中规中矩。最重要的意义，还是在于李安首作。
IrisMoor,8.2,2013-6-25 21:19:03,感触良多，觉得喜宴更细腻些，推手故事略微单调了
hower999930,9.0,2013-6-23 20:46:41,推手，你来我挡。中国人的情感世界总是这么温顺和内敛。
上了发条的皮囊,8.0,2013-6-15 21:07:48,在理智与情感的冲突之间，在中国式的传统孝道与美国式的个人价值观之间，李安还是基本认同后者。
Rainsun,,2013-6-15 20:54:57,中国有李安作为文化输出简直是万幸！
猫在北欧,8.4,2013-6-14 16:18:38,看李安的传记 感慨于他的执着坚定~“我的背景，教养全在《推手》里面了 值得一看”
电影人Rachel,8.2,2013-5-30 23:12:03,父亲三部曲的第一部，东西方文化碰撞下的家庭生活，虽然电影显得有些青涩但父亲的付出和最后的归宿不免让人觉得好失落
大鑫,9.0,2013-5-30 10:10:24,处女作  都这么棒  李安真赞
灼烧中,10,2013-5-18 22:22:17,李安真厉害
爱在回首处,8.0,2013-5-18 22:15:05,感觉李安在自己的电影里总要放个自己，要么性格像的，要么长得像的，总之是有...0.0...
Adan02,8.4,2013-5-9 14:31:17,朗爷爷太有喜感了，哈哈~~
林夕已被占用,7.3,2013-5-8 12:26:17,有些情节太过生硬突兀，父子之间的张力表现得还是很到位。
左青子,9.0,2013-5-4 19:31:07,关于父子我总是有太多想法，也许是本身家庭的原因，总之不管如何，这部片子让我感触颇多
arnoldjohn,8.0,2013-4-29 15:28:52,在力图反映文化冲突中的西方文化方面略显吃力。
冰爽之夏,9.0,2013-4-23 0:15:59,看似平静之中暗流渐长，终喷发而出——矛盾冲突积累出的张力十足，把最普通的生活表现得最真实，最动人。
野餐派,7.6,2013-4-20 22:53:24,居然是这么尖锐的家庭问题，李安处理的很开放啊。。。虽然一般人看来子不养老对老有那么点凄惨，对小简直太无情。殊不知老人也要争口气，子女也要有空间。所以，即使小时候父与子母与女再亲密，老了也变的体无完肤，想来还是觉得悲伤。
robertjuve,6.8,2013-4-17 11:32:13,中国文化的深邃是所谓的西方文明所无法理解的，华人要想在西方世界立足生存也是不易。然而李安在文化冲突的设置上过于刻意，不自然，几个配角的表演也相当糟糕。推手给人的总体感觉远不如饮食男女。
菲林,9.2,2013-4-11 23:46:58,笑中带泪。
煙小塵,8.0,2013-4-7 12:11:14,最美不过夕阳红。看了安叔的家庭三部曲很喜欢朗雄的表演，不管是太极的招式，毛笔字的书写，还是炒菜做饭的手法都透露这中国人传统的博大精深。国人总说养儿防老，可孩子越长大却越跟父母产生疏离的感觉，人的幸福从来不能靠别人给的，还是要靠自己争取。
風声竹山,8.6,2013-4-2 21:54:06,老头子举手投足间尽显中国风骨，这才算真正的中国人！
怪趣味韩叔,7.3,2013-4-2 14:09:18,李安的父亲三部曲都有这些特点：留白、空白时间、不说尽。看似不说透，实则通透，那些留白与空白时间就像导演揣摩到了观众的心思，于是就开始打太极，这也是李安的中国性。作为李安的处女作，虽然讲的是他擅长的文化冲突，但是只是陈列两个人的行为拿出来对比，还是没有后面两部浑然成熟。推手相对略差，喜宴跟饮食男女都极佳，不过最爱还是喜宴，赛门实在太萌了Lol
昏忒勒额小丸子,8.0,2013-3-31 17:50:07,翻出李安的这部早期作品，果然已经初露锋芒。中西方文化的差异冲击，老一代与新一代的隔阂疏离，尽在这推手中。
大宝阿扎西,10,2013-3-28 21:47:49,惊艳之作，有过深刻生活阅历的人都能体会
灰太狼,7.9,2013-3-27 23:33:48,整部电影很有味道，东西方之间的差异也表现的淋漓尽致，老年人的困窘生活也非常写实。个人很喜欢这个倔老头，而且功夫也好让人崇拜！
-霁Edge,,2013-3-27 6:03:48,父亲三部曲全部看完了。李安的片子总能戳中我泪点，温情脉脉猝不及防来个爆点。有人给这三部排名，我都很喜欢，伯仲之间吧！
阿莫依,8.8,2013-3-23 0:44:30,细腻生动地讲述了文化与世代的冲突和平衡（啥）泪点不行戳死了……
天马行空,8.6,2013-3-19 6:06:27,平淡的故事浓重的情感！看过多年至今都难以忘怀。
mu_l,8.2,2013-3-16 18:37:01,2013073.整整14天没看电影，终于能静下心来了。看的怪心酸的，郎雄老先生演技不俗，流利的京腔，流露着派头，不着痕迹的演绎了一个让人温暖和心疼的父亲角色。
吮指头的边,,2013-3-15 18:00:25,当有一天变老，我们所处的环境再远再陌生，都不及与儿女隔离的痛苦。老了就要去承受这些吗？东西方结局一样，但对待孝字，东方人有更多情感的难以割舍。郎雄所饰演的角色在我看来已经是幸运的，他的儿子是非常爱他的，而且有自己的兴趣专长，更有点老清新的黄昏恋，但他明白只有适当的距离才能涤静碰撞与冲突的尘埃，有时放手才会留住最美的自己。
冬眠的疯子,8.0,2013-3-13 16:10:59,好电影历久弥新~~
和不同,8.0,2013-3-10 18:13:08,辛苦这么多年拼到美国 就是希望能给父亲过上好日子 然而现实是如此的让人尴尬 监狱父子对白 很感动
莫曦的时光,,2013-3-7 23:14:27,好久没有感动到流泪了
-蔡捷文,8.0,2013-3-7 20:37:19,嗯，要在心里养一口气。李安电影给我的感觉像是紧握在手中的海绵松手时候的那股力，是软的，慢的，延绵的。他的镜头似乎力度均匀，温和里却包含着各种紧张的关系。很像饺子呢，但他做的皮有些厚了，我不大爱，我爱会露馅的。
艾米麦克,8.4,2013-3-3 21:20:58,不同文化背景下传统家庭观念的冲突与变化
luna_norrington,7.5,2013-3-1 20:20:23,感觉并不是“父亲三部曲”的最佳作品，但有些情节设计还是挺耐人寻味的~
allen1312685,,2013-2-21 9:55:52,太极是不是我们生活中经常用到的手段？
艺术的不同见解者,8.2,2013-2-6 20:09:39,李安的父亲三部曲里总是带着浓郁的东西方文化冲突味道，而其独特的家庭伦理观念为其作品烙下深深的人文烙印。
kensin2518100,8.0,2013-2-4 18:35:33,有一种淡淡的哀伤
浮光·掠影,8.7,2013-1-31 16:54:42,以推手的方式来缓解文化冲突，似乎也是一种自我逃避而已。
韩景峰看电影,10,2013-1-25 13:49:10,李安用平和而犀利的镜头反映了中西方文化的巨大差异，而传统文化与现代价值的强烈冲突如今正深刻地在我们的社会中演变。与妈妈一起看这部电影时，我向她简单地介绍了美国式家庭观念，她想了一下说：其实那样也不好。不管文化如何发展，我希望我们能保存住中华文明中那份家庭的亲情。
小姜1169106,7.4,2013-1-21 22:45:15,中美版的双面胶。
HAOGDUFS,8.7,2013-1-19 20:19:57,电影中这个中美家庭，中西文化碰撞被无限放大，李安从一个家庭看这类移民的困境，很多细节让人找到共鸣也让人忍俊不禁。我以为电影会在这个家庭里的很多小摩擦中最后达到平衡，没想到故事会走向比较现实也比较让人心酸的方法来达到这个结果。这部电影是李安的处女作，已经显露出李安的导演天赋还有始终深厚的哲学思考，对比饮食男女，断背山这些杰作，这部稍欠一点火候，但足够让人难忘。两老人的演出让人印象很深刻。
Se7en丶小七,8.2,2013-1-19 9:52:31,类似背景的电影，像刮痧，总能引起人们的一些思考。片子的前十多分钟，没有一句对白，儿子回家第一次吃晚饭时的三人对话，是整部影片我最喜欢的部分，文化差异和冲突是影片的基调，但在内涵的表现上却跟其他影片有着天差地别，这也是李安最与众不同的部分。另外郎老先生的表演真心好，十分喜欢。
虚位不待,8.0,2013-1-16 1:52:08,李安处女座可以看到后来很多电影桥段的原型，剧情的细致入微很有生活气息，准确捕捉了家庭关系的微妙情感，但是关于大陆的阐述过于空洞，有些地方可以制作得更精良才对
李比廉姆,8.2,2013-1-16 0:05:42,微笑着说回去吧，转身泪湿眼底。
青红皂白,8.3,2013-1-12 22:14:44,看了这片后  仿佛置身于美利坚
精神拾荒者,8.8,2013-1-5 22:54:20,8分钟出现第一句台词，但前八分钟我就喜欢上了这部电影，这就是镜头和音乐的魔力，仿佛所有的焦躁不安都蒸发在空气里，每一个声响都能让人战栗。一部电影的好坏有的时候就只要看开头便知，李安写了一个好剧本，也交出了一部教科书般完整妥帖的电影。
林子祥,8.0,2012-12-25 0:10:45,推手，本是太极里一种招式，本片中确实东西文化，老年人和年轻人，父亲和妻子寻求平衡的方式，李安把视角转到一个看似平淡的地方，却刻画了几乎是最好的家庭伦理剧的模子
三位一体,,2012-12-17 14:08:46,故事写的有意思，拍的也有意思，非常非常有意思。
lc2kfc,8.2,2012-12-15 22:44:44,你来我往，你推我挡，每个人身上都有那股气，传说它们绽放着不同光彩，不是隐了自己的气，就能和睦。老父亲从来就没有，也不可能灭了自己的气。片中的儿子跪着说：让你过几年好日子~眼泪就止不住往外涌，以前就不知道怎么定义这个“好”，现在感觉也还是没有那个自信
史高飞飞,,2012-12-12 16:06:39,推手的目的不是把人推开，而是其间的缓冲，文化亦是如此，李安没把这种题材的电影拍的那么富有攻击性，反而给人一种特有的东方人文情怀，没人要求你一定要去对某种东西妥协，但需要的是理解与关怀。这部电影就像是剧本的教科书，有开头，经过，高潮和结尾，方方正正，不带丝毫的圆滑，严谨的像一艘无法击沉的战舰，而李安的情怀又让这艘舰多了一门人文的大炮，冲击每个人的心。
寳鋇微笑,9.0,2012-12-10 21:19:39,本觉得有点无趣，比起家庭三部曲的另外两部，对话少了很多，基本上有对话的时候就是在吵架了。看完隔了几天突然好想看明白了，父亲在这个充满文化冲突的家中，就像孩子一样也想引起儿子的关注，于是运用了太极中推手一般无声胜有声的招式，借力达成自己的目的。看了李安的《十年一觉电影梦》，李安说在拍这部片子时，发了一次火，之后片场气氛就对了，拍起来也顺畅了。就像电影的高潮，父亲在中国餐厅一战成名，之后感觉冲突都理清了，气也顺了。
小楚小烨2043797,8.0,2012-12-9 22:37:17,感情细腻微妙，平淡但回味绵长，有时候人生真的需要推手
yjt98765,9.0,2012-12-9 19:47:18,今天农村人进大城市，和当年的北京人到纽约是一个道理，老年人的生活是社会一个大问题
spiefuxkingel,7.6,2012-12-9 15:17:46,no country for old man
看客,9.0,2012-12-8 14:47:46,太极拳大师
南宮問天,9.0,2012-12-4 17:12:56,感情还是手法都细腻的让人泪流满面。
MrHan,7.2,2012-12-1 18:24:00,http://murl.tv/4WEB 《推手的秘密》作者：蓝祖蔚。没想到讲的是老北京退休美国养老。更没想到是1991年拍摄的【所以才会讲出那往事吧】？结尾卡在老年人交往的节骨眼上也很微妙。如 小柯同学 所说，三部曲要依时间顺序看，所以现在想饮食男女多很多想法和感叹
scarlett-wei,8.0,2012-11-17 12:04:35,比起另外两部，这部总觉得却一点情怀
黑狗成,8.5,2012-11-15 18:52:05,音乐感觉略有走偏，但整体这么惊艳的处女长片还是让人意外，不愧李安！
胆小鬼同,9.4,2012-11-14 16:55:58,让人感动的好片子。。老电影总是这么充满魅力。由这部片子爱上李安。
fineday_chung,8.0,2012-10-28 18:20:19,看得见的文化差异。
宾拉,9.0,2012-10-8 17:20:32,看着看着李安的《推手》不自觉间已泪牛满面……
locker_51,8.5,2012-10-5 12:36:23,细腻的情感，在文化差异中慢慢展现。。。这就是李安
心仍是冷Tino,,2012-10-3 11:03:20,李安导演第一部长片，也是父亲三部曲的第一部，讲述传统中华文化与西方文化从强烈冲突到平衡的家庭伦理片，剧情处理极其细腻。
Ear-H,7.8,2012-9-23 12:18:15,父权如山啊
robotkid100,8.8,2012-9-17 20:59:45,这么细腻感人的家庭观念剧，居然没看过。
半青山,8.3,2012-9-16 20:52:45,从第一部电影开始，李氏风格就已生成，含蓄、内敛中的文化冲突，李安表现得贴切、到位！
我真的无昵称,8.8,2012-9-14 21:23:00,我们每个人都会老去。。
不朽萧,8.4,2012-9-14 11:53:01,看着郎雄演绎的父亲无奈到饭店去刷盘子挣钱是那么让人心酸~~老人对孩子的爱是倾心彻底的，然而孩子对老人那却永远做不到满分~~
sHymOOn,9.0,2012-8-26 11:53:47,希望这样朴实经典的作品越来越多
·Chris·,9.0,2012-8-15 11:39:36,光听名字根本想不到是这样的一个故事，有点像中国版Lost In Translation（不知道索菲亚科波拉的灵感是否来自这部电影），但《推手》更含蓄更温暖。郎雄的表演无可挑剔！
IamJin,8.0,2012-8-12 21:54:17,父亲三部曲的第一部，也是李安的第一部，虽然不如后两部，但也不错了。故事上稍有不足，但对父亲的表现却是最浓墨重彩，郎雄的表演真精彩，很多感人的细节。
冰塘蟹蟹,9.0,2012-7-8 16:08:53,好电影，需用心感悟
越变越好,8.0,2012-7-3 23:55:17,始终认为不管什么文化环境，人性中还是有些东西是共通的，比如亲情，所以，不是很理解那个美国媳妇为什么就那么的不待见他的中国公公？老早就看过《喜宴》和《饮食男女》，今天终于把李安家庭《三部曲》的最早一部《推手》给补上了。
Page刘,8.0,2012-6-25 1:04:01,连把李安家庭三部曲看完~推手8.1喜宴8.6饮食男女7.7~三部中郎雄形情并茂的父亲角色深深印入人心。作为李安穷途之时第一部长片，推手用中西结合家庭的公媳矛盾和儿子夹在父亲媳妇孩子三方气喘吁吁的辛苦来重墨老人晚年老无所依的心酸凄凉~最后用浪漫手法美好收尾，但那份反哺之心的道德当头棒喝！
港产片,8.1,2012-6-14 8:57:50,中美文化差异导致了些冲突，最后求同存异
孔雀大明王菩萨,,2012-5-30 12:48:43,穷途之际的处女作，让我们看见了真实的李安
颯嘫,,2012-5-15 22:04:58,郎雄很像我去世的爷爷，看一次心酸一次
墨菲酋长,,2012-5-8 23:39:12,一部精致的小品，却透露着老年时光、父与子、公媳间的种种，让人好生回味。
黄金之魂,,2012-5-1 9:38:08,保持着点——有距离的天伦
宇宙无敌大猩猩,,2012-4-30 22:14:57,推手追求的是一种双方平衡，而不是让对方失去平衡。生活如是，家庭亦如是。
多二度,,2012-4-28 19:02:23,唉，共患难容易，同安乐难，想当年紅衛兵抄家，你媽活生生被那幫畜生用棒子打死，李安好棒
琪佳,,2012-4-27 14:15:46,爱上连早期的作品，两国文化冲突表现得很好！
M族1086598,,2012-4-23 13:19:35,李安做到了完美，蛰伏六年对生活的观察对于任何一个电影人都是极为珍贵的经历
天地一沙鸥,,2012-4-3 13:36:53,无论中西，在现代社会里都会遇到老无所依，而深以忠孝为道德标准的中国人在此间转型更是痛苦。
STING,,2012-4-1 23:08:49,三部曲中这部戏剧冲突夸张了一些，有些觉得没必要，李安终归不忍心太残忍
wy9331,7.1,2012-3-25 23:37:54,补一下家庭三部曲，这应该是第一部。感觉没有想象中那么好，矛盾冲突似乎夸张了一点。
来自鱼米之乡的游魂,,2012-3-25 18:48:56,终于看完了李安的“家庭三部曲”。不得不说，李安确实是个非常会讲故事的导演，舒缓平淡而波澜不惊的叙事节奏，却没有一丝的沉闷感，脉脉温情尽在电影中！
肥虾宝宝,,2012-3-19 16:04:46,李安的三部曲中，谈不上喜欢的一部，但仍感觉到李安在叙事和镜头表达方面的厉害，文化的差异，情感的对空，环境的断层，两代人的隔阂
光明王,,2012-2-2 8:36:26,终于看到李安的推手了，中西方文化的差异是一条很难逾越的鸿沟
托半亿,,2012-1-30 21:15:05,大师第一作啊
兰珍复活,,2012-1-28 16:06:31,集中看完《喜宴》和《推手》，算上《饮食男女》，总算看齐了李安的家庭三部曲，最大的感受是：李安真是有文化！在这三部以探讨文化冲突和伦理道德而见长的电影中，李安分别以太极拳、烹饪、婚宴三种中国传统文化穿插其中，使影片来得更加原汁原味，有生活气息，有艺术感染力而又富于可看性。
君子兔,8.1,2012-1-25 22:52:22,寓深刻于平淡之中。
yyf4536718,,2012-1-16 9:42:51,拿太极拳中的推手来象征中西方文化的交锋，很妙！
霍姆利斯的露瑟,,2012-1-12 17:09:32,第一部中仍有显得生硬的情节，但总体是很吸引人的。
crysdianie,,2012-1-10 13:36:42,很难相信这是李安的处女长篇，很细腻，很到位，拍到人的内心深处去了。
达利,,2012-1-4 20:12:48,虽然影片已经过去了将近20年，但是电影中的许多矛盾依然存在着。虽然故事的结尾貌似找到了解决的方法，但是却是一种无奈的解决方法。
橘涩小气球,,2011-12-17 19:48:31,看李安的电影，总能呼唤起我内心的情绪，很棒的导演~
sunkurama,,2011-12-5 12:26:32,不同文化之间的冲突是如此直接
不庄博弈,,2011-12-1 22:28:59,《父亲三部曲》中最感人至深的一部，也是最符合中国普通人民父亲形象的一部。
百分之73冷酷仙境,,2011-11-15 19:01:07,家庭内部的矛盾，亲情的隔阂似乎和中西文化间不可填补的鸿沟一样成为横亘在现代人面前的一面高墙，我们一方面感叹家庭亲情的淡疏，一方面又面对着这堵高墙无可奈何，也许这就是生活，充满了失落与隔阂却又不得不勇敢的面对，无奈的继续，持续的流逝
