-Simon-,7.4,2019-5-24 11:15:58,哥哥演什么都很投入和入戏，入戏太深
什么都不叫事儿,8.0,2019-5-8 22:23:52,不错，怀念张国荣
绝对零度,8.7,2019-1-7 1:24:41,张国荣一人演技撑起全场，佩服
MsJ·失忆的画匠,7.1,2018-11-27 9:05:59,天生杀人狂 其实我也可以做个好人
河畔上没有悲伤,7.9,2018-5-22 10:47:25,哥哥的演技如Rick杀人一般到了走火入魔的程度，将心底成瘾的杀人狂多面地呈现在观众面前。也许是苗志舜这个高手激发他所有的潜能，结局苗督察开枪杀了Rick，相信也受到了Rick的影响。
烦死嘎了,8.6,2018-5-9 10:13:33,张国荣在剧中奉献了令人震撼的疯癫表演，只可惜扮方中信等警察演员的表现略显平淡，无法与张国荣的角色形成共振。因此影片少了一点《喋血双雄》和《暗战》的韵味，多了一份反英雄的邪魅。
无名指L,8.0,2018-4-19 22:29:49,张国荣完美演绎，他的魅力，即使出演坏人也无法阻挡；片中警察好恶心...
水手辛伯达,7.7,2018-3-2 2:58:40,红花还得绿叶配，张国荣够出彩，可惜另一主角方中信实在不配，其余男女配角更不忍直视，白瞎了张国荣的影帝级表演了。
天秤的一端,7.7,2018-1-9 10:25:23,最值得看的是张国荣的表演，可能那个时候他就已经有抑郁的症状了，表演之中可以觉得完全是真实的自我。
小姜1169106,7.0,2018-1-6 15:57:17,怀旧
yoh,7.6,2017-12-16 20:37:47,支持反派系列。
喜欢原谅别人,6.0,2017-11-12 20:04:56,正反主角都很有气势，不过剧情有点弱了。
东方可乐,7.0,2017-10-17 20:04:06,香港警察火力真是相当差啊
BTH995,7.6,2017-10-15 22:00:54,香港影坛罕见的由双雄戏变成独角戏的佳作，也看到了哥哥出色的表现。然而现在看来哥哥演的瑞克性格到了变态杀手时候多多少少还是被赋予了浓重的主角光环了。
M_1412211151215543517,7.0,2017-10-2 9:45:38,难得反派的张国荣。
tycoon,7.9,2017-4-16 14:13:32,1996年IPSC香港公开赛疯警察的出现抹杀了一次精彩的比赛，留下最后一个回合，彭在苗的犹豫下出手，改变了彭的人生，以前那个改装枪不见血的专家，迷恋上了杀人的快感，挣扎演变成疯狂。警察在没有证据的情况下一再逼迫，让场面愈发难以收场。最终在电影院完成了之前欠下的回合。枪不会杀人而是人杀人，但那第一枪之后的感觉本来就很少有人能体会。
声色画报,7.9,2017-4-1 0:49:48,枪如魔戒，人入魔咒，可谓不疯魔不成活。这是一出悲剧~演员们发挥得都很好，哥哥再一次演绎了心魔戏。影片有些地方交代不清，含糊过去有点可惜。
装逼的碗有毒,8.4,2017-2-25 23:05:58,全片只看张国荣，心疼张国荣憔悴的样子。女主真是拖油瓶啊。
自由彼岸,7.2,2017-2-10 15:36:00,张国荣后来总演这种角色，能不抑郁吗？
VanessaSmiley97,7.1,2017-2-5 13:30:32,正统舒服的叙事，女性角色相对旁设。方中信饰演的警察作为彭弈行性格的反面不够丰满，立体性略显不足。张国荣的个人魅力超过了情节，观众的共情倾斜较大。
箫箫,8.8,2017-1-29 11:43:54,手法简单但是很有效，喜欢快速的摇镜头和放大呼吸声还有光影的运用
supersuper,8.0,2017-1-22 3:49:20,张国荣确实是个难得的好演员啊
341figo,9.0,2017-1-9 12:46:34,重温张国荣的经典之作，致敬！越来越弄不清楚，究竟是因为张国荣本身精神就有严重分裂倾向才把角色演绎的那么真实，还是因为演出了太多这样的角色让自己一步步走向最终的结果
It_is_AnMic,7.7,2016-10-13 15:51:47,两个大帅比，国荣演技爆表
吐槽君矩阵,7.0,2016-9-17 1:16:38,除却张国荣真的是一部不怎么样的电影
青羽长空,7.5,2016-6-16 23:30:11,上影节第一场，开场之后张国荣出现的第一个镜头好多人尖叫鼓掌，这也是只能在电影节感受到的氛围吧。整体不算多么优秀的作品，但是纯正港片的味道，已经很多年没有看了，所以来看老片子感受一下。粤语原声加繁体字字幕。张国荣的独角戏，眼中难以遏制的迷茫和疯狂，如果真的身为影片中他的女人，谁都会为他生为他死吧。按道理这种双雄设置应该势均力敌，方中信虽然不错但是没能对抗住张国荣，演起来这样一个逐渐走向崩溃的杀手在人群中也是发光的。
filmman,7.0,2016-5-16 12:54:07,张国荣的独角戏，讲述了一个人如何败给自己心理的恶。
渡渡鸟dodo,7.5,2016-5-2 8:44:49,很好的枪战片，哥哥演的很棒
carening,8.0,2016-4-13 21:33:22,张国荣演得好
我爱花香不爱花,9.0,2016-3-30 11:29:09,喜欢喜欢喜欢~~~
莈洧洳菓,8.0,2016-3-29 17:37:14,双雄决渐成独角戏
·DHW·,8.0,2015-12-31 22:16:30,还挺好的，就是故事比较简单。
影迷瓦力,7.7,2015-11-28 12:10:15,张国荣反派出彩
伦夕,6.3,2015-11-6 8:18:31,时间到了2000年，张国荣可能已经出现了抑郁的症状，从这个角度讲。出演因为杀人上瘾而走向癫狂的人物也算是他部分本色演出了。
神的孩子都舞蹈,8.5,2015-10-13 19:54:40,一开始以为是竞技电影，后来剧情一下到了三年后，变成了枪战警匪片，枪战爆头很刺激。张国荣入戏太深，而方中信也入戏不浅。值得一看的电影！！！
神的孩子都舞蹈,8.5,2015-10-13 19:54:06,一开始以为是竞技电影，后来剧情一下到了三年后，变成了枪战警匪片，枪战爆头很刺激。张国荣入戏太深，而方中信也入戏不浅。值得一看的电影！！！
太公一,7.0,2015-9-9 2:57:46,前戏缓慢后面紧凑，张国荣把疯子演得丝丝入扣，不愧是影帝
Luna_星,7.0,2015-9-6 13:16:47,剧情真是。。。各种作。  张国荣真是好看，疯魔的我不太理解。
四条棍744254,8.0,2015-7-21 23:37:16,当年看枪王的时候居然看出了一点恐怖片的感觉，张国荣的精彩演技功不可没，而方中信就木讷了
夜盲吟游魔,7.0,2015-7-1 20:22:41,哥哥太帅，别的演员压不住，就记得了他的眼神，剧情什么的，都忘了
时速120,9.0,2015-6-19 0:36:28,电影俾8分，哥哥俾10分，所以整体打9分！
莱阳影评人,8.0,2015-5-9 17:14:59,从此喜欢上IPSC
JAY2090769,7.7,2015-4-2 18:15:56,干嘛非要把人逼到绝路，一个巴掌拍不响，苗志舜害死了不少人，彭奕行到死都要赢。
匡子,8.0,2015-2-6 20:25:39,突然不知道从何说起，好的作品值得更多人知道。
PAPA-徐,7.3,2014-12-1 16:18:54,枪是用来杀人的
zltian,9.0,2014-9-24 23:13:24,单从电影的角度，那些警察真的是不作死就不会死。。没有证据你抓什么人。。香港作为英美法系的适用地区，居然靠做假证来抓人，而且是抓一个高度危险杀手的女友。一部非常男人的电影最后由两个女人抢了戏。。一个救了自己丈夫的命，一个间接害死了自己的男友。。其实我很想看到这种类型的片子所谓的反派能赢一次。当然如果这么拍，电影估计也不能上映了吧。。至少中国地区是不能的，毕竟我们为了注意影响可以干出泰坦尼克号3d重映删片段的事。
PiGGyChee,9.0,2014-9-13 16:10:41,能给我一个不喜欢的理由么？
靓坤lv0461,8.4,2014-8-19 9:31:14,张国荣已经疯了，这样的演技真是牛，不得影帝可惜了
tonepage,7.0,2014-7-13 17:22:05,后面那么多关于枪的港片，其实多少都是抄这部的。
抽烟的冬瓜糖,7.0,2014-7-8 16:54:50,影像中貌似很叼的样子
光de下午茶,,2014-5-24 0:34:05,看这编剧功力也知道罗导是那个年代的才子，可惜后来几部片子口碑不佳，昔日光环也渐渐被观众淡忘。《枪王》拍得不错，情节紧凑，主题鲜明，结局令人唏嘘，张国荣演技出神入化，相比之下，方中信略显逊色（也可能是张国荣的角色本身更具矛盾吸引），不像后来的一些枪战片，搞得很花哨，反而形式大于内容。
32想一个人看电影,8.0,2014-5-21 14:34:16,看了枪王之王后才回过来看枪王，经典和翻拍的差异就出现了。另外，张先生很适合这个角色。
我机器人,8.3,2014-4-7 19:43:22,子弹穿墙过，给人留下深刻印象。哥哥忧郁的眼神让人着迷。
傑琳,8.0,2014-4-1 23:59:24,哥哥，心疼。
神奇饼干,7.0,2014-3-14 16:33:50,"很久没有熬夜了,昨晚看完这个片子都凌晨了.很简单,为了看张先生,已经很足够~"
百家影评,8.0,2014-2-1 19:29:25,张国荣演这种疯狂角色，略带精神分裂的人物很好。一直喜欢这种题材枪战电影，男主角“疯狂‘”颓废“”扭曲“ 光看这点便已足够，片尾决战，子弹时间是画龙点睛之处。
ivanfigo,4.6,2013-12-10 0:37:59,这么烂的港片，还这么高的分。。。都是某人惹的[呕吐]
ivanfigo,4.6,2013-12-7 0:08:15,这么烂的港片，还这么高的分。。。都是某人惹的
小青哥哥,7.1,2013-11-21 12:35:49,哥哥的表演果然正啊，一个搞掂成TEAM警察~可惜中信兄始终是演正派的，所以剧情不让他死。
猫二弚,8.4,2013-11-20 14:18:10,Leslie的眼神好友杀伤力、难以想象荣少内心的独白会是怎样、把这样一個心理严重失衡的杀手演绎的让所有人都为之惊叹、对这部戏的驾驭一点也不逊于霸王别姬里的陈蝶衣。
elenaya,8.0,2013-10-28 16:14:20,张国荣永远的演技之王
Artscien,7.3,2013-10-6 20:42:28,哥哥演的出色，方哥稍逊。
ducky_z_x,8.1,2013-10-4 17:57:53,央视版中剪刀手将剧中的点睛之处都减掉了
一贵,8.1,2013-10-3 17:54:16,偶然在电影频道看到的遗珠，张国荣帅的浑然天成，颓废阴郁仿佛本色出演，真是天妒英才啊，另外方中信好像演什么都是一个样天生配角，比起枪王之王真是超出多少里。
迷糊小麻雀,6.9,2013-10-2 17:42:22,最后两个人都是失败者。还是没有分出胜负。当你濒临崩溃的时候，要看看你身边陪伴你的人。不要再出现激不得的警察和内心建设不强大的杀手了。
海边散人,8.6,2013-9-23 9:15:00,很经典的电影。
凡海尔星,7.0,2013-9-17 15:48:42,看过枪王之后，才明白张国荣是多么的会演戏，他将主人公的逆反、变态、癫狂、无奈多种人格分裂诠释的完美无缺，我在想，他入戏如此之深，和他跳楼多少有一定关系，真是可惜
CUI影视工作室,,2013-9-16 5:48:49,这么阴暗的角色，挑大梁很累
_且听_风吟,8.0,2013-9-6 17:31:26,就凭张国荣知道被追踪，当时的眼神的动作，就足以证明他的演技是何等摄人。
Illusion710611,7.5,2013-8-29 15:17:54,完爆方中信
bigfly,8.0,2013-8-29 9:27:44,对香港类型电影无抵抗力
jackbacon,8.0,2013-8-4 0:03:57,魔鬼与天使只差一步……[惊讶]
蒋公的里子,10,2013-8-3 16:59:07,居然是00年的作品，略吃惊。大概是审美疲劳，最近看的港产警匪片里精神状态不佳的贼太多，看到Leslie 洗手间里发疯那段真是有点反胃了。不过“我知道自己杀了人，但我很开心”说出来，还真是风采十足。好在白面由方中信来演，与Leslie相得益彰，不至于邪而侵正，不错不错。
NotBad,8.0,2013-7-28 15:39:01,哥哥的演技不容评说，只是入戏太深，造成了最后让人遗憾的人生结局！（集中整理影视资料补评）
崔斯嘉,8.0,2013-7-9 1:47:00,Leslie用气场表演已经慑人，导演选择方中信双雄对决扣分，换做黄秋生吴镇宇都好得多。
糖长老,7.5,2013-6-21 9:21:36,张国荣演这个真的大丈夫吗，哥哥你白白嫩嫩斯斯文文清清秀秀，真的不像变态杀人狂啊，就算歇斯底里的狂笑也是一派程蝶衣的赶脚。好吧这是我对他的偏见而已。电影节到现在这居然是观众最热情的一部，上座率几乎全满，然后全场有四次掌声，开场一次，张国荣名字在片头出现一次，片子结束一次，字幕打完大家还来一次，真是各种厚爱啊~出乎其料的是这部片子倒是该看粤语版的，各种枪械专业术语台词粤英参杂，只看国语便失去那份韵味。
摇滚阿宅,7.0,2013-6-15 20:36:23,张国荣拍戏真走心，生涯最后两部电影呈现的角色状态实在是让人不禁联想到他戛然而止的生命抉择，入戏太深抑或是心境呈现，这点再也无法得到确认了。
brucekent,8.0,2013-6-9 15:14:06,张国荣演的不错~
Christyeung,8.6,2013-5-31 23:27:07,哥哥后期相当出彩的电影，演得相当到位
半碗馄饨,7.0,2013-5-26 17:54:11,这部电影或许划分为商业片更为恰当，而对于剧情和人物的苛求也显得有点儿吹毛求疵了，作为一部港产警匪片，它依旧能保留那个黄金时代的缩影。
安澜影虫,8.0,2013-5-15 22:00:39,很不错，完全无尿点，哥哥演的很棒！
翊泽是个魔术师,8.0,2013-5-12 16:03:28,现在看来，整体剧情也许没有现在的警匪片完整充实，但我就是喜欢张国荣的表演，哎呀妈呀，整个心理挣扎和开枪杀完人的那种一丝喜悦挂在脸上的神情。。太爱了〜
leungcccy,7.2,2013-4-18 23:15:34,两位主角的演技都很好，张国荣出神入化，剧情还是比较老土的没有惊喜
她的傻子,7.9,2013-4-15 12:33:19,哥哥的演技入木三分！
Optimusprime,,2013-4-8 17:50:35,可能杀人真的会上赢
重阳如溪,9.0,2013-4-8 11:09:15,张国荣的表演自然是完美。老公说“知道为什么他总拿不到影帝吗？”“因为张国荣太完美了，好到让人嫉妒。”ps:方中信的做作演技，怎么哪部电影他都给我一个感觉呢。哎差的不是一点半点。
Chichi张痴痴,8.0,2013-4-6 11:24:59,张国荣这样的演员，可能因为骨子里就带着偏执和癫狂，所以这样的角色被诠释得特别特别好。
Morning_,8.0,2013-3-30 11:58:03,本片的最大看点并不是剧情，而是导演对角色人物心理世界的形象化表现形式以及演员们无可挑剔的出色发挥。方中信和张国荣，在这部影片中的表演实在是太太太出色了，尤其是张国荣，我只能说出神入化！完全不输程蝶衣。音乐的抑扬顿挫也跟着推动了剧情的跌宕起伏。哥哥，十年了，你还好吗？
小四6171,7.0,2013-3-9 12:41:05,好少看方中信的表演。哥哥性感的嗓音，哥哥的眼神。配乐不错，有气氛故事单薄了点，细节有牵强。这种危险时刻Joe还敢跑回家拿药。。。跟踪那段警方不停换车，这才是专业跟踪啊！被张跑掉那里有点假。我做事从来不为任何人。哥哥的表演无须多言。
徘徊者110,8.3,2013-3-7 18:13:36,全片都是张国荣一个人的戏。
阿冰阿玉,9.0,2013-2-8 21:20:55,剧情毫无悬念，哥哥演的太棒。太厉害，突然觉得枪王之王好弱。
MikeWhite,7.9,2013-2-5 15:38:30,剧情张力十足且扣人心弦，两位主演也奉献了极佳的演技。该片的画龙点睛之笔在于Rick更像是哥哥本性当中的阴暗人格，真真假假，扑朔迷离！
石头菇凉,10,2013-1-16 18:30:44,有说不出的感觉  那种发狂的感觉 太让人受不了了 以为自己不怕 杀别人不怕 但是杀自己却怕了 那句准备好了吗 真是
林子祥,7.5,2013-1-13 0:35:16,张国荣确实是为演戏而生的人，虽然方中信在本片表现的也很出彩，但是气场明显输给张国荣，从正常到癫狂再到神经质，确实是戏疯子
Samantha0212wy,9.0,2013-1-6 16:03:28,前两天才把枪王完整的看了一遍，看到豆瓣上评论说如今华语影坛还有谁能与张国荣媲美，话虽然夸张了点，但哥哥在这部电影里的表演确实惊艳，以至于只要镜头放在他身上，我就不会去看周围 了。因着这部电影，这几天开始狂补香港电影，决定先从银河映像的开始。。。
24颗米粒,8.6,2012-12-28 23:55:17,看了第三遍了！ 太喜欢国荣哥了！ 也只有他能演好这个角色 “你根本不知道打靶子和打真人是完全两种不同的感觉”
sunny-f-612,8.3,2012-12-25 22:00:15,哥哥演技太强了
周慕雲,7.0,2012-12-22 9:26:07,"真正的枪王之王, Double Tap."
藤井直树,9.0,2012-11-22 17:17:24,比枪王之王好看太多了，哥哥太认真！
真·猪头三,9.0,2012-11-8 12:46:07,张国荣演技了得
飞跃华尔街,7.0,2012-11-7 1:21:52,张国荣表演出彩，影片实在一般。
sleepheart,7.5,2012-11-1 23:13:26,故事一般，不过因了哥哥的表演而出彩，即使反派与变态，却仍能博得很多同情
不去影院看国片,9.0,2012-10-27 21:18:35,整部电影扣人心弦、张力十足、相当震撼！张国荣不愧是演技之王！
M独立影评人,1.0,2012-10-9 13:09:46,找个狙击手不就可以干掉这个垃圾了！垃圾装逼骗
caoqq,8.5,2012-10-7 19:38:03,尽管知道rick心里有问题，尽管知道他杀人追求快感，但看哥哥那眉梢眼角毁三观呐~~
BlueRuin,8.0,2012-10-5 19:57:09,感觉前面的情节有点跳跃啊 忽然就变杀人狂了 一下子没接受过来~ ps 哥哥中间是不是客串了那个酒店旅客啊？一听那独一无二的声音 就知道是哥哥
钻石星辰镜,8.2,2012-10-3 17:19:08,张国荣的独角戏。完美演绎枪王。
陈一,8.6,2012-10-2 12:16:20,配角阵容很强大  哥哥气场无敌
Requiem,8.4,2012-10-1 23:18:54,方中信没压住Leslie
超级美国队长,9.0,2012-9-12 21:49:13,看的很有感觉啊！哥哥演技太好了！
aintlost,7.4,2012-8-29 19:48:59,故事如果再丰富一点点，节奏能再快一点可能更是我杯茶吧。不过电影单从剧情来说已经比很多现在的枪战片都要写得好了。人物还是挺丰满的。
Kieron,7.0,2012-8-24 15:04:40,靠演员撑起来的电影... 张国荣真是可惜了...
Ear-H,8.4,2012-8-19 0:46:26,心中的恶魔
我把桃花切一斤,7.8,2012-8-10 10:36:01,哥哥的表演为这部影片大大增色~~
帐号注销,,2012-8-4 0:48:39,#LK微影评# 看了《枪王》。印象中张国荣演反派的片几乎没有，所以片子的这个选择绝对是个冒险，如果演得不好自然影响其光辉，如果演得好又会让反派太过抢眼而不一定让观众喜欢。照片的结果倒向后者一点点，倒还不是很严重，方中信起到的平衡作用也很关键。故事其实蛮好的，只不过都被张的角色掩盖了。
ocean402,8.0,2012-8-2 22:41:37,哥哥本色演出，忧郁的眼神秒杀一切。终极对决，没有赢家。
华仔,7.0,2012-7-25 2:35:07,最后究竟是谁赢了
米林,7.0,2012-7-15 11:51:31,张国荣最好的电影之一。GG的角色台词精炼，全靠眼神和动作来表现已分裂的人格，很赞。唯一让人伤心的是，最后他是不被当成人一样被打成马蜂窝的，黄卓玲的表现很惊喜，反观方中信，反而毫无突破。“我本是男儿郎，又不是女娇娥”8分给GG，剧情弱了6分
摇滚玄奘,7.5,2012-7-12 17:30:54,两位主角很有魅力，片子嘛，还行。
贝克街的亡灵,8.0,2012-7-12 17:18:41,最后打JC那段很爽，张国荣演的坏蛋一点也不讨人恨、
johnny4ever,8.2,2012-7-9 17:13:47,看的时候会有不忍看下去的感觉，这个时候的张国荣应该已经快要患抑郁症了吧，电影中他痛苦的砸烂东西，抱着头大叫，哭着在地上滚....这与后来的现实多么相似
蝌子,7.0,2012-7-9 12:07:22,诚意有 新意差
猫毛冇帽,7.0,2012-7-7 17:47:17,哥哥很帅，剧情嘛就不是太感冒了
Jodiesiu,9.0,2012-7-4 23:44:53,剧情一般，完全是在看张国荣
光茫四杀,6.5,2012-7-3 23:57:18,个人来说，真的感觉一般般啊。高潮冲突不爽快不突出，动作戏飘逸，爱情戏不深入，就张国荣的角色够歇斯底里、疯狂、个性。好像已经将打枪杀人变为一种快感，并不是高智商的警匪片的类型。
愤怒的奶嘴,10,2012-6-28 13:12:51,没张国荣就不值得看了。。
风神先生,8.0,2012-6-25 17:19:00,张国荣的演技、眼神、气场和那种淡定实在是太神了
slump,8.1,2012-6-24 23:47:30,国荣的影片依然堪称经典，只是方中信和他以正派演对手戏显然压不住国荣的气场，还差了一个数量级，至少需要朝伟、哪怕是德华。。。
小乔流水,8.0,2012-6-24 15:08:43,哥哥演演这些精神有问题的问题太多了，演到自杀了
ak4747,6.0,2012-6-24 9:58:20,勉强能看，里面漏洞百出。
蝙蝠俠,7.3,2012-6-22 22:22:44,刚开始一小段还觉得挺沉闷无聊的，后来节奏慢慢上来了。张国荣的表演实在是出神，哥哥表演满分，其他演员拖他后腿。
cumulus,7.5,2012-6-17 20:46:07,就因为一次突发事件杀了人产生了快感，所以3年后就开始做职业杀手？最后还以杀警察为乐？
昔日圣诞之灵,9.0,2012-6-16 23:38:06,蝉鸣之时，意志与意志的对抗。
sunim,8.1,2012-6-12 22:17:42,这是一部一个人的电影，这是一部正邪颠倒的电影，这是一部张国荣的电影。如果没有张国荣，这部电影必定沦为平庸，正是他的气场，演技，眼神，让我们记住了这部电影，影片中的其他要素，在他面前都成了可有可无，以至于正面角色方中信在“哥哥”强大的气场面前完全的成了附庸，让人在观影过程中完全的站在了反面角色的“哥哥”一边，这才是真的《枪王之王》！
Sylvanana,7.9,2012-6-11 17:41:17,片子剧情稍微弱，感情戏也缺少深入。看点大多数集中在哥哥身上，Rick性格里的纠结和无助感，被那群人逼到走投无路时爆发出来的小宇宙。《枪王之王》不如这部的原因是，哥哥这样的好演员已不复求！
杨北偏,10,2012-6-8 15:19:15,怎么会这么好看?
sixwood,7.8,2012-5-31 1:23:24,没有哥哥，这片会很一般。。。
浓情剪刀手,7.4,2012-5-17 0:19:40,走火入魔的枪神
-tk-,9.1,2012-4-22 16:11:56,看一半的时候我就在想rick应该怎么死，选择在剧院里很好，但是还是觉得自杀才对。怀念哥哥。
雅洛蓝,8.0,2012-4-20 17:14:31,这杀人狂魔真是彪悍。
lynchlee007,6.8,2012-4-4 22:08:32,就是群神经病。张国荣可能是本片唯一值得称道的地方了
咖喱不信邪,7.8,2012-3-30 22:20:42,这部戏不是两个人的对决，而是rick与枪的沟通。张国荣确实算做到了他说的用含蓄的方法演出令人毛骨悚然的杀手，不是变态的感觉却也令人害怕。
NoMoreTear,8.3,2012-3-25 23:04:25,没有张国荣，这部电影不知要迅速多少。方中信太缺气场，两个女主角的戏份太少，可以说这是部属于张国荣的电影，全片最大的亮点就是张国荣。
夏末小妞,10,2012-3-17 9:09:15,#分享照片#枪王之王和这个根本没得比。完全是内心戏压根就不是个动作片，优秀的编剧，他的演技。我为了他戏中临死前回忆的画面动容不已。你是我媚俗的例外，但是上天早早就收回了你，所以我心碎。因为世界上的的确确有人是不可替代的，但我发现的时候就已经失去了。我连眼泪都流不出来。谢谢你，谢谢。我明白了。 
唯C宁,9.0,2012-2-28 10:36:21,《枪王》---小学看的，完全被张国荣精湛的演技所征服。现今香港影坛很难再找到张国荣这样难能可贵的演员了，走火入魔也需要天赋！
emma2425112,10,2012-2-17 12:51:27,超完美演绎
李比廉姆,7.7,2012-2-3 20:55:51,像张国荣一样演戏，像方中信一样活着。
卡特宫,10,2012-1-27 0:53:52,这不是演戏，这是“上身”。
布1诺斯艾利斯,10,2012-1-20 13:13:08,一点拖沓感也没有，一口气看完了全片。哥哥演技真棒~只是遗憾，哥哥如果在这个时候多拍一些轻松的片子也许就不会……
Ruby_lu,8.9,2011-12-27 16:15:26,像毛小懋说的那样，张的眼神就是带有一种蛊惑的力量，他是神的时候你会膜拜；他是魔的时候你又跟着沉沦。看着枪王里的他，想着他被忧郁症折磨，总忍不住想究竟是他成就了戏里的角色，还是角色成就了他。然后脑海里忽然跳出了他的《左右手》的歌词：不知道为何你会远走，不知道何时才再有对手。。。
港产片,7.6,2011-12-22 15:16:45,尔东升监制作品，与后来的《枪王之王》合为姊妹片
非虫,8.0,2011-12-11 23:24:55,那个时候港片里的人都近乎疯狂，嘴里嚷着自己是被逼的，或兴奋或冷淡地拿着枪指着别人……
驼铃,7.0,2011-12-1 18:24:09,张国荣翘辫子了
Charles0625,8.8,2011-11-25 19:34:52,虽然沉闷 但绝对经典
_lesley,10,2011-11-10 23:52:30,哥哥，你要不要那么帅啊
我是原来的小胖胖,7.3,2011-11-10 0:14:49,演什么像什么
黑夜马戏团,8.0,2011-11-7 18:40:57,上瘾是一种病
枕枪而眠,9.0,2011-10-19 8:54:41,张国荣演活一个疯子，从外表到内心
黑骨精,7.8,2011-10-17 1:14:28,枪不会杀人，人会杀人。
小水冰凉8032,7.0,2011-10-14 19:35:09,张国荣确实挺帅的
晓胃奉先,7.6,2011-9-27 22:40:34,戏里戏外 又有多少人能分得清
米兰宇,7.9,2011-9-22 14:29:13,张国荣不愧是演技派，枪王不容错过！
刘战斗君,8.0,2011-9-10 10:53:44,对张国荣不熟悉，从这一部大概能知道他是怎么迷住那么多人的
看夕阳的小王子,8.7,2011-9-8 17:41:19,大爱张国荣，这种亦幻亦真、精神分裂的人物他演的很好，不喜欢方中信，他长的很伪善。看过两遍，很喜欢哥哥和那位姐姐的爱情故事。张国荣很敬业。
冷鹿,9.0,2011-9-6 21:41:53,"能塑造这样的人物,我怎能吝惜我的评分?"
期七启,9.0,2011-8-17 10:12:56,方中信 和张国荣都演的很出彩，特别是哥哥 对着镜子哭，突然静下来那一幕，其实我觉得方中信也应该没过危险期才好。邪恶了，呵呵
Yolanda5445265,9.0,2011-8-15 12:31:08,令人折服的演技。
Potter_Yang,8.1,2011-8-3 20:59:22,原来《枪王之王》是脱胎于《枪王》的！我表示，很爱张国荣的表演。
猫眼Jessica,8.3,2011-7-26 22:49:24,两个枪王，一个成了寂寞冷情杀手，一个懦弱最后反击，哥哥的演技确实让人折服，方中信稳妥的演技可以成为哥哥的陪衬。
Se7en丶小七,8.1,2011-7-23 16:43:36,其实有一件事，我一直没有告诉医生，我知道我自己杀了人，但是我很开心，真的。
小鸡鸡5145062,10,2011-7-17 19:31:41,心中完美的枪王。。最爱的张国荣和方中信都有上佳演出。。
egg4,6.4,2011-7-14 12:13:47,哥哥入戏，但用力稍猛。大量着墨对决戏，剧本缺乏人物前史，也缺少社会的辩证依托。动作占主导，剧作虚弱，一般类型范畴。
崔崔amber,8.3,2011-7-11 14:49:59,不错的，不错的...哥哥的演技好好哦~~
乔克蜀黍,10,2011-7-7 17:18:57,看不到更好的男人戏了
奶牛喝牛奶,8.0,2011-6-23 9:23:34,枪王之王终究敌不过枪王！！
掌声给阿杨丶Flypaper,6.0,2011-6-21 14:37:44,一部非常普通的香港商业片，不配8分之作。甚至不如枪王之王
消逝-ZH,8.1,2011-5-28 22:04:37,那个时候张国荣可能不是在表演，那是他自己状态的真实写照
loveslie,9.2,2011-5-22 3:00:25,看到电影中Leslie在黑暗中挣扎好像看到了他现实中与抑郁症的搏斗.不忍心      因为太残忍
pride·恆,8.2,2011-5-10 23:07:27,成为经典 当然有距的道理
chrissie,8.2,2011-5-2 22:46:19,缅怀张国荣
Han1783279,10,2011-4-17 21:07:10,准备好了吗？我帮你呀，我帮你呀
枕头1197213,8.2,2011-4-7 10:37:18,哥哥的表演撑起了整部电影~~给我印象很深
fskin,10,2011-4-6 17:03:19,枪，男人都中意啦。
老梅城,8.1,2011-4-6 1:13:55,张国荣演疯子就真的是疯子
何处相思无月明,7.6,2011-4-1 16:51:39,枪王才是真正的枪王之王……
moonfarmer,,2011-4-1 15:00:28,没有看过，抽个时间看看
影徒,8.8,2011-4-1 1:15:40,张国荣，你演的越好越让人伤感~
黑天白夜,,2011-3-26 10:37:07,艺高人胆大
baobao,8.1,2011-3-20 19:54:41,看了《枪王》，才觉得《枪王之王》差得远了.........
蛐蛐儿687958,10,2011-3-3 11:10:38,哥哥的演技比古仔好太多，古仔还需时间
许小寒,7.8,2011-2-26 15:16:46,心理层面的描写是亮点 尤其是张国荣的表演老实说 看到他饰演的神枪手因为精神问题痛苦不堪的时候真的有些心疼 不忍心看下去方中信的表演也不错
越来越脑残,8.2,2011-2-23 20:34:56,看了枪王之王后才看的这个，现在的港片向太多方面妥协，已经无法找回当年的风骨了...哎...     这才是真正的枪王之王！！
bright388,7.0,2011-2-8 19:54:29,昨晚上把《枪王》跟《枪王之王》连着看的，算是看懂了后者中的一些心思。不过总的来说，剧情、表现都属一般。
Maggie4319817,10,2011-1-30 23:36:46,演了，看了，信了。枪王，只哥哥演才出得来。
feigeyu,9.0,2011-1-19 9:07:00,吼~比枪王之王强太多太多了
段玉1453838,8.0,2011-1-16 16:13:07,张国荣的片子，不错。
童话里的太阳,9.0,2010-12-30 23:33:51,哥哥太给力了！
范范1040010,10,2010-12-21 14:46:22,至爱之一，哥哥表现不输《霸王别姬》
艾米麦克,8.2,2010-12-21 13:26:41,没有张光荣就没有枪王...
阿嗜,7.0,2010-12-20 19:15:20,哥哥！！！融化进去了！
嘟耳朵,8.0,2010-12-19 22:07:02,他就是这样美丽~~
我执故我在,7.4,2010-12-8 16:22:55,因为枪王之王才看的枪王，但是电影看上去有种复古的感觉，仿佛上个世纪的杰作。张国荣和方中信演技都很出色，就是画面显得不够精致。
年年念念,8.5,2010-12-6 16:23:32,哥哥的演技没的说，相当给力。
myaa,7.0,2010-12-1 11:41:13,哥哥演得不错
风语Q,7.8,2010-11-24 21:57:33,张国荣这句话令人刻骨铭心：“我知道我真的杀了人，但是我很快乐，真的。”变态的终极就是冷静
我为我心,9.0,2010-11-23 18:51:28,张国荣的演技真是没话说
华夫小饼,8.0,2010-11-6 23:05:54,好想哭。。。。。。
Foryo,8.0,2010-10-30 22:49:05,因为睇左枪王之王先知道有枪王 先至睇 感觉比后作好
1w1046843,8.0,2010-10-10 1:48:28,"2000 年的港片依旧在逻辑与细节上不可细磨, 但把一个小故事可以讲成这样, 仍见当年港片之长处."
lynn2044273,8.0,2010-10-6 21:07:53,看完了才觉得枪王之王不大好的
尼劳目110,8.0,2010-10-6 18:15:36,什么叫专业？他摆在那里就是一出戏···
bluewind_L,8.7,2010-10-1 23:21:00,先看了《枪王之王》才看的这部，但《枪王》明显胜于那部，情节够饱满，张国荣的神经质演的很到位，看的时候感觉最后所有的感情都溢满到要爆发~很棒的片子
starfly-dong,8.0,2010-9-24 22:06:54,张国荣的心理刻画确实到位，方中信那个时候好年轻啊。
好弗狼,7.1,2010-9-23 23:10:34,只是来看张国荣的，片子显得剧情太唐突，模糊不清。
失控的貓,9.0,2010-9-19 21:54:35,张国荣的演技绝对震撼！精彩的枪战场景，紧张的节奏加上张国荣无与伦比的演技，让这部作品充满了灵性！
larry1182038,7.8,2010-9-17 21:16:20,张国荣果然没让人失望~
陪你倒数啦,9.4,2010-9-15 17:46:38,片中哥哥的表现堪称完美，但也正因为他的完美，使得片中其他人黯然失色。
简小沫,9.4,2010-9-15 1:42:00,在片中，哥哥张国荣一反往日的情圣或潇洒模样，变成残暴、冷酷、无情的杀人王。哥哥在片中有很深的内心戏，表现变态者的内心挣扎，以及杀手的冷血无情。 
喂小饱,9.0,2010-9-8 17:58:49,怪你过分美丽，叫我点恨你。
小新CC,8.0,2010-9-3 10:33:41,声嘶力竭的挖掘人性，不夹杂杂质，生猛
Ni想G啦子,7.8,2010-9-1 23:14:20,不得不佩服张国荣的演技，完全具有压倒性的气势，特别是那眼神，还有那段审讯时候的淡定，太有范了，那股邪气简直令人汗毛直立，在如此表现面前，方中信这个名义上的主角，对其锋芒也得退居二线。
躲在墙角的濛濛,8.0,2010-9-1 18:20:59,相当好看相当经典！
rainsouth,8.1,2010-8-30 16:43:58,绝顶高手的寂寞悲歌，除了射击已经无法感受到自己的存在。看了“枪王之王（Triple Tap）”才找来这部电影“枪王（Double Tap）”，虽然Triple比Double要牛，但相比十年前的这部Double，相比张国荣的完美演技，古天乐主演的Triple更像是一个笑话。古是用肢体语言来表现人物的情绪的，张国荣是用神情来表
Carrie_Shang,7.0,2010-8-30 11:37:33,看的就是张国荣
一个人的漫漫风尘,8.4,2010-8-27 0:24:45,戏如人生。
kenjikwok,7.6,2010-8-26 22:22:16,看完枪王之王后回去重新温习了哥哥的枪王。。。古仔虽然很努力，但是如果是以哥哥为原型塑造的，就离了太远。于是枪王之王的剧本人设，也就避开了心理扭曲这个深刻难题。悼念哥哥。
小茜1008,9.1,2010-8-25 23:17:39,是看好《枪王之王》再看这部电影的，尔冬升这部影片在剧情和演员的演技上都是很难超越的，哥哥和方中信的演出更是给影片加分。哥哥演的带有争议的枪手，在无法控制情绪地枪击，矛盾的心理带出痛苦。还是这部枪王经典。
雲汐·慕封,7.0,2010-8-24 22:30:42,只因为有张国荣。
烟花小朋友,7.6,2010-8-20 1:02:29,哥哥表演绝赞，画面压迫感十足
流沙枫,5.0,2010-8-18 13:13:22,看了枪王之王的致敬，才找枪王来看下的，早知连枪王之王都不要看了！还不如拍个第一人称的枪战片。---可能玩cs多了。
念子实多,7.0,2010-8-15 17:18:19,杀人都可以上瘾
Hes2111660,8.3,2010-8-14 23:10:20,迷恋哥哥的演技。
福耳猫斯,8.0,2010-8-14 22:01:38,思想深度远在《枪王之王》之上，看来名字起的牛并一定真的牛。 
Peng2184286,8.0,2010-8-14 15:00:05,当年的香港片子虽然会有些扯，但还是很好看的，尤其几位主角演员很出彩
狐狸元宝,7.3,2010-8-13 12:15:44,至少心无旁骛专心致志于讲好一个故事……针锋相对高手过招的架构虽然老套，只要用对就一定扣人心弦。rick这角色不如程蝶衣、何宝荣经典，却一样的舍哥哥其谁
冰蓝血焰,8.9,2010-8-11 22:36:05,"再看枪王,再次为他的演技折服~好演员,就是他演了,你看了,就信了~影片的基调,风格,气氛从一开始就通过他表现出来....这是一场独角戏,而不是双雄戏~所有的角色,所有的剧情,包括方中信,都只是为了陪衬他而存在."
jiabac,7.7,2010-8-9 0:04:32,张国荣的内心戏比枪战更要精彩
樱木花城,8.4,2010-8-7 22:42:31,看了《枪王》，不知道什么是《枪王之王》。枪王的编剧颇为高明，落幕得恰到好处。而《枪王之王》则可怜得走向了合家欢式的无趣结尾
鱼头豆腐,8.0,2010-8-7 20:34:02,对这个反派真的恨不起来，反而更希望他打得警察更狠些。两个对立角色，方中信完败于哥哥
我的电光幻影,7.0,2010-8-6 23:25:15,为什么我觉得不如枪王之王好看？是因为音响效果不同吗？有人说枪王是两个人的戏，但是枪王之王是古天乐一个人的戏。同意这点。可能我喜欢2010年吧。
黑狗成,9.0,2010-8-6 21:17:54,看这部2000年的作品，张国荣的表演仍是关键。
afei,7.2,2010-8-6 15:02:48,张国荣2000年的电影  我是看了 枪王之王  才看得 枪王  影片情节紧凑  表演细腻 但是还是有一些港产片的漏洞
牛肉干914110,8.1,2010-8-4 22:23:08,如果不是张国荣，这怕是再平常不过的一部片子了
rivyer,8.0,2010-8-3 22:27:18,张国荣太压抑，太压抑，真觉得他的死和他的性格有莫大的关系！
peka,9.0,2010-8-2 23:22:30,有些人是不可以惹的。
朱氏潮,8.7,2010-8-2 19:26:01,很平衡的电影，好剧本跟好演员相得益彰，有打破游戏规则的魄力使得本片不落俗套。这也是张国荣在21世纪的完美角色贡献。 
花鼓郎,8.0,2010-8-1 12:13:29,"因为枪王之王才观看了枪王,我只能说姜还是老的辣,哥哥若是能活着那该多好!怀念过逝的张国荣"
deppkim,8.3,2010-7-31 0:15:56,不疯魔不成活，Rick对于枪的迷恋是谁也不能抹去的一抹艳红，有些灰暗有些张狂，Rick是枪中之王，即使死也不能忘记开枪时眉眼间那一份自信，那一份狡黠。
QL531,9.0,2010-7-30 20:27:14,最爱的是哥哥精湛的演技
晓月光光,6.0,2010-7-29 23:21:03,在那个时代，还算是有点风格的电影了。不过，如果不是有2010年的《枪王之王》，这个电影估计也只会湮没在时光中。
孙圻峻,7.3,2010-7-25 20:25:35,比枪王之王好多了
Vagrant_Chen,7.7,2010-7-25 10:13:08,张国荣的眼神太有杀伤力鸟～原来《枪王之王》是这么来的～
HappyPig,7.0,2010-7-24 21:23:10,哎，可怜的张国荣，真希望当初他少一点演类似的角色……
HappyPig,7.0,2010-7-24 21:23:09,哎，可怜的张国荣，真希望当初他少一点演类似的角色……
张子期,7.0,2010-7-23 22:52:53,因为枪王之王才看的这部电影。因为张国荣才看的这部电影。不错。
飞奔的肉丸子,8.7,2010-7-23 5:49:08,只恨你过世太早
仙剑风晨,7.8,2010-7-22 18:11:15,张国荣在本篇中的表现与《黑暗骑士》中的希斯莱杰可谓一时瑜亮。
rainyday,9.0,2010-7-21 16:13:42,张国荣是我见过的中国最好的演员。我觉得他有点跟约翰尼德普像，只为演好每一部戏。没有做作，和虚饰。
毛线a,8.0,2010-7-19 10:03:27,杀人就如同吸毒。。
泡泡大姐,9.0,2010-7-17 20:05:35,一方面是哥哥，一方面电影确实故事好，流畅性也好
magician226,8.5,2010-7-17 13:34:29,《枪王之王》之后来看《枪王》。。还是张国荣演得好啊·~~
Jullies,8.0,2010-7-16 11:31:09,是看了《枪王之王》后才看的《枪王》，很多没看《枪王》的人会觉得《枪王之王》和《枪王》是雷同的故事，其实当然不是，哥哥的眼神真的没开枪就杀死人。古天乐还有点耍帅的嫌疑，不过两个枪王我都喜欢。可惜哥哥不在了。我不是两个枪王的粉丝，却被他们的角色扮演所折服。
Nicole0529,7.0,2010-7-14 9:21:53,故事情节比枪王之王好.张国荣真是一个天生的戏子...不疯魔不成活...看看他演绎的角色...太细腻
假如世界没有爱,9.0,2010-7-13 23:52:17,这是张国荣的传奇！虽然是坏人，但仍然那么招人喜欢
马来西亚的鱼,6.0,2010-7-13 20:56:45,其实很一般，张国荣还是更适合演文艺一些的电影。
看片高手,7.1,2010-7-13 18:11:46,没预期的好
爱牛,7.9,2010-7-13 14:32:35,不看枪王，不知道枪王之王不是真的王
samda,7.4,2010-7-13 10:12:34,因为《枪王之王》而看这部影片的，高低优劣大家都清楚。尽管影片所反映的中心思想有所不同，但是这一部明显给人的印象会更深。特别是张国荣的超凡演出。
子豆先生,8.0,2010-7-12 23:14:11,00年的哥哥，哎，竟似预言了结局似的；我本以为自己可以冷静地去看这部片了，却不曾想，看到那张脸，那眼神，一颦一笑总关情...我已写不出其他什么了...
海龟,,2010-7-12 18:43:36,复习一下    算是补课吧    张先生  你的表演太给力了~
