羊点,7.0,2018-12-11 23:50:54,没什么感觉，演技还可以。桂纶镁走路的姿势不好看，不自然。
狂热信羽,9.0,2018-10-14 22:07:56,张士豪牌复读机。。。
touya,8.0,2018-10-2 15:28:07,干干净净，不需要确切答案的青春。“你很好，可我还是喜欢女生”的孟克柔，“如果你开始喜欢男生，你要第一个告诉我”的张士豪，即使在这个夏天成为不了恋人，至少已相互交心，无论未来是朋友或是恋人，都是让人欣慰的。陈柏霖还挺让人心动的。
老羊,8.1,2018-9-19 13:52:16,许多年重看才发觉片子很短，正片不到81分钟（不演职员表），对高中生的感觉抓得很准，胶片摄影也充满着浓浓的怀旧感！
Aee3519479,8.0,2018-9-5 23:38:45,台湾的青春片拍的真的很好 一下就把你拉到那个时候
管自力,7.5,2018-7-23 12:43:26,孟克柔喜欢张士豪还是林月珍，这真的是个谜，孟克柔还是喜欢女孩子多一些，张士豪是喜欢游泳的大男孩，我也喜欢游泳，可游泳是孤独的运动。
咩咕哩,,2018-5-17 11:05:06,我叫张士豪，天蝎座o型，游泳队吉他社�~你到底要干嘛？我还不错啊~(✿◡‿◡)
觉醒的大雄,7.9,2018-5-13 20:52:44,简单的故事，淡黄的画面，随意的台词，慢慢回到自己学生时代的夏日午后…
supersuper,7.0,2018-5-12 22:23:27,喜欢那时候的桂纶镁
JasonRobot,7.8,2018-5-7 21:50:46,年轻总是让人充满无限的遐想，年轻人的心思总是那么纯洁可爱，我们沐浴着夕阳，向云雾飘荡的远方眺望，即使啥也看不到，却依然有一种青春的姿态。因为青春本就无所顾忌，是狂欢，也是冒险，是本就无所舍弃，想哪做哪的放肆。
lucifer1014076,8.0,2018-1-14 10:14:17,记得有人说《致青春》是文艺小清新，我反驳那算什么小清新？《蓝色大门》《最遥远的距离》《第36个故事》以及《男朋友女朋友》才算文艺小清新吧？对方回复，你干脆说你喜欢桂纶镁好了。我仔细一想，还真是。
飘渺的游侠,8.0,2017-7-7 17:32:38,台湾青春小清新电影，男主女主我都蛮喜欢。桂纶镁穿比较男性化蹦个脸，就真的满男性化的。不过涂上唇膏穿上彩色衣服就蛮漂亮。有青春期的冲动和迷茫，有蕾丝边的苦恼和困惑，有接受与拒绝的纠结，青春就是这样吧。这个夏天，什么都没做。看什么呢，什么也看不到。蓝色大门的背后，青春的甜美停驻。欢迎加我微信pmyx2015，交流分享优秀电影。
filmman,7.6,2017-5-30 11:38:26,台湾的青春片总是在孤独缺憾中充满成长的希望，就像是青春该有的样子
伦夕,7.6,2017-5-21 14:25:22,故事展现了一种久违了的清新质地，又用不同寻常的人物和故事把青春期那种冲动、无奈、不知所措的情绪表达的让人赞叹
J·D紫雲,6.0,2017-2-24 18:24:36,#Movie Today#蓝色大门#“我们会成为什么样的大人呢”？我想我是在一个错误的时间看到了一部正确的电影……突然好想翻以前的日记，看看曾经的我有着怎样青涩的成熟，看看是怎样我成为了现在这样的大人……
coleling,8.0,2017-1-15 20:05:54,不错，不过我觉得女二更漂亮啊
林子祥,7.8,2017-1-8 22:29:51,本片最大的意义就是开创了一种青春电影的可能性，没有狗血没有堕胎没有撕逼，只有青涩和真实感，当单车骑过街道，下午三点的太阳洒在前面的男生身上，一切都是那么美好，一切都似曾相识……
Kevin_凯文,8.0,2016-12-11 21:02:02,前几年看过，台湾的小清新电影还是很有意味的。那个时候的他们好青涩，但是也很真实
washighton,8.1,2016-12-6 19:41:49,青涩的回忆
吉树,9.8,2016-11-23 11:05:35,在高中时代唯一 一部看了10遍以上的电影，几乎可以记住所有台词。当时桂纶镁和陈柏霖都还不红……
邪恶的老杀,7.5,2016-10-2 10:40:03,基本上所有都会在成年后忘记自己在青春期曾经有过的各种烦恼，那时候的心情，喜怒哀乐，爱与恨。
羊点,7.0,2018-12-11 23:50:54,没什么感觉，演技还可以。桂纶镁走路的姿势不好看，不自然。
狂热信羽,9.0,2018-10-14 22:07:56,张士豪牌复读机。。。
touya,8.0,2018-10-2 15:28:07,干干净净，不需要确切答案的青春。“你很好，可我还是喜欢女生”的孟克柔，“如果你开始喜欢男生，你要第一个告诉我”的张士豪，即使在这个夏天成为不了恋人，至少已相互交心，无论未来是朋友或是恋人，都是让人欣慰的。陈柏霖还挺让人心动的。
老羊,8.1,2018-9-19 13:52:16,许多年重看才发觉片子很短，正片不到81分钟（不演职员表），对高中生的感觉抓得很准，胶片摄影也充满着浓浓的怀旧感！
Aee3519479,8.0,2018-9-5 23:38:45,台湾的青春片拍的真的很好 一下就把你拉到那个时候
管自力,7.5,2018-7-23 12:43:26,孟克柔喜欢张士豪还是林月珍，这真的是个谜，孟克柔还是喜欢女孩子多一些，张士豪是喜欢游泳的大男孩，我也喜欢游泳，可游泳是孤独的运动。
咩咕哩,,2018-5-17 11:05:06,我叫张士豪，天蝎座o型，游泳队吉他社�~你到底要干嘛？我还不错啊~(✿◡‿◡)
觉醒的大雄,7.9,2018-5-13 20:52:44,简单的故事，淡黄的画面，随意的台词，慢慢回到自己学生时代的夏日午后…
supersuper,7.0,2018-5-12 22:23:27,喜欢那时候的桂纶镁
JasonRobot,7.8,2018-5-7 21:50:46,年轻总是让人充满无限的遐想，年轻人的心思总是那么纯洁可爱，我们沐浴着夕阳，向云雾飘荡的远方眺望，即使啥也看不到，却依然有一种青春的姿态。因为青春本就无所顾忌，是狂欢，也是冒险，是本就无所舍弃，想哪做哪的放肆。
lucifer1014076,8.0,2018-1-14 10:14:17,记得有人说《致青春》是文艺小清新，我反驳那算什么小清新？《蓝色大门》《最遥远的距离》《第36个故事》以及《男朋友女朋友》才算文艺小清新吧？对方回复，你干脆说你喜欢桂纶镁好了。我仔细一想，还真是。
飘渺的游侠,8.0,2017-7-7 17:32:38,台湾青春小清新电影，男主女主我都蛮喜欢。桂纶镁穿比较男性化蹦个脸，就真的满男性化的。不过涂上唇膏穿上彩色衣服就蛮漂亮。有青春期的冲动和迷茫，有蕾丝边的苦恼和困惑，有接受与拒绝的纠结，青春就是这样吧。这个夏天，什么都没做。看什么呢，什么也看不到。蓝色大门的背后，青春的甜美停驻。欢迎加我微信pmyx2015，交流分享优秀电影。
filmman,7.6,2017-5-30 11:38:26,台湾的青春片总是在孤独缺憾中充满成长的希望，就像是青春该有的样子
伦夕,7.6,2017-5-21 14:25:22,故事展现了一种久违了的清新质地，又用不同寻常的人物和故事把青春期那种冲动、无奈、不知所措的情绪表达的让人赞叹
J·D紫雲,6.0,2017-2-24 18:24:36,#Movie Today#蓝色大门#“我们会成为什么样的大人呢”？我想我是在一个错误的时间看到了一部正确的电影……突然好想翻以前的日记，看看曾经的我有着怎样青涩的成熟，看看是怎样我成为了现在这样的大人……
coleling,8.0,2017-1-15 20:05:54,不错，不过我觉得女二更漂亮啊
林子祥,7.8,2017-1-8 22:29:51,本片最大的意义就是开创了一种青春电影的可能性，没有狗血没有堕胎没有撕逼，只有青涩和真实感，当单车骑过街道，下午三点的太阳洒在前面的男生身上，一切都是那么美好，一切都似曾相识……
Kevin_凯文,8.0,2016-12-11 21:02:02,前几年看过，台湾的小清新电影还是很有意味的。那个时候的他们好青涩，但是也很真实
washighton,8.1,2016-12-6 19:41:49,青涩的回忆
吉树,9.8,2016-11-23 11:05:35,在高中时代唯一 一部看了10遍以上的电影，几乎可以记住所有台词。当时桂纶镁和陈柏霖都还不红……
邪恶的老杀,7.5,2016-10-2 10:40:03,基本上所有都会在成年后忘记自己在青春期曾经有过的各种烦恼，那时候的心情，喜怒哀乐，爱与恨。
first菇凉,8.0,2016-9-11 23:06:39,异常真实的电影，所有物事情都可能是初高中时期发生的，没有过为浪漫的青春桥段，所以更能让人想起中学懵懂时期。。。配乐很岩井俊二，但我最爱的还是大仁哥笑起的酒窝哈哈哈哈哈，“小酒窝大人”
嬴政的崛起,8.0,2016-8-24 23:17:12,虽然没有共鸣但却深深理解
莈洧洳菓,8.3,2016-3-29 16:21:15,再也不会回去的was
raulhou,8.0,2016-2-18 2:48:31,每一位演员都是那么青涩，可是剧本与导演的优秀让我难以分辨他们究竟是天然的表现青少年的笨拙还是涌出了一股感情。另外，如果你喜欢男生了记得第一个告诉我哦
番茄的梯子,9.0,2016-1-15 13:05:42,我就张士豪，游泳队，吉他社，我觉得我还不错啊
步伐不停,9.0,2016-1-3 0:28:43,#分享照片#最好看的青春片之一
卡拉的打火机,,2015-11-26 6:21:31,三年、五年以后，甚至更久更久以后，我们会变成什么样的大人呢？是体育老师，还是我妈。
4183315,8.0,2015-11-21 22:51:30,看了，忘了有没有看完
声色画报,8.1,2015-9-26 0:03:35,什么是喜欢什么是爱？我到底爱女人还是爱男人？你想吻我吗？人生在不停叩问，青春期更是如此。走进纯真的困顿世界吧！
32想一个人看电影,8.0,2015-9-9 18:05:40,复读机
Hevoli,8.0,2015-9-3 17:48:58,像是从平凡生活中随机抽取的片段，没有前因后果和结局，对白简单甚至幼稚，但真实得让人会心一笑。并不是所有非爱情的男女之情都可以用“友达以上，恋人未满”来概括，在这份和谐又尴尬的关系中，最感动的并不是张士豪说出口的高调等待，而是那份因年少而有勇气并且千方百计给予的执着。
卡拉的打火机,,2015-7-28 23:13:08,看过的最好的青春片，没有之一。
卡拉的打火机,,2015-7-28 23:12:45,当林月珍让孟克柔去帮她介绍，她说不要，她又坚持，她又说不要，她又坚持。。。小孟该会有多么的伤心呢
绝望的麦子,6.0,2015-7-8 12:33:35,对不起。。。就是不爱桂纶镁。。。然后没看完。。没错，我就是主观情绪这么重！╮(╯▽╰)╭
Queen_Coral,7.8,2015-6-28 1:21:29,平淡如水的叙事，波澜不惊的剧情。但是因为是青春，所以无比真切。不像是看电影，而是看曾经的你，我，他/她。
天堂电锯影院,8.0,2015-6-14 23:56:03,青涩的青春
单雨落,8.0,2015-6-13 23:46:45,我变成了什么样的大人呢。
luquanbin,9.0,2015-6-11 21:31:52,青春就是这么纯粹。
JTimberlake,8.2,2015-5-31 0:18:54,我们会变成什么样的大人呢？
MARKSUN119,7.5,2015-5-12 12:50:23,纯洁干净，青春片应该这样
Torrace,8.4,2015-5-9 23:26:17,于是，我似乎看到多年以后，你站在一扇蓝色的大门前，下午三点的阳光，你仍有几颗青春痘。你笑着，我跑向你问你好不好，你点点头。三年、五年以后，甚至更久更久以后，我们会变成什么样的大人呢？是体育老师，还是我妈。虽然我闭着眼睛，也看不见自己，但是我却可以看到你。
月光晒干眼泪7,8.7,2015-4-3 0:30:36,想到自己的学生时代……
KNONM,,2015-3-24 13:35:00,但是总会留下些什么吧，留下什么，我们就成为什么样的大人。
IMYSELF,10,2015-3-9 14:21:24,我的最爱，永远的经典
泛滥xi,7.0,2015-1-26 22:16:46,高中的时候看过，过了很多年再翻出来看，脑海里满是那句我叫张世豪，天蝎座，O型，游泳队，吉他社，我还不错哦。台湾小清新爱情
贵久,7.3,2015-1-19 7:05:50,13年后再看这片 她的贡献不是仅仅发掘桂纶镁和陈柏霖 好像个蓝色柠檬一样的青涩的青春味处处浮现 是青春的小品 也是青春的散文 肥大的裤子 白色的校服 简单的言语 是多少人的青春？
琪佳,10,2014-12-6 11:38:02,早就知道这部，也看过好多影评~实在太可爱的两个人~小士和小柔~~
断歌,8.0,2014-12-5 22:11:36,标准台湾文艺小清新！
pan88,7.8,2014-11-23 15:11:13,怎麽臺灣的青春就那麽小清新
R,,2014-10-26 20:58:12,暖暖的片子，满分满分！好爱孟克柔啊！
robertjuve,9.8,2014-10-25 23:27:24,“夏天都快过完了，好像什么事也没有做，但是总会留下一些什么吧，留下什么，我们就变成什么样的大人。”一个叫张士豪的男孩，一段夏日的故事，一些看似苍白却叫做青春的日子。很多年后，仍然觉得这是湾湾青春片的上乘精品，纯纯的感情，表达恰到好处，远超后来的海角七号以及那些年。青涩的陈柏霖和桂纶镁，表演却好得让人给出满满的赞。
zero551,8.0,2014-10-18 23:50:51,蓝色大门，宝岛的青春电影。台湾青春电影的代表作之一，在这个物质泛滥的时代，用最朴实的画面，给我们描述了一个可能发生在任何校园角落的青春片段，任何人都能找到一些自己的影子。陈桂二人青涩的表演给影片增色不少，最后的旁白给影片做了升华。影片犹如一杯清茶，沁人心脾。
Pinkashes,9.0,2014-10-16 23:01:40,无他，年轻时候的热血总是在回忆中撕开灰色的现实的一个裂口，泛起温情。
SomeNights,9.4,2014-10-3 8:37:49,于是，我似乎看到多年以后，你站在一扇蓝色的大门前，下午三点的阳光，你仍有几颗青春痘。你笑着，我跑向你问你好不好，你点点头。三年、五年以后，甚至更久更久以后，我们会变成什么样的大人呢？是体育老师，还是我妈。虽然我闭着眼睛，也看不见自己，但是我却可以看到你。”
我是上官寒遐,8.0,2014-9-7 18:12:24,难得的一部台湾小清新青春爱情片，桂纶镁好青涩但是也好纯美。
丸豆夫不喜欢鱼豆腐,8.7,2014-8-25 11:44:55,青春就应该是这个模样吧，懵懂青涩，就像小士浅浅邪邪的笑，就像小柔清新执着的问。。。
原子弹不会飞,7.6,2014-8-13 16:15:13,也不知道为什么这样的台湾片子一看就觉得好 因为“可以听他游泳”这种小情绪吗：） 不过能感觉到这种身份认同 又是台湾电影 应该很容易跟意识形态挂钩吧
白铁,8.0,2014-8-9 17:46:10,居然是个关于取向认识的故事  桂纶镁真的好美= = 我真的重复了无数次了
石头菇凉,9.0,2014-8-3 21:10:56,刚迷上电影的时候 大学那会 很喜欢看这种有点小清新的爱情电影
Sweetzhu,8.0,2014-8-2 23:10:50,青春的爱情如此酸酸的味道~PS：两演员都好青涩啊，陈柏霖暖男！
德尼罗2379215,8.2,2014-7-26 18:03:18,看着如此纯洁的男女主角，想着自己的青春，太美好！
吞吞亮,7.7,2014-6-13 11:17:29,于是，我似乎看到多年以后，你站在一扇蓝色的大门前，下午三点的阳光，你仍有几颗青春痘。你笑着，我跑向你问你好不好，你点点头。三年、五年以后，甚至更久更久以后，我们会变成什么样的大人呢？是体育老师，还是我妈。虽然我闭着眼睛，也看不见自己，但是我却可以看到你。”
Mochamosi,8.0,2014-5-21 16:35:00,淡淡的青春，很让人回味。
香菜君左,8.0,2014-5-18 22:33:05,那时候好年轻呀
西蒙佩吉,8.4,2014-5-9 17:11:07,小士，看着你的花衬衫飘远，我在想，一年后，三年后，五年后，我们会变成什么样子呢？由于你善良、开朗又自在，你应该会更帅吧。于是，我似乎看到多年以后，你站在一扇蓝色的大门前，下午三点的阳光，你仍有几颗青春痘，你笑着，我跑向你，问你好不好，你点点头。三年、五年以后，甚至更久、更久以后，我们会变成什么样的大人呢？是体育老师，还是我妈？虽然，我闭着眼睛，也看不见自己，但是，我却可以看见你。
韩景峰看电影,8.0,2014-4-16 15:13:20,电影的语言并不花哨，流淌着毫不谄媚的真诚，它带着青春的羞涩和傻气，以及那些难以言说的触动，这是一部平静而动人的作品。电影中桂纶镁和陈柏霖所演绎的故事，就像它的名字，仿佛就是一扇梦幻的蓝色大门，为青春期做出正确的注脚，不残忍、不悲伤，但能够让人找到回看过去的路。
好景当前,8.2,2014-4-9 15:05:48,我喜欢你，你喜欢她，她喜欢我……就算是三角恋也是这么干净、纯粹。喜欢不急不躁的叙事和缓缓流淌的钢琴曲，看着画面里一前一后的自行车，好像能感觉到夏天晚上的风迎面吹来。
步履不停的藤井樹,7.8,2014-4-4 17:20:54,青涩的桂纶镁和陈柏霖，质地清新的青春记忆更值得被大银幕铭刻。这部电影，也让我记住了桂纶镁这个女子，清醒而又气质的很。
yjxue84,8.0,2014-4-2 13:57:13,当年的桂伦美，好嫩
一本,8.0,2014-3-22 17:33:48,很容易让人联想到岩井俊二的《花与爱丽丝》：我爱你，你爱她，她爱她。
风鬟雾鬓,8.0,2014-3-21 20:05:42,回头看看自己走过的路，却早已经在寓言中了。
冒牌佐汉,9.0,2014-3-13 22:39:41,我叫张士豪，天蝎座o型，游泳队，吉他社。我还不错哦。
野风车,8.0,2014-3-9 0:19:54,#为电影而哭#《阿甘正传》 《蓝色大门》 《天堂电影院》。。。。。。
瓶瓶,10,2014-3-1 0:06:03,这个夏天，什么都没做就结束了，总该留下点什么吧。这是我心中最最美好的青春片，没有之一。
得儿然,7.8,2014-2-24 23:19:19,很奇怪的调调，法式的离散风格
微草杳竹,7.0,2014-2-7 1:31:07,我闭着眼睛也看不见自己，但是我却可以看见你。陈柏霖那个时候酒窝也太可爱了吧。。。
抽雲煙的小青年,8.2,2014-1-27 1:28:47,"我叫张士豪,天蝎座,O型,游泳队,吉他社,我还不错啊。"
BlueMelody,8.4,2014-1-26 12:53:36,陈柏霖那时候的颜真是逆天。。。酒窝太好看了！
steveshow,6.0,2014-1-24 15:34:05,不如期待！
paper-deaf,8.1,2014-1-7 13:31:33,  青春质地，保鲜期是一辈子、何为蓝色大门，青春成长需要跨越的一扇门吧，这扇门里有我们青春里的点点滴滴，这扇门外，我们会成为体育老师还是孟克柔她妈？你是女生，你爱男生， I was here！  我是汪OO，金牛座，X血型，我还不错哦~~~[鼓掌][可爱]
trueman,7.4,2014-1-1 22:43:30,几年后 重看这片子 没有了第一次看的惊艳  也许是老了 但还是勾起了我学生时代的回忆 但都过去了 不堪回首 不会再看了 也不想回忆了……    看着有点儿像日本的 岩井俊二的路数
看电影的小傻叉,7.7,2013-12-28 13:09:08,可能是太大了没法去理解17岁少年的心情了吧 没看太懂 不过那时的陈柏霖真是阳光啊 加1分 电影音乐超级棒 满分！
眯瞪猫船长,7.9,2013-12-26 21:37:47,特别简单、纯净的一部电影，校园题材的影片是我最喜欢的一种类型，无论它的内容是什么，主题怎么样，或多或少的总能在其中找到自己的影子和青春的回忆。
辰拂晓,9.0,2013-12-26 14:51:06,是推荐巨蟹座看的片子，很喜欢，融融夏日青青少年
juile,8.1,2013-12-25 14:48:07,电影就像下午三点的阳光暖洋洋慵懒的散落，抬头眯着眼睛，阳光中透出一扇蓝色大门。
自由彼岸,8.0,2013-12-21 16:25:34,台湾青春题材电影一直都拍得不错，即使质量不算高，故事也简单，但是看着就是有感觉。桂纶镁真心不错，果然是日后拿影后的料，不错不错。
Red67,8.7,2013-12-19 19:53:13,林月珍孟克柔张士豪
EndlessJT,8.0,2013-12-13 13:42:13,蓝色大门，多年后的我们果然还是和青春期的预想差的太多。
天才也疯狂,8.0,2013-12-10 21:03:30,陈柏霖在里面好可爱
死去的一天,8.0,2013-12-4 15:36:48,淡淡的淡淡的小清新，把青春期的情感捏拿地入木三分。在岁月洗礼后的某一天的下午三点，午后阳光洒在身上，回忆起了青春的点点滴滴。13.12.4
Andrea-白兔,8.0,2013-12-2 12:05:58,冲着陈柏霖灿烂的微笑和青春就该给八分
chino1462675,8.0,2013-11-22 23:10:26,影片没有丝毫华丽的语言，但是却展示了最真实的青春。P.S. 比《那些年》要动人要抽象很多。又P.S 一下，那时的桂纶镁好惊艳，陈柏霖也很阳光。
徘左徊右,9.0,2013-11-16 22:49:20,有时候太执着，非想要有个结局，或者是个想象中的那个结局，却忘了，青春其实是没有结局的
宋健,8.1,2013-11-13 17:13:03,监制看到焦雄屏和王童，一惊。难道小清新就是台湾的主旋律？
Artscien,7.5,2013-11-1 23:28:36,年轻总是找不自己的方向，在探寻中告别青涩。
lin33,10,2013-10-28 13:50:24,青涩的不完美就是青春的完美
超级天后,7.3,2013-10-5 17:18:51,可以说是开启台湾小清新潮流之作，剧中的桂纶镁还有陈柏霖真的好青涩，但相对来说文艺味过重，观赏性不如那些年的近年来的小清新作品。
阿飞扬,10,2013-10-3 20:21:02,如此清新的桂纶镁
爱达荷的定春,8.9,2013-9-27 12:21:00,我们都曾站在那扇大门前久久难以远去，一部完全没有偶像气质的青春电影，少年时最美的回忆“我喜欢的是女生”
德内斯,8.3,2013-9-27 7:41:15,对青春生活的捕捉是远远好于《那些年》的
spacky,8.0,2013-9-24 21:49:33,看着这些高中生，已经没有了代入感，没有了随故事情节和人物心跳的感觉，倒像是看着自己的弟弟妹妹甚至是孩子在初恋中纠结，只剩感叹。看完照照镜子，发现自己真的老了。
MagicWinds,9.0,2013-9-19 22:02:41,见博客影评！
夜思,8.5,2013-9-11 13:32:34,台湾式小清新，青涩的爱恋，桂纶镁和陈柏霖的处女作，真的很不错~
小眼儿天目,7.5,2013-9-11 13:13:37,蓝色大门，犹豫之门。  就像blues一样，欢乐又夹杂着忧伤。
李比廉姆,8.0,2013-9-4 20:22:27,再次证明了台客台妹的青春不在大学在高中。
bigfly,8.0,2013-8-30 8:54:01,台湾对青春清新的电影的拍摄很有一手啊~
Noneo,8.1,2013-8-18 14:29:23,思维有些混乱，有些没看明白
Lilith丶,8.5,2013-7-29 22:14:47,回忆很清凉。一年，三年，或是五年后，我竟变成了这样一个大人
老牧,8.0,2013-7-29 10:27:05,蓝色的过往，倔犟的青春
lullabylily,8.0,2013-7-27 22:02:44,里头有青涩的桂纶镁和陈柏霖，有青涩的爱的探索，谁能说那时的我们不萌呢~
月亮的影子,9.0,2013-7-14 22:05:25,唉，又是让人沦陷的电影
寒武纪V2,8.0,2013-7-7 22:18:25,一个若即若离的异性知己，是每个人的青春都必不可少的吧
旋轉O木馬,9.1,2013-7-5 22:40:55,我叫张士豪，天蝎座O型，游泳队吉他社，我还不错哦。
Latinizer,8.0,2013-6-24 22:28:49,“我叫张士豪，天蝎座o型，游泳队吉他社的“。太可爱了~
上下,8.0,2013-6-22 22:28:58,青春留下什么 就会变成什么样的大人
daynibo,9.0,2013-6-19 22:24:34,好喜欢那个一直在默默等待的张士豪
skyevening,10,2013-6-16 11:27:02,看了一遍就爱上的片子，青春无敌啊。桂纶镁那个纯，陈柏霖那个帅！还有最喜欢的对白“留下什么，我们就变成什么样的大人”；“夏天就快过完了，连一场比赛也没有赢，真的什么也没有做”；“那你为什么要我问你，hello，那你为什么要我吻你’；”你什么意思啊“。不写了，总之满满的都是青春，甜蜜！
时雨至,,2013-6-11 14:04:51,你才明白，他们都曾挑战自己，然而又都没嬴。（语自葛亮《绘色》）
阿宝1489284,7.0,2013-6-5 10:07:10,台风崛起之作
天秤的一端,7.9,2013-6-4 20:13:30,台湾真的是小清新产地呀；桂纶美演技不错；我能说现在的陈柏霖长残了吗？那时候的他活脱就是流川枫好吗！
初夏,8.5,2013-6-2 18:25:25,"每一个人的青春里,都不应该错过的一部电影~!"
wakan,9.3,2013-5-29 13:21:52,多亏某人推荐，赶在青春的末班搞定。人如果背负了年龄不相称的东西真的是太可怕了。青春留下什么，我们就会变成什么样的大人。
半碗馄饨,8.0,2013-5-26 14:14:53,"或许是因为这是一部很久以前的电影,也或许是导演故意为之，电影有一种将色彩抽离掉的泛黄的岁月感，直观上就给人一种做旧的痕迹。想象中的蓝色其实并非青春的色彩，而是多年以后的自己在蓝色的门前享受着午后的阳光，而反观来看，在岁月的洗礼过后蓝色其实才是青春的色彩，那时的天总是很蓝，日子总过的太慢。"
绿崽,8.0,2013-5-17 22:09:24,喜欢那段在体育馆推搡的戏感觉讲述了很多东西 不过结局有点    ···      喜欢配乐所以给了八分 配乐还用来做朗诵的背景音乐了哇哈哈哈
scarlett-wei,10,2013-5-12 19:30:14,几年前疯狂的看各种文艺片，比起岩井俊二啥的..总之这片就是弱爆了，当时看完一点好感都没。几年后的今天，几个月前看了李大仁，开始喜欢陈柏霖得不得了，于是再把这片翻来看了一次，感觉真的不一样，加上离开“青春”久了，这片看起来非常美好~~毕业过后再也再也没有见过帅哥，印象中只有穿校服，打篮球，陈柏霖这发型的男生才是标准帅哥的样子，是可以让女生们疯狂的，只是突然不知道这些人怎么都消失了，再也见不着了...很喜欢陈柏霖腼腆的那个样子~
gengyiban,9.0,2013-5-5 17:11:55,淡淡的，不矫情，青春
电影人Rachel,8.0,2013-5-3 17:38:42,台式小清新，大情节上没什么出挑但在一些细节处还算能勾起青春的回忆，最后那段台词满触动的~对桂纶镁实在爱不起来。。。还有就是选陈柏霖真是选对了，表情动作好可爱好帅气！
王小民的吐槽,8.0,2013-4-27 11:41:26,看过至少3遍。回忆起自己的青春时光。很干净的一部电影。就像是儿时吃到了那种酸黄瓜，只是再也买不到了。
尕子子子啊,7.0,2013-4-23 20:21:33,而现在我们已经长大 什么都没有发生 我们还是我们 以不再是我们的形态继续存在
路特维希,8.6,2013-4-22 20:42:41,据说岩井俊二觉得结局可惜，所以改编拍了《花与爱丽丝》，都有我喜欢的少女
Hello_Mathilda,8.0,2013-4-20 13:24:36,故事的结局始终没有表白，在一起，对视而笑这种熟透了的剧情。故事里喜欢的男生不喜欢的自己终是无果放下，对性别之爱的迷惘以及痴痴等着你来爱我的情怀，都应该是那段美妙羞涩的青春给我们带来的最美的回忆吧。         桂纶镁即使是那种最普普通通的短发还是很好看啊~
大龄文艺女青年,,2013-4-14 0:29:51,如果哪天我离开了，很长一段时间没有回来，请不要在原地等我，你一定要马上来找我，因为那时的我肯定是迷路了，不然我不会那么狠心让你一个人站在原地被雨淋。
spidergege,7.0,2013-4-10 7:55:41,都是疯子，向往孟克柔！！！！
ColinQist,8.4,2013-4-2 22:12:54,《蓝色大门》是送给迷惘青春的苦涩恋歌！
邓绿禾,8.0,2013-3-31 16:40:30,—你又看不到他—可以听到他游泳的声音啊
Mr·Z_,8.3,2013-3-29 17:12:55,小士，看着你的花衬衫飘远，我在想，一年后，三年后，五年后，我们会变成什么样子呢？由于你善良、开朗又自在，你应该会更帅吧。于是我似乎看到多年以后，你站在一扇蓝色的大门前，下午三点的阳光，你仍有几颗青春痘，你笑着，我跑向你问你好不好，你点点头三年五年以后，甚至更久更久以后，我们会变成什么样的大人呢？是体育老师，还是我妈虽然我闭着眼睛，也看不见自己，但是我却可以看见你清新的让人变得安静的台湾电影，最后的台词很感人
yamap树,8.0,2013-3-27 21:55:08,很日系的一部影片，也比较台湾。刚开始看到片名有一种感觉，到看了开头就更加肯定这种感觉。果然，应了这种感觉。年轻的陈同学阳光得好刺眼……
mouselit,9.0,2013-3-26 10:18:50,青春的质地。
梦沉淀,9.0,2013-3-6 20:44:15,喜欢这种格调的电影，尽管时间较短，但所呈现的内容却融合了真实的青春。17岁的我们，一生的记忆。当我闭上眼睛我可能看不见自己，但我仍然可以看到你，以及你的未来
小四6171,9.0,2013-2-20 17:22:58,永远的桂纶美和陈柏霖。
阿池,8.0,2013-2-19 22:21:41,"好啦,从小就觉得台湾腔很好听,听到就感觉好洋气好温暖,还有就是很想去台湾看国中生打篮球,然后让他们骑单车带我去吃冰~~~~~~"
迷糊虫虫,8.0,2013-2-18 12:43:28,很清新，很纯。很喜欢里面的张士豪。单纯，开朗，善良。看着电影，想起了自己的曾经。
JuneTang,10,2013-2-16 12:21:17,我们在青春里走过，看他们在他们的青春里飞扬。这么自在，自信，笨拙却可爱。嫩绿和湖蓝交织，这是你眼里闪烁的阳光。
SteveLeeH,7.0,2013-2-14 10:29:37,怎么不让打分？还是做女生好，可以调戏帅哥同学和帅哥老师，“你要不要吻我？”
刺猬七七,8.0,2013-2-11 11:48:09,感觉挺好的一部片子，也很真实。
青云,8.0,2013-2-2 13:28:26,想起18岁那年的我们，那时的点点滴滴，和蓝色的天空。
慕容小强,7.3,2013-2-1 21:19:05,结尾处的音乐有一种慵懒的感觉，整部电影的都是属于高中，甚至是初中时夏日的傍晚。一个个晴朗的黄昏，骑车飞驰在路上，虽然看不到海边，却也能在河上看远处的云。也许这是整部影片唯一能带给我的感觉了。除此之外，不是很喜欢。
书韵水镜,10,2013-1-31 21:49:04,我们将变成怎样的大人？
杰的裤兜,9.0,2013-1-30 21:10:51,"回忆起来很美好。那件飞扬的花衬衫,穿白校服的短发桂纶镁,还有原声音乐的旋律。听到很青春的味道。"
1896217,6.9,2013-1-18 21:49:57,初中看的第一部这类台湾清新文艺片，后来感觉在言情小说里一遍遍被提起，再提起。不过我对它倒没什么感觉。（补）
zincum鋅,8.0,2013-1-18 11:17:52,应该是台湾小清新电影的开始吧，少年时的 陈柏霖还真帅啊！我想最喜欢的台湾男人，排名第一的张孝全，第二名的范植伟，第三名就是陈柏霖，真的是同志天菜！
coolkidzzq,8.0,2013-1-14 22:22:56,中间还是被囧到了，不过结局还是蛮温馨的，单纯的，很简单
纨芙,7.0,2013-1-11 22:52:04,孟克柔已经长大了
桥3168895,9.0,2013-1-10 22:14:08,回味了一下蓝色大门，又看到那句台词。我闭上眼看不到自己，但看得到你。
不羁的年年,8.0,2012-12-30 15:58:13,嘿嘿，这样的青春啊，苦涩吗 但是这样一心一意没有杂念的喜欢一个人的感觉也很好啊
两个黄鹂鸣翠柳,7.0,2012-12-24 21:31:05,三个人，一男二女，都有自己心仪的对象，但是自己爱慕的人却爱着另一个人，这样，三个人的爱情注定都是失败的。女主人公的爱又是同性之爱，不为社会所接受，心中的压力就更大，还好，男主人公以开明宽容的态度对待她这个秘密，让女主人公在这个不公平的世界里有了自己能够喘息的一片天，而且，男主并没有放弃对她的爱，而是依然爱着，愿意等待她～～
好家伙,6.5,2012-12-23 0:12:23,怎么都是高分加好评，都什么眼光？
Vichyyyyyy,8.2,2012-11-29 15:01:00,青春就像短暂的夏天，你只觉得跑来跑去什么都没做，但是它在不知不觉中留下了些什么。陈柏霖和桂纶镁的青涩时代~
卡门·圣地亚哥,,2012-11-25 19:10:14,喜欢那样明媚的张士豪
等一个晴天1553991,8.0,2012-11-25 11:14:54,"以为心中流淌的青春泪水已不在，没想到一听到熟悉的有些寂寥的钢琴背景音乐，听到“我叫张士豪,天蝎座O型,游泳队吉他社,我还不错哦!”那心中的悸动就无限泛滥啊....看着你的花衬衫飘远,我也在想:一年后,三年后,五年后,我们会变成什么样子呢? 虽然我闭着眼睛也看不见自己,但是,我却可以看见你。"
野餐派,8.0,2012-11-22 18:30:36,陈柏霖站在网子旁边害羞的摸后脑勺的样子真是让人陶醉到心里去了啊
此心安处,8.4,2012-11-18 21:55:57,把一个简单的故事讲的很美好。
款款,8.0,2012-11-11 21:57:02,不啰嗦不做作，很自然的青春电影。
卖火柴小静,7.8,2012-11-4 17:47:03,桂纶镁和陈柏霖的青涩时代，台湾的电影总是这么清新。
绯氏,8.5,2012-10-18 10:09:34,那是我们还很年轻
冬眠的疯子,7.0,2012-10-13 18:17:36,虽然我不喜欢台湾的小清新，但是台湾拍青春校园片真是有一套～～
咚咚锵锵,8.2,2012-10-13 15:14:14,年轻的往事。每个人也许都有那么单纯的眼泪。可是，这些故事都是没有结局的。因为，已经拥有了。
看客,9.0,2012-10-12 10:40:09,张士豪的设定是一台复读机吧
EnterPIN,8.0,2012-10-11 9:43:55,“等你什么时候喜欢男生了，一定要告诉我”
我想我是海-,8.5,2012-10-10 22:04:15,那个骑单车的背影
尋影,8.1,2012-10-6 19:40:26,小清新之鼻祖！小桂子也太朴素了，喜欢！
stefanie,8.9,2012-9-28 0:30:40,时光网今天网页上又出现了蓝色大门，这部电影在心里总有一个特殊的地位。
黎雪,7.0,2012-9-27 23:46:40,好早的片子，不知算不算是台湾小清新流的开山之作。桂纶镁和陈柏霖靠这部片子成名，当年的桂纶镁好小啊，明显没长开呢，居然还有点婴儿肥。
Vampire-法尐海,9.0,2012-9-27 23:11:31,很小清新很不错的台湾电影
蘑古力,8.5,2012-9-27 23:00:52,今天重温了两遍《蓝色大门》，才知原来是它的十周年。“我叫张士豪，天蝎座A型，游泳队吉他社，长得还不赖。”
Ethelz,,2012-9-27 11:20:59,小镁
豆芽儿,,2012-9-27 10:35:45,好喜欢今天时光的头图，《蓝色大门》 桂纶镁好美啊~[色]
荼菟,8.0,2012-9-22 18:51:13,致当年我们稚嫩的青春
棋子4408115,9.0,2012-9-22 18:31:55,如果十年前让我看到这出电影，也许我会更早找回自己，不至于老来出柜的那点遗憾
纠结的小骗子,8.0,2012-9-12 19:36:48,“对不起”“对不起什么？”“如果，你十七岁，想的只是能不能上大学，不再是处男，尿尿可以一直线的话，你该是多么幸福的小朋友啊。”——《蓝色大门》 
云海雪浪,7.0,2012-9-10 18:04:18,以现在的眼光来看，过于平淡，而且小桂还是太嫩了点。
黄芪,9.0,2012-9-7 23:51:29,天蝎座O型，游泳队，吉他社，以后就这样自我介绍了。。
Yoran,8.0,2012-9-7 20:41:51,青春啊，回不去了回不去了
我真的无昵称,8.2,2012-9-3 19:51:30,太美的承诺因为太年轻，但亲爱的，那并不是爱情。。
小胡子叔叔,9.5,2012-8-24 17:56:35,不认识桂纶镁，不认识陈柏霖，不算遗憾；遗憾的是十年后才看到这电影。
太极风,9.0,2012-8-18 22:20:44,好电影，今天才看，可惜了！
lc2kfc,9.4,2012-8-18 22:05:54,"唯一最爱的青春电影！高中看时还怀疑自己怎么会喜欢这种小清新，都是那青春的迷茫呀！I was there~~I`ll go on~~不知师大附中可否让我在墙上刻上：我是哔哔，天蝎座,O型，吃货队，动漫社，我还不错哟~~"
Pascale1775653,9.0,2012-8-8 17:43:05,清新扑面而来
momentlalala,8.5,2012-8-6 12:28:41,很不错的描写青春女同性恋的电影。
MrMonkey1956864,9.0,2012-8-5 21:32:39,"青春最幸福的忧伤,但我们却满怀希望."
Mr沛,8.4,2012-7-27 0:13:51,《藍色大門》，小故事娓娓道來，人物關係簡單，人物也不多，每個人物刻畫得相當精細：睜開眼的媽媽，轉身離開而體育老師，苦臉的孟克柔，壞笑的張士豪。比那些年更小，但對高中生的情愫抓得更妙。好電影都是簡單的故事，動人的人物，共鳴的情感。
Reflective,8.0,2012-7-26 15:40:13,很不错的电影.
longxueshiya,10,2012-7-25 21:08:48,难以回去的过去，怎么能不给满分！
桑桑,10,2012-7-14 16:43:56,压箱底的片子啊，一直舍不得拿出来看，好电影是看一部少一部啊~青春电影只要能勾起你的回忆，让你想起青春期那最敏感的小秘密，怎会不成功呢？好怀念啊。We were here.
lance5107469,8.0,2012-7-10 15:40:45,你到底为什么想要我吻你呀？
outsider_111,8.0,2012-7-10 14:34:35,纯真的年代，淡淡羞涩的爱，孟克如的勇敢，特别是那小小的一吻，还有她直率的“你想不想吻我”，坦然的让人有些吃惊，但整部她都板着脸，不知为何，而张世豪，年轻时候的陈柏霖很帅，他最后一句，如果一年，两年，或者三年，你开始喜欢男生的时候，请第一个告诉我。让人很感动。
MrBart,9.0,2012-7-3 16:21:43,剧本到位，表演到位，情绪到位，很清新，很感人
电影周,7.0,2012-7-2 23:22:03,《蓝色大门》陈柏霖 赞 啊
明益虎,7.8,2012-6-29 2:32:26,1是不是每个人的心中都有一点同性的依恋？2依然清新的台湾风格，或者说早就；3当年他们好青涩，不像是在演电影，就是活在故事里一样4 I was here!
飘摇的芋头,8.3,2012-6-28 17:32:04,打了无数字，又一一删除。实在不知怎么表达。总之很喜欢。虽然我受不了无疾而终的感情。
和尚1,5.7,2012-6-24 21:11:40,张士豪，o型，天蝎座，游泳队，吉他社——因为之前看过渺渺之类的，所以对这样的结尾不算震惊，也没有清新之感，但觉桂纶镁那时候确实稚嫩，而且对影片中重复出现语句表示反感，还是导演有意用来表现青春的浮躁？
我把桃花切一斤,8.1,2012-6-20 11:56:42,青涩的表演恰到好处体现本片的风格，谁的青春期不曾迷惘不曾失落不曾怀春~~
心痛比快乐更诚实,8.0,2012-6-18 14:54:37,上了大学就开始觉得那段穿着校服，骑着单车，为了周遭的小情歌纠结大半日的日子就已经开始远去了。影片中夏日的阳光下，你谈天我说地，你谈情我说爱的场景和那些斑驳的树影把我拖回了那个时代，怀念无限。我们拥有这样一段青春，都曾站在蓝色大门的门前。念想，踌躇，哭泣，欢笑。
若云虚名,,2012-6-17 11:07:45,#光影中的夏天#我叫张士豪，天蝎座，O型，游泳队，吉他社，我还不错哦！
蟠逃剩会,8.1,2012-6-12 17:25:39,你站在一座蓝色的大门前，下午三点的阳光，你仍有几颗青春痘，你笑着，我跑向你，问你好不好，你点点头……
-片片-,9.6,2012-6-10 21:03:14,"只要你愿意抱着我,依靠着我,我不介意戴上他的面具"
inthesane,5.0,2012-6-8 16:45:35,让我见识到什么叫做高估
赛蒙,7.6,2012-6-7 14:18:42,关于青春的很多记忆是共通的 何况男女主都是喜欢的演员 虽然现在回看当时倒像是本色出演
欢···,10,2012-6-2 0:56:49,我叫张士豪 天蝎座o型游泳队吉他社我也不错哦
天蝎到底,7.5,2012-5-31 22:45:43,小孩子的恋和爱都很傻很可爱。男主为了女主不放弃，女主为了女2不仅被黑锅还要把自己的最爱让给男主，女2则是为了男主做各种傻事，比如和戴男主面具的女1跳舞，偷男主的周记。偷周记这点很大胆，我高中也不过才偷了初恋一副画而已。台湾国语很含糊，没有字幕我把那老师要不要吻我，听成要不要隆乳。第一次觉得陈柏霖是帅哥，不过他那些可爱的表情看到片尾时已经有点腻了，作为同样傻又痴情的男孩，陈柏霖似乎比听说里的那个帅哥演得要好点
多少,8.0,2012-5-31 19:43:29,喜欢骑自行车穿梭城市的感觉
宋智珠,8.0,2012-5-30 14:54:23,台湾青春片里数一数二的了，追忆青春的不错选择。
爱敬爱,7.0,2012-5-25 22:54:44,还好吧~~感觉挺清新的~~但就觉得故事讲得太慢了~看着累
C梦9527,8.0,2012-5-24 10:04:00,《SO YOUNG》的感觉。
银陌,8.3,2012-5-23 19:11:43,想回到17岁，在马路上为了一个心仪的人而飚车，考虑的问题还是尿尿分叉，是不是处男，能不能考上大学；打电话打到手机欠费，写一个人的名字写到流泪，烧掉书信忘掉这么一个人。时间会为你带来很多，也会把很多东西，从你身边带走。520，今天的你过得好不好。PS：很喜欢十七岁的陈柏霖和十七岁的桂纶镁。每个人的十七岁，都是一段值得铭记的年华。
月棠2012,7.6,2012-5-20 17:10:00,当年的他们真青葱
yinoy,6.0,2012-5-20 2:59:03,《蓝蓝色大门》 额……和预想的差的有点多。。。囧囧的看完的。。不喜欢……感觉是有点别扭的故作清新。。。
flash500,8.0,2012-5-16 22:35:09,青涩。“喂，我叫张士豪，天蝎座，O型，游泳队，吉他社！我还不错哦”。
何必的时光,8.0,2012-5-11 23:16:15,演员非常出色，笔触非常细腻，喜欢。
aiyowei782765,9.0,2012-5-9 13:30:46,好看，但是吧。 台词重复有点弱智倾向了。。。光‘游泳队吉他社’这六个字就说了多少遍啊
sea蛋蛋,,2012-4-29 3:39:34,我没有想到男主角是陈柏霖。短发的桂纶镁真的别有另一番气质，周董把她的潜力发掘出来，对于影坛的发展也做出了贡献啊，看她在《龙门飞甲》 》就知道了啊。不过陈柏霖就没有怎么拍电影了，除了《观音山》 ，其他的我就不知道了。不过他的《我可能不会爱你》还是有口皆碑的。很难想象当年的小文艺片里会出这么两个大牌。表示我很想知道另外一个女生现在混的怎么样了。
cray,9.0,2012-4-28 21:55:10,留下些什么，我们就变成什么样的大人。
虎鼓瑟兮,7.7,2012-4-15 15:45:41,与那些年不同的是，我觉得电影里的学校生活更真实，桌椅、师生、打趣或是别的，演员演的很轻松。迷失在青春雨季的那一场场感情，就这样展开。
阿梦爱电影,9.0,2012-4-14 22:00:39,美好的少年，总让人忍不住偷笑。
habibti,9.0,2012-4-11 17:49:54,"when we are young, we were same. can not forgot the introduce"
飕飕Look,7.0,2012-4-5 21:49:37,喜欢陈柏霖。
上·茶,9.0,2012-3-31 15:53:38,学生时代的爱恋呐~
滴能能儿,5.0,2012-3-26 17:25:17,总觉得是老成人在故作清新的一部电影
我叫简佳,9.0,2012-3-23 10:36:40,青春的窃窃私语。
_嘟先生,8.8,2012-3-21 21:24:25,“如果，你十七岁，你想的只是能不能上大学，不再是处男，尿尿可以一直线的话，你该是多么幸福的小朋友啊。”类似的东西大一一直在脑子里飘啊 这个夏天留下了很多
樱桃米米,8.5,2012-3-21 15:09:48,清新风~那时他们都挺清纯
DsoNadora,8.7,2012-3-20 9:06:43,本以为又会像初恋那件小事那样的剧情，结果却很意外。世界本来就不公平啊，连输都输不起。三年，五年后，看不清自己的也看不清你的。
樱木花城,7.8,2012-3-18 18:43:18,原来张士豪是个一根筋的话痨
巫丹,6.9,2012-3-18 17:15:22,很清新~可能还没有体会到那么深的感觉~
先贝,9.0,2012-3-18 14:04:27,蓝色十七岁
绍晓南FM,9.0,2012-3-17 17:12:51,恋成结，[惊讶]
What_银背爱娇花,7.7,2012-3-16 14:12:14,很简单、很真实的表演，青涩的演员，恰到好处，平淡又自然，喜欢。三年，五年以后我们都会变成什么样呢。“虽然我闭着眼睛，也看不见自己，但是我却可以看见你。”
bona,8.0,2012-3-16 9:31:39,一直以来很喜欢这样的小清新电影~
兰珍复活,8.0,2012-3-15 9:22:10,#分享照片#孟克柔——桂纶镁
龙纹身的邦德,7.6,2012-3-14 19:04:02,绝对的三角恋，必有基情存在。
有泪尽情流,8.0,2012-3-14 10:43:37,#分享照片#我叫张士豪，天蝎座，O型，游泳队，吉他社，我还不错哦! 
22度的阳光,9.0,2012-3-10 20:34:34,看完这部电影后，一直觉得陈柏霖是长不大的十七岁~
大爺的小妞,8.0,2012-3-9 12:57:46,和《盛夏光年》相比，《蓝色大门》的情感要来的更隐晦更温婉更让人接受 ，整个情节要更阳光更开朗，结局让人更充满希望~
大萝卜,8.0,2012-3-5 13:46:27,喜欢结尾的8分钟(76:30). 【我回家了; 我也要回家了。我赢了，我又赢了，还是赢。】有夏天午后3点的美好感觉～～
钢牙1989,9.0,2012-3-4 23:38:41,我看了开头但没猜到结尾，原来我很像孟克柔的妈妈，“爸死后你是怎么活过来的？”“就这么过来的”
盛盛love,8.0,2012-3-4 20:43:31,那时候每个人都很年轻，懵懂的年纪，岁月静好
nanatung,,2012-3-1 18:16:37,《蓝色大门》台湾的影片，其实台湾在拍这类电影上是很厉害的，个人原因不是非常喜欢，说话速度太嗲，画面处理也很邋遢，不过也不是所有的都这样。《蓝色》还不错，关于青春的问题是个什么时候都会有人讨论的热门，同性恋似乎目前也比较high，不过这部电影里涉及的应该不算，顶多是年少时对感情的迷茫。陈柏林是个很有前途的演员，桂纶镁更不用说。
lemonmonmon,8.0,2012-2-25 21:16:07,蓝色是海洋，是天空，是青春短暂的颜色。17岁，想躲在门后，偷偷地看见蔚蓝。
果子树,7.0,2012-2-19 20:40:25,男女主我都好喜欢，初出茅庐的小镁还是很有气质的
肥虾宝宝,7.0,2012-2-18 19:21:50,年轻的桂纶镁真的很年轻，不带修饰的脸和服饰，就是少年时的我们，隐约觉得某个角度的她有点像男孩子。想了很久这部片子究竟哪里好，才恍然发现不加修饰的青春和作品本身就是一种美
Kuhwang,7.7,2012-2-13 3:37:31,"好电影的第一个要素是,你会在观看中慢慢忘记它是一部电影,蓝色大门就是这样的片子."
小豆壳,8.0,2012-2-10 8:57:01,十七八岁的感情，就像那个海滩一样，纯净透明，无可挑剔，几乎是这世上最美好的东西。 可是这东西我已经没有掉了。我们中的大多数人都没有掉了。不光是没有掉了，就连当初是否有过，也是值得怀疑的一件事。 高中生特有的闲得蛋疼的淳朴感情，都是过来人，看到影片总能想起少年自己曾傻逼。 
抹茶布丁,8.0,2012-2-9 18:30:23,“我叫张士豪，天蝎座，O型，游泳队，吉他社！”10年后想到这句话，仿佛还能感到一股的酸楚，那就是青春吧。
zebrafish,7.6,2012-2-9 0:34:10,青春如同过往的无数个夏天，似乎什么都没有做，却无意中留下了什么。
暖花溪,8.0,2012-2-7 22:19:39,青涩的学生时代的爱情。
旺仔小馒头,8.0,2012-2-6 1:13:06,陈柏霖笑起来好可爱~~~~看完很多感触。
文若星沉,8.4,2012-2-5 18:18:32,我爱你。你不是不爱我，只是你爱的是另一种性别。我知道，长大也许会让你有机会爱上我，所以，在蓝色大门那边，我希望，那时候，我依然有机会。
KatherineDepp,7.7,2012-2-5 17:20:09,青春很珍贵，成长很麻烦。配乐很唯美。 i was young。近些年台湾的小清新电影很成功，主要还是剧本好，题材好，得到观众的共鸣。
怡见宗情,9.0,2012-2-4 12:47:13,经典台湾爱情片
道道竟,7.8,2012-2-3 23:34:47,勾起无数自己曾经花痴的回忆。比如拿着那个人的羽毛球拍兴奋不已，比如用窗帘憋了个缝偷看人家打篮球。。。而回忆仅限于事而不涉及人。
SerIssho,7.6,2012-1-31 22:12:24,那叫一个嫩啊...
LOVEMTIME,,2012-1-31 11:41:40,微评《蓝色大门》 ：在蓝色大门里，每个人都可以找到自己的初恋，我们会看到从前的TA。这部电影，可以让每个人回忆起纯真年代的点点滴滴，青春就该那样，不需要任何的装饰和浓妆，无论是初恋、暗恋还是……我想这样的爱恋一辈子也就一次足够，我们真的不会忘记，在心里的某处，一辈子都会为TA保留的地方。
月女巫,,2012-1-28 23:07:10,我先看了这部又去看了那些年 觉得同是青春电影 这一部的火候刚刚好
容约,,2012-1-27 18:12:33,陈柏霖的开始。
阿喔喔喔,,2012-1-25 12:17:01,这个和我的初恋有关系，是他让我看的，他喜欢桂纶镁，也喜欢我。就像电影一样，演完了就是完了，再喜欢也会结束。
yyf4536718,,2012-1-20 8:13:38,人美 图美 事美
笑美,,2012-1-19 22:41:45,我现在也对自己持怀疑态度……不知孟克柔最后证实了没有……少年人都有过这种吧
Akita,,2012-1-19 20:36:27,以前学生时代。。我爱张世豪这款的。。现在大学毕业。。我爱李大仁这款的。。噗。。就是爱陈80就对了╮(╯▽╰)╭
空·涯·行走,8.1,2012-1-18 22:48:01,一个女生视角的世界，应该会虐到女生的心
