touya,8.0,2018-8-3 14:53:46,“男又好，女又好，我净係知道我钟意你。”袁咏仪好可爱。
卡门梗01,7.5,2018-5-6 17:38:12,原来是这么个故事啊……前半部分就解决了三角恋中的一部分纠结，要是变成顾家明、玫瑰两人都爱上林子颖，那就更纠结了。
马克杨,8.0,2018-5-1 17:58:07,最美的，是张国荣
nanako-chan,7.0,2017-10-21 22:58:06,个人觉得男女主的爱情来得有点突厄。。演员表演没毛病。
夏目透,6.9,2017-3-29 22:51:13,很棒的题材，袁咏仪表现不错~
瀛26000,,2016-7-23 21:48:20,听不懂粤语已经够悲痛的了，更悲痛的是连字幕也看不懂；不管你是男是女，我都喜欢你；陈小春这是炮灰么
五人,7.8,2016-7-14 10:37:48,老港片看起来最有味道了。
september077,7.9,2016-6-1 16:55:44,男也好，女也好，我只知我钟意你！
无人用电锯,7.0,2016-5-14 19:56:02,大帅哥张国荣，性感女神刘嘉玲，美女袁咏仪，很喜欢《追》这歌。
21世纪水桶人士,10,2016-5-8 15:30:50,亦舒笔下的玫瑰和家明在这部片里并没有在一起，整部片笼罩在一种取向不明的氛围中。“无论是男是女，我只知道我喜欢你“，这就是一个童话故事。好喜欢三个主角，张国荣的演技啊，每个眼神都超迷人。
SmilyHedy,7.0,2016-4-26 14:34:04,大圆满。歌曲很好听。袁咏仪，帅气的姑娘。
SuperCat,7.6,2016-4-9 2:52:03,瑕不掩瑜，剧本和影片的整体表现力还是不错的
鲜有废客,8.2,2016-4-1 1:14:43,浪漫搞笑同性恋片子的首选，即使是今天来看，依然如此的经典，片中张国荣、袁咏仪、刘嘉玲三人的戏谑而深情的演绎，竟让人感觉没有一丝一毫的做作，尽管表演上有些夸张，但是很自然，袁咏仪凭借当时的青春年华和白纸般的性格，自然演出了林子颖的呆萌和傻气。
我爱花香不爱花,9.0,2016-3-30 11:10:43,喜欢喜欢喜欢~~~
filmman,7.0,2016-2-23 20:08:26,又是一部张国荣的作品，不知道哥哥讲到电影中台词是一种怎样的心情。
lbtz,6.0,2016-2-10 17:44:35,一般
小四6171,8.0,2015-12-27 19:43:51,好看，笑中带泪。详见长影评。
tuweri,7.0,2015-12-16 22:45:37,男又好女又好，我只知我中意你。剧情一场简单直接，却不会抱怨和薄弱的剧情相比明显过长的剧长。每个人都演技爆棚，一洗港片浮夸搞笑的风气。
猫和青草,8.0,2015-8-29 15:59:26,男也好，女也好，我只知我钟意你！
·DHW·,8.0,2015-8-17 3:16:55,刘嘉玲还真不错。
M独立影评人,4.0,2015-8-13 17:58:33,我想说这个其实是钙片的启蒙片！
清风徐来,7.0,2015-7-25 20:13:01,一般般咯。
蓝色的天空1516544,8.0,2015-6-21 21:57:17,哥哥！
tycoon,8.2,2015-5-23 19:25:05,玫瑰很有女人味，林子颖女扮男装让故事的感情戏愈发纠缠。陈小春的表演带动了电影的幽默元素，很好看。
愚航员,8.0,2015-4-1 23:50:15,爱在追逐中进化，一追再追，只想赶上生命里的唯一。在这天，看着里面的你，笑得如此开怀，如此迷人，真好。
自由彼岸,8.0,2015-4-1 15:15:58,其实倒也没有多好，不过由于是喜剧，还是挺好看的。这片的亮点自然是袁咏仪，就是她毙掉了我大王菲的金像奖影后。袁咏仪当时是可爱的，想想现在也年纪大了，《龙门镖局》我都看不下去。
影迷瓦力,7.6,2015-4-1 14:58:10,陈可辛拍的有些平庸了，题材是不错的，本可以更好~
悟空爱猪猪,8.0,2015-4-1 14:19:33,如果说，以前我支持同性恋是叶公好龙，跟风的话，那这部片子做到了真正让我抛开了一切偏见。爱无模式。
IMYSELF,7.0,2015-3-9 14:26:14,曾经的袁咏仪
匡子,8.0,2015-2-6 20:48:49,很经典的香港电影，属于那个时代的香港电影。
JasmineK,8.0,2015-1-29 16:38:52,现在还记得哥哥唱的那句，一追再追。。。
joanna2270470,,2014-12-13 12:11:19,哥哥在电影里面迷死人了好嘛
赵小威威,8.2,2014-12-10 22:40:19,“所有童话故事的最后一句，一定是说他们快快乐乐的直到永远，我们现在终于做到这一点啦，因为我们永远永远都会是最好的朋友。”不管重看多少次金枝玉叶，刘嘉玲扮演的玫瑰始终是我最最喜欢的角色。《今生今世》、《追》、《不再让你孤单》，插曲也是值得一听再听★★★★★
我才是2j,8.0,2014-10-23 14:12:55,在陈可辛的《金枝玉叶》中，张国荣和刘嘉玲几乎本色地饰演了自己，反倒是袁咏仪从头到尾地女扮男装，出彩异常。大部分港片的通病是情节及表演较夸张，但在情绪的渲染方面却独步武林。严格地说，这部电影只有四场好戏，但正是这四场好戏就足以让观众潸然泪下，足以让袁咏仪蝉联金像奖影后（一年前凭借《新不了情》获奖）。有一幕场景看过之后就再难忘记：张国荣一边弹着钢琴一边唱着《追》，袁咏仪坐在他身旁，眼痴神醉。喜欢一个人，就去找他吧。
风之魂,7.6,2014-10-21 17:18:49,陈可辛早期作品，英文片名比较有意思。20年前，陈导就已然将性别扭曲、同性恋、平民选秀、娱乐圈潜规则等内容杂揉在这样一部娱乐片之中，令人赞叹。彼时，该是袁咏仪的最好时光，遇到了甘当绿叶陪衬的张国荣、刘嘉玲和陈小春。如今，再想起几位主演的命运，有些唏嘘。
烟雨黎明,7.1,2014-10-8 23:39:29,一追再追
句_单单,8.0,2014-10-7 11:30:47,袁咏仪人生的高峰期。
人生几多颠覆,7.5,2014-9-7 16:59:45,我承认只是看表演的，或许不可否认，这便是名人效应的力量
未知者,7.6,2014-8-17 17:33:35,时光的这个首页不错，如果能有音乐更赞！整体来讲陈可辛的用意是被哥哥画龙点睛般强调起来的。如果换了一个演员，或许表现不出这几个人的情感关系，还有那句台词！
穆陈,7.0,2014-8-17 14:21:25,哈哈哈蛮欢乐的。
大熊哦哦,7.0,2014-8-17 9:57:55,袁咏仪真的好平呀！！这个世界上，男人女人都爱张国荣。她爱，他也爱。
OneMyRoad,9.0,2014-8-16 19:37:53,1994年，在陈可辛的这部电影中，错综复杂的三角恋，将同性恋、平民选秀及娱乐潜规则等社会问题放置其中。剧中“女扮男装”的袁咏仪之后又在《花木兰》中成功塑造了“安能辨我是雄雌”的女英雄。袁咏仪凭此片蝉联香港电影金像奖最佳女主角奖，而哥哥演唱的主题曲《追》获金像奖最佳原创歌曲。
伦夕,6.6,2014-8-13 21:48:02,一部港式童话，《追》挺好听的~~~
Shirley,7.9,2014-8-9 23:30:12,#分享照片#刚才点进《金枝玉叶》 的电影资料页，发现了这个页面的设计，必须赞一下，竟然还有歌曲和滚动歌词~~虽说时光改版后时光社区和博客的功能变糟了好多，可是这种这种上映周年纪念的专门设计还是很用心呢，看了另外几个电影，有些也有类似的经典台词或者别的，很八错，哈哈@时光使者
景三,6.0,2014-8-5 14:54:24,袁咏仪真的没有被掰弯吗！！你怎么这么难被掰弯啊！！
8482,8.0,2014-7-30 22:35:08,好导演让演员大放异彩
0盲盲0,,2014-7-23 22:05:34,哥哥现在来看还是帅哥一枚呀，气质这个东西真是天生的！但这个片子打8.1·是不是太捧了，平心而论最多6.7啊！
烟火泡沫,10,2014-7-23 21:26:33,看着她假装骑着自行车奔向他。他则在电梯里吻了像男孩子一样的她。那是VCD里模糊的爱情。谁比你重要，成功了败了，也，完全无重要。
盛一阁,6.0,2014-7-23 19:52:50,根本看不明白说的什么
孤行者Dreamer,8.6,2014-7-23 12:42:08,古灵精怪的袁咏仪在戏中女扮男装、瞒天过海闯荡娱乐圈，却和哥哥饰演的金牌制作人相恋。抛开性别的顾虑，真正的爱情哪里还有那么多顾虑。还记得袁咏仪在初次见哥哥时，考虑到对方是前辈，所以开拍前第一次见面，她特地早些到场，却不料，哥哥早已在那里等候……有些人就是这样，从来做足120分，让你没得挑剔；如今，只有怀念。大家在追忆哥哥的同时，不妨听听哥哥为该片献唱的《追》《Twist and Shout》
Marcobuger,9.0,2014-7-23 8:26:54,男生女相的张国荣，女生里难得俊秀的靓靓，加上嘉玲，志伟，小春一众配角上演一出男女倒错的奇妙爱恋故事，一出新颖的90年代都市爱情童话。
brighton0312,7.0,2014-7-20 18:13:02,典型的小人物完满剧，爱情来得太突然。
真实的我,9.0,2014-6-11 16:35:50,那时的袁咏仪很像假小子啊！不错，看着很轻松！
吞吞亮,7.6,2014-6-11 11:54:02,真是经典啊，哥哥永远那么迷人。靓靓演技也超棒，可惜了在家相夫教子了。
57号元素,8.1,2014-6-9 3:10:02,"看得輕鬆愉快的片子, 音樂也很不錯"
桑卡卡夫,8.0,2014-5-4 9:32:17,香港演艺圈最女人的男人，和最男人的女人，奉献了一部经典的关于性别错位的电影。其实，本片的英文名已经暴露了一切……
木哈哈,7.9,2014-3-13 20:56:25,片子真是好多欢乐，之前看哥哥的片子都是很纠结很虐心，这次终于痛痛快快的欢乐了一把，也被哥哥迷得神魂颠倒，袁咏仪扮演的小男生很是可爱，对刘嘉玲一直不来电，除了阮玲玉当中。对陈可辛导演的印象平平，但特别喜欢《甜蜜蜜》，这部也算很喜欢的一部，有时间再看看《双城故事》，其他就准备放弃了。
sss3973075,8.0,2014-2-27 21:34:03,袁咏仪真的好像一个清秀英俊又单纯活泼的小男生，不管是异性恋还是同性恋都让人不得不爱啊
上下,7.0,2014-2-19 18:33:13,靓靓的假小子演得真有灵气
胡思乱想者1号,7.0,2014-2-3 17:56:22,不知道为什么.不是太喜欢这部片.原来94年的时候这个世界上就有了随身的手机.原来真的93年之后.整个世界都变了好多.戴墨镜的顾家明让我想起一个人.差不多88年的时候.那时候好像所有的东西不需要追.好像未来还有很长很长.很长很长.
忻小小,9.1,2014-1-22 8:35:00,有谁看喜剧片刚开始津津有味，但到美好大结局的时候却默默无言么？看剧情介绍说在那个同性恋片子开始热的时候出的这个电影，片子主旨说的爱情是因为某人而不是性别所以在那个爱情观念有纷争年代才比较讨喜才看的电影。这是我看过的张国荣 袁咏仪演的第二部影片了，比起上一部，这影片给我的影响不止一点点大，共鸣是必须有的，也让我更坚定自己的想法。
游天,7.5,2013-12-25 3:43:57,本来可以很好但是还是最后结尾落到平庸喜剧上。。
静水流深2012,8.0,2013-12-8 20:22:15,“我真的对这个没有偏见”……[调皮]
左青子,7.5,2013-11-30 17:39:57,这电影的英文名。。。。
栗色雪,7.0,2013-11-11 15:06:19,又是一个极好的研究酷儿文本与集体无意识的文本！还是爱情喜剧！
Luna_星,8.0,2013-11-9 21:36:05,典型的漫画式情节。。。  从在桃花岛看到刘嘉玲的回头开始就无条件喜欢她，在这个喜剧里是个可怜又坚强的女人。  除了那些喜剧的成分，简单来看这个故事内容还是十分深刻的，我的观点也始终如此，关于gay不gay的，只是你喜欢上了一个人，而这个人恰巧和你同性罢了，并不是是个同性就要动心思，只是你喜欢上了这样一个特定的人。。。 唉，感触挺多的，着实喜欢，就是台词很多限制级，家人在门外不敢太大声音看，哈哈。。。
loveds,8.3,2013-11-7 21:29:57,强！这就叫做无法复制的经典，香港影坛的瑰宝！
朗拿度,8.0,2013-10-24 17:40:14,张国荣自弹自唱《追》的时候，帅爆了。
红薯Yam,8.0,2013-10-11 13:46:40,哥哥好靓仔！
shirley雪,9.0,2013-10-6 13:49:04,"哥哥好靓仔,完全被吸引了!!!!"
CeneridiLeslie,7.2,2013-9-19 18:27:50,以前看海报，还以为是民国故事，哥哥扮相让人迷醉，看完才发现，主角和亮点全在袁咏仪
真·猪头三,10,2013-9-7 21:55:02,每当看这部片子都会想起以前的那个自己，懵懂的情窦，困顿的生活，其实一切都没走远，都埋藏在我的心里的某个角落。电影里的主角虽物是人非，但里面的歌曲依旧在耳边萦绕，那几盘打算送给她的磁带依旧躺在我的抽屉里。人生若只如初见，何事秋风悲画扇。
香蕉个八辣,10,2013-9-6 12:20:34,和王菲在重庆森林饰演的一样的假小子
那一抹的激情,,2013-8-25 14:30:37,好久没看国产片了，现在看起来倒有些亲切感；看惯了好莱坞的大手笔，这部电影看起来有些小气，但又有一种自然感。PS：袁咏仪现在老了倒有些女人味了
烈烈风,8.5,2013-8-23 16:14:45,复习这部电影时才发现靓姐变化很小，在很多女演员20年会变化地翻天覆地的对比下，感谢保持原汁原味最多的靓姐。也许家庭和睦爱情长久才是生命最好的滋养。金枝玉叶1里的国荣走了，金枝玉叶2里的梅姐也走了。让人感叹生命不知道什么时候就会结束，要找到自己真正珍惜的东西并一如既往地守护下去。这是电影之外给我们带来的感悟吧。
Carrie1299358,9.0,2013-8-13 22:13:21,#电影台词表白#有了你即使平凡却最重要。
大宝阿扎西,10,2013-6-4 18:37:31,UFO出品的电影，总是给人一种格调精致的感觉
丸剑痕,7.4,2013-5-25 22:42:40,影片不失灵性，探讨性别与爱情的问题，不过方法实在比较投机取巧，深度上难以引起更大的思考空间。
向日葵牌狮子,9.0,2013-5-13 17:18:35,性别模糊版《灰姑娘》。因为此片爱上《追》。旧时港片的梗真是很好笑啊~~
麦克疯,8.9,2013-4-16 15:06:37,做不成春娇与志明，就做玫瑰与家明吧！
蒟蒻,8.0,2013-4-15 13:24:34,难以抗拒你容颜（4.2）
叶九江,8.0,2013-4-1 20:59:34,原来香港电影才是最喜欢拍童话故事的那一个。现在看来，当年的噱头都不复存在了，一切看起来只剩美好。
onlysaysorry,8.6,2013-3-20 22:16:02,故事很好~无所谓是男是女 认定是你 怎样都好
菲林,9.0,2013-3-11 8:38:16,我只知道我喜欢你
爱达荷的定春,7.6,2013-3-6 18:38:57,因为哥哥，这个故事才与众不同
阿呼,7.7,2013-3-6 18:21:23,保持娱乐性极高的同时，电影还巧妙地勾连起很多种纯粹的情感，严肃地探讨了性别与爱情的关系，每个角色都鲜活、明快又动人
葵宝,9.3,2013-2-21 1:08:56,从这部电影开始喜欢张国荣，同时也很高兴原来自己之前觉得爱情无关性别的想法并没有错
抹茶布丁,6.0,2013-2-17 16:31:46,。。我很喜欢哥哥的《追》！
婚礼歌手,8.2,2013-2-15 13:28:20,就算是台词顺序值得玩味，但还是很中红心的
KIMI寻,,2013-2-15 4:10:33,mark之～
樱木花城,7.8,2013-1-23 19:29:38,如果现在出现了比这部片子更搞笑的搅基片，那一定要看一看，张国荣的主题曲很好听
星农Richie,9.0,2013-1-21 13:36:21,“男又好，女又好，我净系知道我中意你”
石头菇凉,10,2013-1-11 19:55:07,好看 我是男的，我也是 管他男的女的 我只知道我喜欢你~
老刀刀,10,2013-1-11 14:13:44,永远  永远
刘默然,,2012-10-28 16:07:05,陈可辛的片子还是可以的，不过，最爱哥哥！
步伐不停,8.4,2012-10-8 22:14:15,陈小春这么少的戏份怎么入围男配角的！！！刘嘉玲女配都没提名！
LULUnv,7.7,2012-9-21 13:24:43,说真的这个剧情没张国荣我还真看不下去，爱情瞬间说得好听点是傻得可爱，不过本片的原声倒是真不错！就影片我最大的收获即是追忆leslie和追这首金曲了！
电影人Rachel,8.1,2012-9-20 22:25:53,94年的片子涉及到同性恋话题算是比较超前的，陈可辛在这方面的把握也恰到好处，不过分渲染却也抓住感觉。女扮男装的桥段虽然狗血了点但是袁咏仪的男生扮相倒是蛮有奶油小生的感觉。节奏明快情节流畅，大牌云集。张国荣的几首插曲是亮点，追这首在本片中很有感觉
Alice113,9.1,2012-9-18 18:55:50,这样的男人太不靠谱，但没办法，就是让人沉迷其中~~小白兔般的女孩走入他生命中不失为一段童话般的爱恋。
王小石,8.4,2012-9-13 0:44:20,这部电影真是不错！！做为同志电影拍的即委婉又深情，自然而然带入佳境，让人看的很舒服，很动情，很感人！主要是袁咏仪，得大奖名至实归。
hynos,8.0,2012-8-29 11:36:56,不明白片名的意思
little伊,6.0,2012-8-10 20:04:53,金枝玉叶
薇薇lily,9.0,2012-7-24 19:53:03,哥哥真是太魅惑了，同样征服我的还有嘉玲演的玫瑰。看了关于香港电影的书籍才知道导演的恶趣味。同样娱乐圈电影也很有料，导演女星男星的潜规则混乱的性关系上都有设计。歌曲《追》真是太好听了！
Genii,8.5,2012-7-14 3:19:36,只希望将来遇到哥哥般的男人，大爱哥哥~!
Leyv,10,2012-6-28 17:39:33,男也好，女也好，我只知道我钟意你
最深的蓝,7.7,2012-5-7 18:38:38,荣少演感情戏总是那么的动人，而且荣少还总喜欢跟嘉玲演情侣咧，还总是嘉玲追着荣少。音乐太棒了！《追》和背景音乐象三十年代的，跟王家卫挑的曲子感觉很象。我看下载的粤语版出现过陈升的《不再让你孤单》，但后面字幕中没有看到这首曲子。袁咏仪的傻乎乎比现在的什么杨千桦的可爱多了。
此心安处,,2012-5-7 4:15:39,看着让人挺开心的一部电影。但是也会叹息，那么好的人，那么好的时候，怎么就静悄悄的过去了呢。
海底游侠,8.0,2012-5-4 16:21:11,男或女，重要吗?
Rebecca·ME,,2012-5-1 21:08:31,想起了韩剧什么什么咖啡店   男人爱上男人，发现是女人之后继续爱     哥哥mua~
杨北偏,10,2012-4-24 19:16:46,不可不看的片子！~
雅洛蓝,8.0,2012-4-20 17:23:04,追、追、追、追、追……
Demos,9.0,2012-4-3 13:30:52,我会将头发长长的留，把往事一束全都垂在脑后。
村长帕西诺,8.7,2012-4-1 10:21:18,一追再追，只想追踪生命里，一分一秒
Vajoria,8.4,2012-3-31 13:50:49,那时他们都年轻，那时那些人还在，那时还是美好年代
咖喱不信邪,8.1,2012-3-31 10:57:12,为什么觉得哥哥的电影都好似有意无意的和他的人生轨迹重合。
小时光匆匆丶,,2012-3-23 21:22:21,张国荣  袁咏仪两个人我都很喜欢
健哥,8.3,2012-3-20 22:25:05,那时的港片处在黄金时代，那时的哥哥、刘嘉玲、袁咏仪真年轻，感觉真好，
永远ies,8.1,2012-3-12 8:44:48,好喜欢他们两个在电梯间里跳舞那段，太有爱了。
假如世界没有爱,9.0,2012-3-11 11:23:23,哥哥的经典值得回忆
Brownie1011,8.0,2012-1-30 0:18:55,今生今世。
11LY11,9.1,2012-1-27 12:27:44,&quot;HE IS A WOMAN.SHE IS A MAN.&quot;
卡特宫,8.0,2012-1-27 0:47:38,虽然也是童话，但能让我有不止一瞬间的坚信，还不足矣
烟花焚尽,8.0,2012-1-19 17:08:53,多年前看的电影，有时间一定重温
布1诺斯艾利斯,10,2012-1-13 10:25:49,无可非议的满分，再怎么看还是一如既往的好看
阿莫依,8.8,2011-12-19 11:04:42,又再看了一遍，简直是太完美……大尺度看的好开心（喂）哥哥本色出演啊萌死。这应该算是他Bisexual出柜的电影吧……
小屹landy,8.1,2011-12-11 19:24:08,那时候的香港电影都那么好看。
nicolayu,8.0,2011-11-27 0:31:33,懂得太多，不是什么好事
Johnny,8.0,2011-11-8 15:03:39,看越多哥哥的电影就会越伤心，这个电影放在现在来看，真的有一些讽刺的感觉。极力隐藏的同性恋身份，纸醉金迷的娱乐圈，还有我以前一直很支持的梁朝伟与刘嘉玲，现在也感觉有些怪异了，不知为什么，看这个片子，一直会把哥哥当做梁朝伟。个人生活，不予评说。
Mhk_,7.6,2011-11-6 21:36:00,经典形象和经典音乐都出自此
Se7en丶小七,8.3,2011-10-23 8:24:41,男的也好，女的也好，我只知道我喜欢你。
傻威,8.0,2011-9-6 12:47:11,这个真的不错的片
trueman,7.6,2011-9-5 19:32:27,男女问题上比较晦涩 暧昧是不是那时候张国荣已经是同性恋了
周星馳,8.2,2011-9-4 11:03:11,有意思、有情调！导演有才！
米修米修1559206,9.0,2011-8-13 17:17:22,重温经典~~ 挚爱张国荣
缤纷的生活,9.4,2011-7-30 16:06:26,非常完美，剧本写的很好，很引人入胜，尤其是中间的男扮女装真的很搞笑，很值得怀念的经典之作！
奇电幻影,8.0,2011-7-29 17:33:33,732：很好。观影方式;录像厅
小玖4210993,8.0,2011-7-28 0:00:48,这8分是支持哥哥
Oscar3680250,8.0,2011-7-24 7:07:09,金风玉露一相逢，便胜却人间无数，正港香港味，怀念逝去的黄金年代~
8英里,7.9,2011-7-24 0:04:37,本片属同性恋电影风潮下异军突起之作。演员配搭整齐，包装手法亮丽，是一部足以左右逢源的娱乐佳作。陈可辛导演手法明快，也成功地捉住了同性恋的暧昧感觉。
影群64393332,,2011-7-23 23:12:00,几亿人的期待变形金刚3及功夫熊猫2迅雷下载迅雷高级影视群：64393332
故乡的云,8.2,2011-7-23 22:56:45,不错，哥哥的电影都很喜欢
阿冰阿玉,8.6,2011-7-23 16:46:50,只是爱你~爱极了里面的音乐
兔子LR,9.0,2011-7-23 13:38:28,喜欢哥哥，也喜欢香港的那一带演员，很好看！~
arnoldjohn,8.0,2011-7-13 3:00:38,娱乐圈的那些事儿，永远是虚实难分！
乔克蜀黍,10,2011-7-7 17:23:21,..不管你是生是死，我都爱你
whathui,8.0,2011-7-1 15:08:21,追特别特别好听！！~
黑狗成,7.0,2011-6-27 9:10:04,哥哥的表演精妙自如，甚至让影片重心发生微妙偏移，却也成就了影片的独一无二。
ChanelJordan,7.0,2011-6-22 15:22:31,那时的袁咏仪。。
echo_w,9.8,2011-6-11 18:50:26,很有感觉~~
光影世界2597085,8.2,2011-6-7 11:10:14,很有意思。
dennisjerry,8.2,2011-6-3 9:16:06,同2一样，感染我的是哥哥的配乐~
blue玖,8.5,2011-5-26 21:26:58,晚上上課聽著‘追’，怪，逃回來翻出‘金枝玉葉’又看一遍。喜歡家明抿著嘴，彈著琴，淺淺吟唱，眼睛閃著亮光，透著晶瑩，好迷人好美麗。看的心里暖暖的，安心。哥哥，原是我又在想你了。可知，我會說是唯獨你不可失去。
风的影子,7.4,2011-5-23 17:15:13,很久没看的这么开心了
xminiCat,8.0,2011-5-12 12:43:41,經典的故事~
菜菜小丸子,8.0,2011-5-11 8:47:49,家明与玫瑰不一定非要在一起，如果他碰到的那个人叫林子颖的话~~
曾海绵,8.0,2011-5-9 17:17:32,很经典的港式爱情片，有娱乐圈的小八卦内幕，有性别模糊不清的爱情纠葛，有哥哥深情的眼神、有袁咏仪帅气的扮相~~原声也超好听！
南窗梦,10,2011-5-6 19:42:11,有leslie的必然都是经典啊！
世界边缘的爱,10,2011-5-5 20:40:38,很不错的电影  剧情很精彩  同时也真实的反映了很多现实中的爱情问题
CUI影视工作室,,2011-4-30 4:54:22,这电影 很奇怪啊
寳鋇微笑,9.0,2011-4-29 14:09:19,有一种爱，爱的就是全世界唯一的你，男也好，女也好。与同性恋无关。说的大概就是这一种吧。时隔多年再看一遍这片感触多了。张国荣始终那么迷人。刘嘉玲还是那个时候可爱。窃以为刘嘉玲的表演比袁咏仪好呢。。
aniva,8.0,2011-4-24 16:58:59,童话般的爱情
什子,9.0,2011-4-22 15:30:12,不管你是男是女，我只知道我喜欢你。
朵朵,9.0,2011-4-6 9:38:59,4月1日，看来纪念我爱的哥哥，讨厌他们怎么总让哥哥演这种爱上男人的角色！小春在里面很可爱哦~
亦儿台,8.0,2011-4-4 13:15:18,很怀念哥哥 还有那首永恒经典的《追》有想内牛满面的感觉。
嘟路路,7.0,2011-4-3 17:33:21,这是我看的袁咏仪演的第二部女扮男装..................
梧桐sky,8.0,2011-4-2 22:14:49,爱情无性别，就是爱你！
FBI爱鸟屎,8.3,2011-3-28 21:31:09,这是哥哥明明白白的爱情理想的表白，不管是男是女，只要我钟意你。
Chiny,8.0,2011-3-21 5:56:07,因为亦舒的小说，家明与玫瑰在香港人所共知，丝毫不输台湾的志明与春娇。本片却将善男信女拆开，讲述的是一个真爱超越性别的温馨故事。但那句“男也好，女也好，我只知道我爱你。”借张国荣之口说出，还是令人唏嘘，那可是1994年。P.S. 我以为，这是除《甜蜜蜜》之外，陈可辛最好的作品。
荼菟,8.0,2011-3-20 23:49:32,童话故事也让我熬夜看到一两点
朴奈,7.3,2011-3-18 0:14:16,袁咏仪的角色有点失真。刘嘉玲演的就是她自己。张国荣其实是挺有味道的，他唱的两首粤语歌很好听。
普渡众神花,8.1,2011-3-13 18:16:42,要说让我选一个我最喜欢的电影公司，非UFO莫属，UFO没有烂片！部部都是经典！ 时隔这么多年再看这电影，这选秀的戏份，有点李宇春的感觉！
娱枫,10,2011-2-24 12:58:38,男又好，女又好，我只知我中意你
钢牙1989,8.0,2011-2-23 15:23:32,大哥，太强了。。。。。。
sylmqln,8.2,2011-1-29 18:24:21,喜欢那首歌、喜欢那种态度
左右123度,8.0,2011-1-25 17:33:01,很中意哥哥，但是并不是每一部都是那么的完美，无数遍的欣赏过霸王别姬和春光乍泄，但是香港的电影给我感觉总是不那么的精致，剧情可以轻喜，但是剧作却要精致。外国的许多爱情轻喜剧，却要拍的精致的多~~~我虽然是荣迷，但是我却无法满意哥哥在许多电影中的角色，这也是他给我的遗憾。
52潇湘子,8.4,2011-1-17 19:16:19,很美好的爱情故事~
艾叶青丸,7.7,2011-1-12 23:24:05,刘嘉玲在片中的表现超过的袁咏仪，张国荣无可挑剔~
许小寒,8.0,2011-1-8 13:55:40,很喜欢哥哥唱的那首《今生今世》深情而感人~~
Nyx2532828,9.0,2011-1-4 18:20:13,小时候看的爱情片，印象很深刻，很感动。
terry不哭,10,2010-12-28 19:22:10,挺真实感人的...
猫毛冇帽,8.0,2010-12-25 17:46:41,比较童话~~
范范1040010,10,2010-12-21 15:10:19,爱它的故事演员价值观
隅鱼,7.8,2010-12-12 16:19:44,很久前看的，至今印象深刻~
華賓,7.0,2010-11-23 7:51:35,哥哥喜欢演同性恋 是因为本身GAY
lamjyw,7.0,2010-11-20 19:05:57,很多很可爱的情节啊
Mark833247,8.0,2010-10-9 21:46:34,很复杂的情感，三位主演都表现得不错
朱氏潮,7.6,2010-10-3 13:05:20,其实就是个简单的爱情故事，只是在大导演手里它内涵丰富了，厚重了起来。 
十个斗的眼窝浅,8.9,2010-9-29 11:09:24,女扮男装混入男主角生活戏的鼻祖吧
液态川流,7.1,2010-9-25 10:19:24,两性题材的诙谐表达
草草2956467,9.0,2010-9-17 21:03:11,我爱你，不论男女
Christyeung,10,2010-9-17 16:20:17,我对这部电影的评价原来如此之高！但是，无论就当时还是现在，它都是香港电影史上独树一帜的好电影，编剧的才情，演员本身的魅力，再加上电影音乐本身的动听，更重要的是，这是一个关于爱情但又不是典型爱情文艺片的剧情发展。。。看哥哥演顾家明，真是很赏心悦目啊！！！
简小沫,9.0,2010-9-15 17:15:13,顾家明最后一句“我不管你是男是女，我只知道我喜欢你。”结束了一切悸动抗拒害怕思念躁动欣喜爱慕，只让久已压抑的情绪在瞬间迸发，混乱了所有性别界限。但当她告诉他，其实她是个女人时，顾家明的反应是暗自松了一口气。。。 
Stanley·K,7.9,2010-8-28 20:10:29,追......总有一天你会遇见一个人，爱上一个人...
给我永恒的晴空,7.4,2010-8-26 20:25:46,前半部为娱乐片，有些俗稍有惊人，后半部为文艺片，单独看还可以，揉合着前半部感觉别扭。 
capcom,7.8,2010-8-25 20:58:51,想起哥哥，依然怀念。
淘米水3432051,8.1,2010-8-25 20:43:02,而今看这部影片，忽然觉得好讽刺。哥哥自己做的剧本创作，是不是也在本色出演说自己的心情。我不管男的女的，我只知道我喜欢你……
念子实多,6.0,2010-8-19 21:42:26,袁咏仪.........
合什么卡出箱子几率高,8.0,2010-8-16 13:32:44,爱情跟性别无关。。
海底游侠,8.0,2010-8-15 19:11:25,女扮男装~~
lauren2417047,8.1,2010-7-28 10:36:52,不脱离时代故事新颖具特色的佳作
歐陽丹,10,2010-7-27 8:22:45,&quot;男也好，女也好，我净知道，我中意你。&quot;
vivien1058585,,2010-7-19 18:14:35,袁咏仪最帅了～
情深不寿,8.0,2010-6-27 20:33:01,很好看，又轻松又有趣味又不俗气。
XuX3213760,9.0,2010-6-19 10:28:32,或许这不是张国荣演技发挥得最极致的一部..但是目前我最喜欢他的一部电影..还没看霸王别姬..等等看看~
西夏玄月,8.3,2010-6-16 20:24:54,此情此景此人，甚是真挚。
迷蝴蝶42615485,8.1,2010-6-4 16:58:51,不完美，情节的转变稍显突兀，但是很美好
davidchow,7.0,2010-5-31 19:35:29,对春哥类的不是很感冒
zzy花岗岩,8.2,2010-5-27 16:57:18,爱情无界限，爱情是可以超越性别存在的。不论你是男还是女，就是喜欢你。影片的情节的确大大出乎我的意料。袁咏仪表演的很棒~~
点八2186651,8.0,2010-5-17 16:51:18,不是同志胜似同志
看电影的猫猫,8.2,2010-5-8 22:41:57,片尾靓靓的奔跑和哥哥的歌曲让人感动的掉眼泪！
Delphine2805169,9.0,2010-5-8 21:01:28,特别喜欢开头的时候哥哥敲架子鼓唱歌那段。
明月253344,6.6,2010-5-8 14:15:58,怀旧系列，有很多感慨
anita2858058,8.0,2010-4-9 18:06:38,不管别人怎么说，自己喜欢的就是最美的，就是值得去追求的！在对理想不坚定的时候看看吧，会在笑声中打消疑虑~
巫毒d,8.2,2010-4-8 19:19:00,哥哥的演技太棒了～影片中的插曲很经典
东原白衣,8.7,2010-4-3 12:33:22,张力十足的内心情感，美轮美奂的声乐饕餮
菀树,7.0,2010-2-24 7:22:53,怎么都觉得应该是王子和公主在一起。或许这就是爱情的魔力
將臣白木蘭1939,8.2,2010-2-8 21:16:41,有了你即使沉睡了也在笑。
leslie1987029,8.0,2010-2-6 21:41:27,一追再追～
林麦,8.0,2010-1-30 22:08:31,是真是假，假假真真，真真假假，爱这个东西谁说的准呢？人啊，还是不要太感性了。
质感体验,8.8,2010-1-26 11:45:19,虽然过去10多年，可还是历历在目，感觉陈可辛以前的电影更加到位
mumuhuozhe,,2010-1-12 18:55:56,"不行了,要骑脚踏车才行~"
文刀临水,,2009-12-31 12:50:46,笑翻了数次
0Scarlett0,,2009-11-21 20:01:53,哥哥 片中的是不是真实的你？
甘露子,,2009-11-17 17:39:59,选秀片段很有趣，是对当时香港歌坛的一次恶搞
除夕,,2009-11-16 20:54:21,有时，一个人，一句台词，就能让一部电影长留心间……
程见航,,2009-11-10 20:04:47,与刘嘉玲和梁朝伟的故事至少有60%的相似度。
卢涩子,,2009-10-7 22:36:13,好中意袁咏仪!!!
Rice849232,,2009-9-14 14:22:31,"HE IS A WOMAN, SHE IS A MAN."
坐车的骑士,,2009-8-23 15:30:24,很好看很搞笑的爱情片。
西瓜925471,,2009-8-15 12:09:00,这部经典的片子，刚才终于完整看完了，鼻涕眼泪流了一把，很想很想哥哥，，，幸好还有追，可以怀念哥哥，，，
爱看电影2044513,,2009-8-10 17:53:37,张国荣的经典之作
RachelRen1544966,,2009-7-26 8:51:56,男男女女，今生有你在再无他求
hill59,,2009-7-20 23:07:18,很喜欢的哥哥的作品包括那时的状态都是最爱
好弗狼,,2009-7-5 11:10:22,缺少情感的升华，音乐很吸引人。
kangwinvivi,,2009-6-25 20:30:47,不管是男是女，只要喜欢就好。这不正是哥哥的爱情观吗？
essence1677971,,2009-5-6 15:53:07,爱情可以超越性别
小小是只肉丸子,,2009-4-29 18:33:59,哥哥音乐是一大亮点··很美的爱情··
戈达尔,,2009-4-4 20:21:30,这部90年代初的香港电影有着黄金年代的经典气质，夸张的剧本，夸张的表演，却真情十足，感动众生！
renton995160,,2008-9-20 3:20:32,搞笑是真的；音乐不错，袁最后托着裙角“追”；
丰杀,,2008-6-6 20:50:32,几正！管他的，喜欢就行，无论男女。
火药兔宝宝,,2008-6-1 0:16:27,"性倒错是件痛苦的事,这个故事穷举了所有的可能"
chemim,,2008-4-5 19:18:31,张国荣，刘嘉玲，袁咏仪在阴阳错乱中，寻找激情，寻找爱情。
Ear-H,8.4,2008-2-9 20:17:26,很喜欢的港片
AQUARIUS702276,,2008-1-17 21:39:14,今天看了粤语版，太好看了，而且又哭了，影片中好多经典处，比如哥哥弹钢琴创作了《追》，他和袁咏仪拿着娃娃对话，还有和袁咏仪在钢琴上激吻，还有最后一幕袁咏仪穿着白裙子在大街小巷中奔跑，对了，哥哥穿着白底裤的PP也好性感哦~~~
xiaohui850320,,2007-10-9 16:47:49,经典中的经典
ken911,,2007-8-14 21:21:57,港片最好的时光 袁咏仪现在只能拍电视剧了 还有哥哥 和风华正茂的嘉玲 …………
何须痴情草,9.0,2007-5-17 22:39:13,1994年，陈可辛执导的《金枝玉叶》以温馨的拍摄手法描绘出一部浪漫的成人童话，成为香港影坛那年最大的赢家。原本只是普通歌迷的林子颖，为接近偶像金牌监制顾家明假扮男人参加歌手招考，谁知竟能梦想成真。成为歌手的她却还要保持所谓“男人”的身份，久而久之朝夕相处，她错愕发觉爱上了自己的偶
