八爪,8.0,2019-3-26 23:32:15,小时候没完整看过系列，当时觉得有点迷幻和情色，甚至有些邪典。都说温故而知新，重看粤语版，依然是还那个感觉。不过这确实是徐克的巅峰之作，那种挥之不去的意识形态才是本片最强的武器。时至今日除了画质，一切都不过时！
wonka,9.0,2019-2-13 19:54:40,还记得是小时候在大礼堂看得，小时候么，懵懵懂懂的，记得这俩扭屁股走得那段，太逗了~
Hayuki,7.7,2019-1-13 15:39:41,此作之典 一在通过音乐和布景塑造的具有中国传统戏剧舞台之美的氛围 二在突破旧作白蛇贪念情欲的主题 转向寻求什么是人的意义 是人就是有情有欲 无论是人的贪 修道者的念 妖的欲 皆是人 此亦是众生 众生皆为人
Darknight,7.6,2018-12-3 11:26:28,人间不值得，回味无穷。
银月之魂,8.0,2018-11-29 23:21:29,徐克文艺风达到巅峰的一部。
SkiingInDesert,8.0,2018-11-25 3:55:56,经典回忆～真是太妖艳了
影神,9.5,2018-11-13 0:45:36,是人有情妖更有情，也是法海情欲意向化的展现。20多年后再看，体会到了本片的真相。
hzsimonlin,8.6,2018-11-9 11:31:18,25年后重看，越发难以忘怀，，跟有情人做快乐事，别问是劫是缘。。
阿森纳颓风,7.4,2018-11-1 18:14:56,小时候把这个当奇幻片看的，还用录像带录过电视上演的！现在看来有情有欲，还有很多不懂，不简单，有内涵！
柒色,8.4,2018-10-14 20:58:10,此片妖气太重了！
林子祥,8.1,2018-9-10 21:49:55,电影内核探寻的是一个情字，注入了导演对人妖佛感情的特殊理解，而但从电影本身来说，徐克对布景和颜色的运用在本片完美的呈现，从第一幕开始就像仙境般的镜头感，而两位女神级的演员，也奉献了无与伦比的表演
龍飛,8.0,2018-9-2 23:49:11,人性的贪婪和某些潜藏在心灵深处的无限欲望显露无遗
THESECRETGARDEN,8.2,2018-7-27 21:46:24,王祖贤和张曼玉真美，赵文卓真帅
大水,9.1,2018-7-25 14:14:53,"太经典的电影，太经典的张曼玉和王祖贤，太经典的法海。每看一次，就多了点感触。原来，青蛇这么爱姐姐；白蛇眼看着老实人的背叛，却无可奈何；原来法海的欲望这么强烈；原来，佛法是这么近却这么难；原来，小青终于独自的返回了紫竹林。滚滚红尘，我们来过这一遭，人生如此, 浮生如斯, 缘生缘死, 谁知,谁知? 情终情始, 情真情痴, 何许?何处? 情之至!"
jensenyg,8.1,2018-7-5 0:04:25,影片风景秀丽而又妖气弥漫，两大女星展现出无与伦比的魅力，改编的剧情曲折离奇，每个人物都有复杂的情感，这片就是香港奇幻片的巅峰。
风动浮云,8.0,2018-6-11 6:43:35,美丽与丑陋同行，迷惘与欲望同生。复杂的思考，深刻的印象，必须承认这是部神作
半城炊烟,10,2018-5-13 13:51:05,两大女演员让这部电影充满了无可言语的魅力。
天天感冒,8.0,2018-4-28 22:48:47,媚到不行了的两条蛇！几个OST也超好听，陈树桦的声音干净到如同天籁，听着浑身舒坦！
最美的记忆933722,8.1,2017-12-26 21:58:47,张曼玉的表演俏皮可爱，让人难忘。故事虽然我们已经很熟悉了，但是这部电影却也没有落于俗套。
青山黛水长流,10,2017-12-20 23:55:16,无与伦比的魅力，美丽转瞬即逝，而魅力确实由内而外的。太惊艳了，每一个角色的复杂人性和情感
光雾尘,,2017-12-16 0:58:14,说实话，我对赵雅芝演的白蛇从来都不太感冒，而第一次看到王祖贤的白蛇那一瞬间。。。彻底被俘虏了。。
不饿Ka,8.2,2017-10-23 16:48:59,电影的角度很清奇，张曼玉、王祖贤真心女神。Ps：我的电影时长只有95分钟。
Neo·Destin,8.5,2017-10-22 0:49:59,人情世故、四大皆空只是人的观念
山鬼光影,7.0,2017-10-18 12:10:19,人与妖究竟要如何区分？徐老怪保持了李碧华原著的奇情诡丽，又剔除了纷杂的一部分线索。白蛇的死加强了故事的悲剧性，某些程度上比原著好看些。只人物心理部分就要观者自己体会了。 ​​​​
nanako-chan,10,2017-10-15 10:20:35,最近才看了完整版，只能说这确实是一部有内涵的电影。。超级喜欢张曼玉的表演。
七七家d猫猫,8.0,2017-9-15 11:15:13,问世间情为何物，人人都在探索，却人人都在困惑；在欲望之中浮浮沉沉，纸醉金迷、善恶不分、人妖不分，乃至于迷失了自我；人人笑我太疯癫，我笑人看不开，熟知真正看透人世间真相的却是修行不够的青蛇？耳熟能详的故事却诠释出了耳目一新的奥义，结局的扪心自问更是拍案叫绝，朦胧而暧昧，风月尽显。
Jim·k,8.3,2017-8-30 15:08:49,无论是配乐，演员，还是故事，都是很给力！小时候看的时候就觉得王祖贤和张曼玉太美了！这次重温才发现电影里隐藏了不少的哲理！经典！
午后的早餐,8.0,2017-8-12 10:49:30,如痴如醉，如梦如幻，人生如此，浮生如斯，缘生缘死，当如青蛇
Stephen_Chow,8.0,2017-7-25 16:17:35,我还是觉得不要过度解读剧情，看到什么就是什么。张曼玉和王祖贤的颜值和表演到达巅峰，再加上徐克对光影和画面的调教，美不胜收。只是可惜限于当时的低画质和特效，画面略打折扣。不敢想象，如果有现在的高分辨率和特效，画面会美成什么样。
Anastasia蟹,8.0,2017-7-4 22:39:10,小时候没看懂
washighton,7.1,2017-7-1 18:21:05,特效实在是
社上君,,2017-4-17 23:51:32,每个人都试图改变命运，不惜牺牲自我，以换取他人的未来。摒弃了不巧不成书的天注定，每个主人公一个又一个的选择，推动着剧情向前发展。这样的故事，会是一部好电影。
丸剑痕,8.0,2017-3-13 13:35:16,樂曲淒怨、色彩濃烈，意境和神韻俱佳。徐克的想象力如水漫金山快要溢出屏幕，人妖佛三界的倫理紛爭亦適用於現代人的哲思。
蝙蝠俠,8.0,2017-2-21 19:19:44,确实是经典，很多镜头都没法忘记，现在看制作稍显粗糙，结尾把整个影片升华了。
如今唯有回音,,2017-2-2 22:44:44,我到人世来，被世人所误， 都说人间有情，但是情为何物？
王奋斗,6.0,2017-1-19 16:47:37,在医疗器械专科学校看。摄影还不错，故事没搞太懂。后来再看时，被黄沾的音乐感染。
頭面人物,9.5,2016-12-25 22:38:25,人间有情有欲，红尘美好，妖亦向往，佛亦动容。情能立于天地，能串联四界，能混淆法学。张曼玉、王祖贤的妖艳美到超然，撩拨众生，当年的赵文卓也是英气勃发。动作、场景、美术都恰到韵味，配乐堪称完美，古韵丝竹之声妙绝毫颠，恐难再闻。徐克的《青蛇》堪称传世经典，立意之深解读无限。
頭面人物,9.5,2016-12-25 22:37:48,人间有情有欲，红尘美好，妖亦向往，佛亦动容。情能立于天地，能串联四界，能混淆法学。张曼玉、王祖贤的妖艳美到超然，撩拨众生，当年的赵文卓也是英气勃发。动作、场景、美术都恰到韵味，配乐堪称完美，古韵丝竹之声妙绝毫颠，恐难再闻。徐克的《青蛇》堪称传世经典，立意之深解读无限。
独角犀,8.0,2016-12-8 23:28:31,王祖贤流泪的那一瞬间足以永载史册了
shelbysu,7.2,2016-12-7 22:58:55,妖和人的情和欲。王祖贤和张曼玉妖娆的身姿真是令人痴醉，还有音乐也好听，但是故事有点乱
Kevin_凯文,7.0,2016-12-1 18:55:13,这也是电影频道的老片了，没想到评分如此之高！我真没发现有多好看，唯一值得看的就是王祖贤和张曼玉当年的风采了
_萝卜_,9.0,2016-11-8 21:35:14,多少年之后，一直还记得徐克的青蛇描绘出的美妙江南
喋血情枭,9.5,2016-11-5 21:38:52,人未必有情，妖未必无情。有情无情是由个人决定的，而不是由身份决定。这主题放在今天也是醍醐灌顶。
bbsbt,8.0,2016-11-4 11:20:14,重温一遍，又有不同滋味。
心駅,9.1,2016-10-23 0:39:12,青蛇的音乐绝对是一绝，黄沾才子！不过特技就太一般了，符合徐老怪的风格，这电影主要还是靠李碧华的编剧，和王祖贤和张曼玉两位绝世美女的演出，才给这么高的分，王祖贤绝对是人间尤物，不愧痴缠齐秦那么多年的女子！
瞎弄弄,8.1,2016-10-15 15:49:40,看了影片才知道这是由多么邪恶的电影！
小宝Ray,7.2,2016-10-7 0:24:30,千年等一回，只可惜法海不知情为何物，错造一场悲情传说...
巴登夏日,9.0,2016-8-18 10:58:29,很完美，绝对不容错过
马克杨,7.0,2016-8-12 16:27:59,当时的电影怎么拍的这么美。可惜节奏个人不太喜欢
sweetbox,10,2016-7-13 16:00:01,与有情人做快乐事，别问是劫是缘
神的孩子都舞蹈,9.2,2016-6-16 22:46:03,这是香港电影的经典之作，又一次两个香港女神合作的电影。在1993年可以做到当时那样的特效很难得了。当徐克遇上李碧华一个老怪，一个魔女，完美的结合。剧情竟是神奇的四角恋的故事，只有李碧华能写出来这样的剧本赵文卓饰演的法海帅爆了。动作不假，台词极好的。情为何物，人都不知，更何况妖呢？
晕倒了再来,8.2,2016-6-10 7:01:37,神作。配乐已经无敌了。张曼玉王祖贤，一双女神还要说什么么？
空风风,10,2016-6-9 1:17:41,几乎每年都要重看一遍的片子。两个女子把蛇的灵性演得出神入画。
间中有点宅,9.0,2016-5-29 23:02:35,法海不懂爱！
人生几多颠覆,8.3,2016-5-10 19:31:48,认知是个双面刃，懂了人性，用情几何？  避不开的矛盾，解不开的困惑，正是对未来的未知…
·虫虐·,8.7,2016-4-25 21:34:38,90年代港产片的粗糙感并不能影响这部电影的质地，如梦的画面和迷醉的配乐 是一壶醒不来的雄黄酒，太喜欢这种梦醒之间的游离，太喜欢'人生如此'的BGM；500年的寂寞换来一座雷峰塔，500年的修行换来一场眼泪；漫长的孤独之后 只有更加漫长的孤独。①-1.64
Mok_莫奈,9.0,2016-4-23 1:25:21,情与欲，正与邪，人世百态
SmilyHedy,8.0,2016-4-13 14:34:40,以新的角度讲述了这段人妖恋。妖修行千年，终有人心产人子，最后却被自己心爱的丈夫出卖。高僧神佛也连连失手，连累凡人性命。
莈洧洳菓,8.1,2016-3-29 17:40:16,人间无情 实则有欲
HPY3376886,7.0,2016-2-18 21:41:24,看了跟赵雅芝版剧情差不多，结局有点悲壮，两位蛇精好漂亮。
·DHW·,8.0,2015-12-31 20:29:36,故事挺好，画面风格但是看挺美，画面取景挺美，富有想象力。
千信齐飞,10,2015-12-26 20:53:16,徐克最好的作品之一
我机器人,7.5,2015-12-15 20:35:52,看不出有多好。
bigbird,7.0,2015-12-13 23:09:22,重看，好像很nx
calvin,7.0,2015-11-5 23:06:56,香港电影最可悲的一点就是毫无节制的夸张和娱乐化，如果台湾导演重拍这个电影，可能效果更佳。
F-22小只钕,,2015-11-5 12:12:26,就是经典 新版拍的什么几把玩应 刘亦菲煞笔赶快跪下
众人退至吾身后,9.0,2015-9-27 20:53:59,是非对错谁人定？许仙的选择是一个正常人的正常行为，可惜的是其他三个不是，悲剧便是来源于此。
woniu2048,7.0,2015-9-11 23:07:17,单从剧本来说，李碧华对《白蛇传》的重构并以青蛇为主视角是比较先锋的，这对影片导演及演员的要求是比较高的，徐克擅长与动作武侠，这使得影片的布景及斗法镜头成为长处，而对于人物的描写及性格刻画，特别是张曼玉所饰演的青蛇责严重失衡，一是没有足够的戏份，二是没有足够的能力，限制了本可以对剧本更上一层楼的表达，以及人物性格脉络的微妙转变。就连把法海在白蛇偷灵芝后为何性情大变，善念全无都无法顺利交代，那对于主角青蛇的复杂情感更……
feigeyu,,2015-9-9 22:07:45,近几日微博有人分析了青蛇与法海，又搜了下完整版！幼年对此片音乐印象极深，看完了完整版更是觉得音乐太赞！故事亦非那么简单！探讨人性，人世无不让人唏嘘！
无夜路人,7.5,2015-8-19 12:48:43,怎么能说片中许仙懦弱无能，他早已猜到娘子是蛇妖依然在一起，必须是真爱啊
初雪琴韵,10,2015-8-16 21:07:19,徐克90年代最经典的影片之一
盗寻欢,9.0,2015-8-12 15:42:53,这个蛇才叫蛇，唯美的一塌糊涂
xixi19840428,9.0,2015-8-4 11:22:20,美轮美奂
百家影评,8.0,2015-7-17 13:04:32,画面诗情写意，黄霑的二胡作曲“流水浮灯”配上雨天桥头画面很是动人。结局有点草率，典型徐克风格电影
Cat·,8.4,2015-7-15 18:11:41,小时候看不懂 以为就是电影版的新白娘子传奇...现在再看 我去 完全一部色情片啊～
不是水军非要说是水军那你就当我是水军吧,8.3,2015-7-14 19:12:24,小时候看是什么都不懂，长大以后看是求而不得的悲伤，看过许多解读之后再看、是人生如此。
lbtz,7.0,2015-7-3 0:23:16,妩媚的王祖贤和张曼玉。
小伟爱电影,8.0,2015-6-28 14:29:34,对三位主演的印象特别深刻，张曼玉演的小青的顽皮妖艳，王祖贤演的白素贞的美丽动人，赵文卓演的法海的无情冷酷。
AlexMi,10,2015-6-22 18:15:02,经典
陈大印,8.0,2015-5-31 16:35:39,“扭啊扭啊扭啊扭~”
笑着流泪,10,2015-5-30 0:52:47,将人性丑陋的一面刻画得入骨三分，可以借鉴在股票投资方面！！
sj9202,8.0,2015-5-20 21:48:51,人妖情未了
mika3627621,8.0,2015-5-8 2:28:18,很好，公认的佳作
涉抄无显,8.0,2015-5-5 17:40:59,张曼玉本色出演
东京未明,6.0,2015-3-23 19:58:28,这片也就一般般，被大家抬高了而已~~~
IMYSELF,7.0,2015-3-9 14:25:05,美的翻起来
悟空爱猪猪,9.0,2015-2-26 12:34:18,相当不错！王祖贤的演技，张曼玉的妖媚
摇滚玄奘,7.0,2015-2-14 21:14:16,一般，不妨一看
李大嘴,8.0,2015-2-1 20:33:05,做人有什么好啊
蘅驴驴,8.0,2015-1-5 10:01:36,主要是拍得有味道，故事其实还是弱了点的
大哈登,9.0,2015-1-2 12:29:31,绝美
苍崎式,8.0,2014-12-20 22:58:42,看了多遍，实在不错
源大人,9.0,2014-12-20 10:00:53,看过好多遍的片子，徐克不愧为鬼才，总是剑走偏峰
靓坤lv0461,8.2,2014-12-2 18:08:17,武侠和神话的结合，两点美女最大的亮点，经典
小翼MILK,8.5,2014-11-17 9:03:07,cctv6在播就又看了一遍，情欲被切了。画面美术，定妆都是极美的，本身原著的故事也很美，徐克的电影里淡化了青蛇与白蛇的嫉妒，许仙的懦弱与薄情寡义，突出了两姐妹的情义，画面和设定都可见徐克的才气。田沁心导演的话剧版更温和，将每个角色都美好化了，除了许仙。。。
波比比比伯伯,7.5,2014-11-16 0:51:37,流光飞舞，情为何物
夜盲吟游魔,10,2014-11-14 9:54:32,徐克在那些年拍的这些电影，每部都是我们心中的那个江湖梦，快意恩仇，策马奔腾，这部带有仙侠神鬼的剧也让徐克改变成为了一代经典
千信齐飞,10,2014-11-1 15:03:27,徐克经典
喜剧天才,10,2014-10-18 18:34:15,徐克经典
初雪琴韵,10,2014-10-16 23:09:28,经典改编，更属经典……
薄翠,7.0,2014-9-12 16:29:12,绝代双娇，再加李碧华的本子和徐克的统摄，想不出精品都难！
raullinoux,10,2014-8-18 11:40:03,最美不过王祖贤
过节耗子,8.0,2014-8-15 16:18:12,我收了你！
MissDiana,9.1,2014-8-7 15:39:51,互相勾引
shokyo,8.8,2014-8-2 22:09:31,读了某影评又专门下载看了一遍，故事视角和情节确实超牛，徐克的氛围营造也是一流，可惜当时技术或者资金所限，以现在眼光来看特技效果实在是太粗糙了。
韩景峰看电影,8.0,2014-7-20 15:11:58,一部有趣、深情同时又引人思索的作品，徐克诡异浪漫的风格将武侠和神话充分地融合在了一起，同时没有丢失浓烈的武侠风味。这部电影没有完美的技术，但是却有完美的情怀，着实厉害。徐克的《青蛇》也许是让人们第一次读懂了家喻户晓的《白蛇传》，关于何为人、何为情、何为人世与善恶。
Shirley,8.4,2014-7-14 23:52:23,经典的电影总是常看常新，看了一篇影评解析后再来看发现自己以前真的没看懂- -！配乐必须赞，一部在讲情的电影，还是不会总结，我只能用流光飞舞里的一句歌词来做总结——留人间多少爱，迎浮生千重变，和有情人做快乐事，别问是劫是缘。白素贞义无反顾、历尽万难去救许仙，小青问白素值得吗。值得吗？当你一直在想值不值得的时候，那件事也许已经不值得了。满心期待的时候才不会考虑值不值得吧，或者现实当中的我们都太贪心，想要的太多，付出的太少
瞥未草青,8.0,2014-7-13 12:54:55,再高级的CG技术也拍不出这种电影
范儿,8.0,2014-7-8 23:31:17,可以性感成这样绝对是不俗的片子
VB-Complex,9.0,2014-7-8 22:34:36,儿时当恐怖科幻来看 现在重温终于理解人佛妖之间的情  姐妹 小清法海 白素贞许仙 尤其是把那些隐藏的细节译过来之后 真的能意乱情迷却同样潸然泪下   特效虽然渣 但真的好看啊 经典 被王祖贤张曼玉和赵文卓美哭了
甘露子,8.0,2014-7-8 21:46:16,由他人影评重看此片，不是小时候以为的简单的正邪对立！神话传说！着实有禅意！更没想到赵文卓的法海造型太性感呵！年轻是真是俊朗啊！看到过瘾！可惜，徐克这两年的作品差太多了！
稻草人Ricky,10,2014-7-4 23:56:41,我看到的是小青对白蛇的情，这种情可以说是超越了姐妹之情，更像是一种相守相依的爱
一生子,9.0,2014-6-23 1:04:56,很小很小还只有一丢丢大的时候和妈妈一起看的，那个时候还根本懂得不其中的各种人性什么寓意，而是对于走路的时候“扭啊扭”的桥段留下了很深的印象。最近在豆瓣电台随机到了主题曲，怀念之情一发难以收拾，旋即下了重新看，给32个赞！
紫檀木941811,8.5,2014-6-16 18:58:53,以前在电视上看过好多次片段吧，灵芝点荷花等桥段很有印象。感慨老香港电影真好看。特效的拙劣可以理解，演员的传神远超当下。静谧的改编故事，戏曲念白，尤其是借伞还伞甜杀人也。昨天看了王祖贤的纪录片，曲折的人生，选来这部8分电影来看，也会继续看下去吧。
段星星,8.5,2014-5-31 20:42:05,这是我认为的电影超越原著的作品，在那么多香港电影中也显得很异色，类似气质的少之又少
六郎,10,2014-5-23 23:57:43,真是经典啊 虽然感觉挺儿童不宜的。。 偶尔在知乎上看到法海和青蛇那段是什么意思才明白…… 王祖贤和张曼玉演的简直登峰造极了 年轻时候的赵文卓也是很帅气啊
Page刘,7.5,2014-5-14 22:32:36,电影再次让后人感叹《白蛇传》原著的魅力，虽然影片改编的不尽人意，但却将原著带来的感受在镜头上呈现出来，加上黄霑的配乐，那味道已经让人意乱情迷了~
Neptunian,7.0,2014-5-10 22:36:11,主题曲在脑海中萦绕多年，此时再看，发现里面居然有那么多少儿不宜镜头，而童年只记得巨大的青蛇和水淹金山寺，看了我当年还是相当纯洁的
锦城寒,9.0,2014-4-26 20:39:12,骨子里的媚
桑卡卡夫,8.7,2014-3-28 9:09:59,徐克在武侠之外，也有过这种充满意识流和复杂隐喻的，带着些许先锋实验味道的电影。本片之所以为人赞颂，出去对人与妖、情与欲的刻骨描画，也在于美轮美奂的视觉效果。除去限于技术和投资的特技效果，很多镜头都被精心雕琢。大战金山寺一场，导演让滚滚浓烟升腾于二女身后，像极了一副淡淡的水墨画。
超级天后,7.0,2014-2-27 9:24:03,没想到徐克对爱情的理解也如此深刻。电影本身来说还可以吧，但我是在白蛇传长期熏陶下成长的，自然更偏爱赵雅芝版本的白蛇哈。许仙我原来一直以为是梁家辉，结果发现不是，两个人有点像哦
yinoy,9.0,2014-2-25 19:02:40,情感有很多种，爱情只是其中的一种。可惜很多人，根本不明白什么是情感，也就更不明白什么是爱。
luminia,9.0,2014-2-14 11:27:49,太妖了  但是我喜欢这里的青蛇
给你太阳,8.0,2014-2-12 23:54:20,浪漫，唯美。不愧是王祖贤的代表作，太温柔，太妩媚，又太勇敢。白青之间的姐妹情表现得很到位。许仙演得也很好，他是个书呆子，但并不傻，有担当。深刻地批判了某种生硬死板灭绝人性的伦理观念。对“情为何物”的探讨实在引人深思。无愧90年代港片经典!
影裔SS,8.4,2014-1-20 20:44:03,留人间多少爱，迎浮生千重变。跟有情人做快乐事，别问是劫是缘
梁白开,9.3,2014-1-10 7:02:55,一曲《流光飞舞》让人柔肠寸断
山鬼先生,8.0,2014-1-4 0:20:51,四星。1.徐克的有些桥段还是让我笑场了，最后着实被感动了一回。2.白蛇爱的不是许仙，是爱情本身。一千年的修行就是为了体验红尘，在世俗的约束下一辈子贪恋一个男子，打开爱的能力，结果却换来许仙最后无知的逃避，这才是最大的悲。3.青蛇的悲在于她需要爱却不知道在世俗法则下如何去爱，她越是极力寻找自由天性越是被枷锁锁死。4.一个是爱一个是情，皆是人生悲歌。
EndlessJT,9.0,2013-12-31 16:03:24,青蛇，电影原声、角色设定、故事剧本，全部堪称一流。
衡·Isabella,7.9,2013-12-1 22:58:09,看完之后，挥之不去的“扭啊扭，扭啊扭啊扭”......
五人,8.3,2013-11-11 0:28:45,音乐很好听啊，很配这个故事
幸福总在不远处,8.0,2013-11-8 18:22:54,爱上谁都没有错
凌楚晨,7.8,2013-11-6 19:51:12,小时候看的觉得是部色情片，长大点看觉得是部人兽b级片，读大学再看觉得是部爱情片
上下,8.2,2013-10-29 22:17:59,小的时候只记得扭啊扭...现在看懂很多
少年巧克力派,10,2013-10-22 21:42:12,王祖贤好美
草启辛君,8.0,2013-10-14 20:50:58,原以为是红玫瑰与白玫瑰，蓦然彻悟，这是许仙的多情私欲、法海的色戒、白蛇的痴情、青蛇的恋姐情，都错了，一塌糊涂。
portard,8.1,2013-10-14 9:03:39,小青好！可！爱！ 特别是头从桥下伸出来的时候！ 小青对白素贞是真爱啊~~徐百合真是名不虚传！
找不着北的门,8.5,2013-10-13 16:46:33,情不知所起，一往而深！流光飞舞，一切都只是一场梦。
机长,,2013-10-12 12:37:27,演员名单里有关之琳······她演谁的呀？小时候看了N多遍都没见着关大美女
Luna_星,9.0,2013-10-5 17:43:08,开始看怀旧的老片。 找不到高清的就下了粤语版的来看，似乎除了在电视上还没有认真看过这个片子，光是开头的歌曲和职员表里华丽丽的各个大名，一下子特别感慨，90年代的港片市场人才济济，真的很感动。  其实青蛇是一部很不一样的片子，除了奇幻的画面和改编的神话故事，更是引入了很多人性的思考，情欲和感情拿捏的真是巧妙。 人物造型和音乐更是别具一格，还是戏曲元素，唉，简直是好的完美，巅峰之作。  天若有情天亦老，要怎么去定义谁对谁错。
海边散人,8.8,2013-10-3 13:08:44,人间有真情？
抹茶布丁,6.0,2013-9-30 23:50:30,“徐克最初打算让巩俐和梅艳芳联袂演出本片，但因档期问题双双未能如愿。”我想说，好险。。。不知是不是PPS有重新剪辑过，总觉得镜头切换不够流畅的感觉，看着不大舒服。
CUI影视工作室,,2013-9-16 5:05:23,徐克名声大噪，美学功底独树一帜，张曼玉演技无可挑剔，王祖贤，徐导可以呼风唤雨
bigfly,6.0,2013-8-28 8:06:54,绝对的妖媚
菠菜鱿鱼,10,2013-8-25 13:39:47,最喜欢的几部电影之一，王祖贤很美
翟晴ZhaiQing,8.0,2013-8-7 12:58:03,我还蛮喜欢的……
Qbaccy,9.4,2013-8-4 21:55:27,最爱的港片，没有之一
M独立影评人,6.0,2013-7-13 18:05:57,小青好骚好性感！当时就烦感法海
BlueRuin,7.8,2013-7-7 20:44:24,重口版的白蛇传。。。徐克的片子都这样吗？五味杂陈，每种味都好重口
1640317z,7.0,2013-6-17 16:55:16,变身蛇之后好恶心。。至今觉得小青和小白有点lesbian的赶脚。。
琵琶师,8.7,2013-6-16 22:34:49,法海你懂爱吗
永尾完治2012,8.9,2013-6-5 9:04:25,摇曳的腰肢，满眼都是浓浓的色彩，那一年法海还很帅
大宝阿扎西,8.0,2013-6-4 20:11:48,徐克代表作
梧素衣,8.0,2013-6-3 19:42:37,要如何才能明白人世的感情，动心却不愿相近，信任与背叛，爱情与嫉恨，不甘，一切交织在一起，直到那一颗泪落下来，才渐渐明白，但是伤痛过的，却已不复从前。风华绝代的张曼玉和王祖贤，将两条蛇之间彼此复杂的情感演绎的很好。影片以另一角度讲述青白二蛇的故事，很值得去品味其中复杂的情感
邂逅的回忆,8.0,2013-5-28 13:33:31,精致 细腻 唯美 至少在当时那个年代
那些年似水流年,8.5,2013-5-25 0:03:53,小时候最喜欢的一部电影，无论故事、影像、配乐还是演员表演和造型与场景设计，都十分经典且富有意境，祖贤和曼玉的演绎实在是太让人印象深刻了，不愧为女神级！
ookkkkk,8.0,2013-5-22 15:17:09,小青很赞的说，张曼玉-演技最好的女人
-蔡捷文,8.0,2013-4-20 16:35:39,法海你不懂爱。
哈笨拥抱着我,7.8,2013-4-13 16:16:55,过了这么多年，我才看懂。用朦胧感看朦胧感反而更美。
羽西公子,8.3,2013-3-10 21:01:22,法海原来是有纹身的啊
少校连长,,2013-3-8 10:03:41,#最爱女性电影#《青蛇》  主题，文字，音乐，美术。。华语电影里女性电影的精品  @卡片机器人一号 
贾老虎啊,,2013-3-7 17:29:13,#最爱女性电影#《青蛇》 推荐部中国的吧。曼玉和祖贤的风华绝代，妖娆婀娜。很难在现在的电影中看到了 @卡片机器人一号 
EstoyAqui,8.5,2013-2-15 22:23:44,看过的港片不多，如果问我最喜欢哪部港片，我可能就会说是《青蛇》（小时候捂脸看过完整版，后来又看过几遍完整的和阉割版，总是觉得这部电影美不胜收。。。）
UncleMarston,9.0,2013-1-18 23:25:43,小时候看觉得这个白蛇传怎么这么黑暗的。
notruBmiT,,2013-1-18 16:43:28,#这片当时没看懂#《青蛇》 ，即便是现在，若无高人提点，我还是看不出来这电影这么内涵。。。
陈一坨,8.7,2013-1-11 2:33:11,第N次看到，第N次对那个香港电影的黄金时代叹为观止，那是个连徐克都那么会讲故事的年代啊。
两个黄鹂鸣翠柳,7.0,2013-1-3 23:55:58,用风行边下边看的，不是很清楚，所以看得很辛苦，模模糊糊的。没看太懂，与我想象当中的故事不太一样，人物之间的感情还是太单薄，渲染得不够。好像就法海的形象能够接受，其他的差强人意。还有，开头收的蜘蛛精后来又放了，之后到底怎么样了，没有交代。白抢了灵芝草，负责看守的神仙怎么处理的，也没有交代。
这有只猫,9.0,2012-12-15 8:38:55,一如徐老怪的作品那时候的作品 唯美的展现了经典的爱情传说
linn4187719,9.0,2012-12-1 10:38:48,每一帧都美如诗画
HeyTony,7.7,2012-11-25 16:31:12,电视台 CCTV6 看到的，
mr_real,9.0,2012-11-23 21:17:41,最棒的原声
onlysaysorry,9.0,2012-11-19 19:44:46,问世间情为何物？其实最不懂这些的就是人
水晶虾饺儿,8.2,2012-11-18 11:04:49,必须要讲的是，原来在电影频道被删的已经完全面目全非了，如今再看完全版终于明白了。徐克眼中的白蛇传。
小龙男3901458,,2012-11-16 22:31:59,许仙含情脉脉的对白娘子唱道：“你问我爱你有多深，我爱你有几分。 我的情不移 ，我的爱不变 ，月亮代表我的心 。青青的一个吻 ，已经打动我的心……” ——许仙，卒。
Amanda·luo,8.0,2012-11-11 9:25:43,怪不得小时候看不懂，那时候的王祖贤真漂亮
小唯爱吃饭,9.0,2012-11-4 22:54:15,世间到底何为情
Nightwish,9.0,2012-10-11 13:34:05,靡靡之音，让人难以自拔，一个追去理性的感性人，又给掰过去了，怒斥。
abby爱,8.0,2012-10-3 8:44:48,配乐极美，女主韵味极佳，意境飘摇迷幻。许仙，男人中的败类啊
Jun丶x,7.9,2012-10-2 23:59:55,跟我想象里的很不一样
漫声谈影,8.2,2012-9-17 14:49:59,李碧华和徐克的故事新编，故事性不强，但有新的角度和深度。王祖贤实在太美了。这部电影最大的特点是视觉和听觉上的完美感官，影片的美术和造型非常不错，特别是青蛇与白蛇的造型出自张叔平之手，而配乐和歌曲方面是黄霑和雷颂德两位大师操刀，无论是异域风情的、缠绵悱恻的、禅机重重的，这些配乐堪称经典。
_Mr-snake,8.5,2012-9-3 17:03:59,徐克+李碧华，这么一个剧本当年居然一个最佳都拿不走！徐克当年不愧带动起香港电影的一个代表人物。尽管特技效果不理想，徐克用自己的方法做出了让人震撼的大场面。而高潮对人的警示，可是一个接一个，但徐克也依然没有停下来的意思，最后青蛇一剑可算是神来之笔了吧！但同样是这一高潮，似乎煽情的时候，有点用力过度。但怎么说，这也是一部饱受沧桑的经典之作。
读行者,8.8,2012-8-30 0:41:00,徐克+李碧华+黄霑，女主角就不说了。
不朽萧,9.1,2012-8-24 17:40:44,温习一遍~~~
自由彼岸,8.2,2012-8-22 22:14:04,比较魔幻，水淹雷峰寺那段挺壮观的！！
brucekent,8.0,2012-8-22 14:01:42,我咋越看越觉得许仙是第三者插足呢？
枵昔,10,2012-8-16 9:17:55,看小说看到落泪。。。
钱钱Q,10,2012-8-15 14:20:28,这个小时候确实是看不懂的~！但是太经典了，值得重温再重温，昨天看了两遍
sthcici,,2012-8-12 17:44:40,我小时候也没看懂
渔舟changwan,7.0,2012-8-12 14:44:14,不卖肉的极致诱惑。（雷颂德作曲，黄沾填词的《人生如此》听得我鸡皮疙瘩四起~~~）
赞格威尔,8.0,2012-8-5 14:46:16,历历在目的经典传说电影，尤其的让妩媚烟道淋淋尽职的张曼玉，害又王祖贤，经典，期待在看
得乐之家,8.0,2012-8-4 23:20:00,重温了一遍，小时候没看懂的也都能懂了。
Fisher,,2012-8-4 11:29:47,#这片当时没看懂#《青蛇》 那些暧昧的画面[晕]
坏姑娘小简对抗全世界,8.4,2012-7-30 21:04:34,所有白蛇传的版本中，最美最打动人的一个
小宇_小柯,8.0,2012-7-29 20:39:05,看过《画皮2》就立刻看一遍青蛇，这次再看依旧感慨乌尔善那些妖精想法跟这部电影是极其相似啊！影片里戏剧妆容非常有古典感，配合戏曲唱功别有一番味道。一些镜头，比如许仙找小青那段红房子，许仙被青蛇吓死，几段彩虹，用蓝光滤镜渲染的白蛇小青流泪，都非常经典。人物上更是特别，没有绝对的好，也没有绝对的坏。法海由于心魇把修道成“人”的白素贞收复，却犯下水漫金山罪行。全片纠结点把法海与妖的斗争转移到小青对于这段恋情的感悟，太独到了。
aintlost,8.8,2012-7-26 10:56:24,演员，剧情和画面感结合起来让这部电音成为90年代香港武侠片的翘楚。电影名字说明是从青蛇的视角来看待这一个故事的，还有一些更加现代的情感纠葛，而不是单纯的讲述神话故事也让电影更加精彩。印象最深刻的是原本看起来老实的许仙朝三暮四，觉得白娘子一开始也选错了人，证明她其实早就成为了一个为了情而盲目的“人”。
longxueshiya,10,2012-7-22 16:26:02,这是我最喜欢的电影
尿科王,8.2,2012-7-20 11:47:45,重温了一下这部老片/看到一半时就冒出个想法——如果白蛇传翻拍成同性之恋的话应该会不错/看到结尾我才发现/徐克的确走在了时代的前面/许仙和白蛇的爱情显得那么生涩/青蛇对白蛇的同性之恋却又不温不火/渐渐觉醒……
yjt98765,7.0,2012-7-19 8:38:52,许仙太挫了
JuroMa,8.0,2012-7-15 21:06:16,小青美过王祖贤
水丫头火丫头,9.1,2012-7-7 18:38:23,就冲着着两条蛇
薛缇,9.0,2012-7-7 18:15:14,浮生如痴，如斯。
影君子技安,8.1,2012-7-7 15:47:25,當妳明白眼淚的滋味 就再也回不到從前了
绝情谷主,7.8,2012-6-30 18:24:45,经典之作！帅法海，美素贞，俏小青~
智商不够很捉急,10,2012-6-27 20:48:38,小时候看，瞎看，觉得里面王祖贤张曼玉真是美妙的妖精，故事什么的，却不怎么懂。现在回看， 发现了很多性暗示orz，对于爱也有了很多感慨。真不知道该悲哀还是庆祝自己的成长。
realhwq,8.2,2012-6-25 2:49:23,影片最成功的地方还是李碧华对于神话的改编，女性视角和爱情观的注入，让故事有了新的可看性和探讨价值！徐克也是极尽视听之能，两位女主角的演出更是风华绝代……尽管高潮段落的动作设计和场面有点简单，剪辑和悬念把握也有失控的，但仍是一部精品！
迷糊小飞侠,,2012-6-21 16:03:30,完全是冲着徐克和听闻中色情片的名头去的。没有想象中的文艺范儿，关于这两条蛇的故事还是儿时赵雅芝版本的最让我印象深刻。不过这从蛇到人的蜕变过程倒是真实得鲜活，还有，主题够鲜明~
DavidGoodman,8.4,2012-6-17 12:36:05,反复看经典总是不厌倦
镜子1942845,9.0,2012-5-26 0:58:46,从小看到大，真不错~！
小小小不点,10,2012-5-25 4:31:28,为什么张曼玉能将每一个角色都刻画得那么入骨，究竟她就是为这些角色而生，还是那些角色根本就是她的分身？
C梦9527,8.0,2012-5-24 10:25:56,从小到大看过很多很多遍。懵懵懂懂的，只知道看不厌。
Urian,10,2012-5-19 0:50:58,看过很多遍，第一遍还是在电影院看的，从VCD时代到现在都是必须珍藏的电影，越看越想打满分。
dongcr7,8.7,2012-5-11 20:30:49,多年后重新审视，发现最令人痛心的是小青
青台,8.0,2012-5-9 5:46:37,为了重温一下当年帅气的赵文卓，找出来又看了一遍，之前只是断断续续的在中央六看过，因为经常会放。今天全篇看完，发现这片子尺度还真是相当的大啊，相当多惊艳的场景，各种暗示，各种内涵，就连法海也和小青乱搞起来。真不知道中央六怎么会允许放这片子，而且还时不时就重播。
小虫zxy,10,2012-5-6 10:56:17,不用说看了多少遍了
喵喵Ro,8.0,2012-5-4 4:16:22,一如既往的喜欢徐克的偏执美学。情欲是一种比情更加纯粹的东西。
雅洛蓝,9.0,2012-4-15 20:52:02,许仙张国荣来就更有搞头了。
月棠2012,8.0,2012-4-13 17:58:04,若我是许仙 当甘愿为其而沦陷
紫岚,8.0,2012-4-7 22:47:45,年轻时候看过的，没想到未删节版是这么有内涵，王祖贤张曼玉赵文卓都美啊
脱掉bra好睡觉,9.0,2012-4-6 23:51:13,看你千遍也不厌倦。
Akita,8.0,2012-4-3 12:42:36,各种扭啊噗！！！！这个比较忠于原著了其实。。
桑若4635237,9.0,2012-4-2 17:53:53,最值得一看的白娘子版！
奔跑的大川,9.0,2012-4-1 22:03:00,有关白蛇传的电影，还是最喜欢这部。对于世情的感受，青蛇最后说“情是什么，连你们人都不知道，等你们知道了，我会再回来”谁说白蛇传就是讲白蛇和许仙，这里面还有一袭青缎的青蛇。李碧华的这个故事被拍得太动人了，想那年，王祖贤和张曼玉均是琼花未嫁时。
忻小小,7.0,2012-3-30 15:45:46,颠覆了美丽的传说，描绘了一个欲望横行的世界，难以接受~
卡门梗01,8.2,2012-3-26 18:43:53,听说这是曼玉转型之作，那估计跟龙门客栈是同一时代的……
燕特尔Yentl,9.0,2012-3-25 23:02:41,很多年以前看的此片，当时还小，很多地方都没有看懂，稀里糊涂的就顺着情节走了。今天重新回味了一遍，有种顿悟的感觉。很多思想和内涵被徐克隐藏的很深，让人在似懂非懂之间徘徊。黄沾的曲更是锦上添花，总觉得没有黄沾的武侠不是武侠。
虎皮辣椒,,2012-3-8 20:25:15,重新看了一遍，发现这么哲理和深刻，吸引人的一定是青蛇，但是世事一定要经历个遍后才领悟白蛇原来是那样的参悟。
幸福出处,9.0,2012-3-5 17:40:45,#分享照片#青蛇——王祖贤、张曼玉
Cookies糖糖,10,2012-3-1 16:58:27,"一直不明白为什么这部以白蛇传为题材的电影要取&quot;青蛇&quot;之名,今日重温了粤语版,才恍悟,徐克心中的第一女主是青蛇."
流火通天,9.0,2012-2-27 1:12:33,能把中国古代的传说演绎如此，令人动容。
周星馳,7.8,2012-2-24 23:06:56,冷艳蛇妖的一遭人世逍遥游！爱过纵魂飞魄散亦无悔！徐克一如对特技的追捧，美丽的场景、造型、悦耳的音乐，都不错！
神兜兜,,2012-2-23 10:10:04,#我们都有怀旧病#很想在大银幕上再看到《青蛇》
lkmt,10,2012-2-20 22:50:22,如今想起妖，也只有这两位演得最入骨入魂。
Dee同学,7.7,2012-2-19 22:19:19,怀念黄霑+雷颂德 小青在片子里的言论实在有点强词夺理莫名其妙 是导演的意图么？
刺猬七七,8.0,2012-2-12 11:23:30,做人不容易
吞吞亮,7.9,2012-2-11 19:54:41,细腻纠结的故事，动人的配乐，精湛的演技，酿成这部绝美！
爸爸妈妈520,,2012-2-11 2:32:33,经典…看了那么多遍还是想看…许仙就一小三，没他的时候白蛇和青蛇多快乐啊…
Mr王子,9.5,2012-2-8 20:46:40,曾经一度怀念的色彩盛宴
Hermione-Tsui,7.0,2012-2-6 18:39:43,颠覆印象之作
RieVII,7.4,2012-1-30 21:12:32,造型，美工，意境都是登峰造极，可惜叙事的都是以突发事件和对话来前进的，虽然探讨问题足够深刻但是可惜没有成为叙事动力
jake,8.6,2012-1-30 19:07:04,没有杂质的真情，便是人性；许多所谓的世俗评价，是奴役别人的武器，也是锁紧自己的监牢。
倒影·倒映,8.2,2012-1-30 16:45:45,婀娜多姿，妩媚动人；曼妙的音乐，渲染的画面；让人，念念不忘~~……
布1诺斯艾利斯,8.1,2012-1-25 10:49:11,张曼玉真是各种漂亮
autodesker,10,2012-1-24 20:29:23,看完白蛇传说后第一件事就是把这个又看了一边~~然后感慨：啊！这个世界还有救~~
几案,8.5,2012-1-11 2:53:53,《青蛇》是一部伟大的电影，两个女人的精彩演绎成就了这部电影，这部电影也成就了两个绝妙的女演员！巅峰期的徐克+巅峰期的张曼玉王祖贤+出色的配乐，看过九三年的这部电影，就能知道现在的电影是多么坑爹了！当年这种具有中国传统美学+现代情怀的优秀电影难道就不能有了吗？
妖精七七,8.8,2012-1-6 15:10:28,音乐简直是无法超越的完美~~！
fbo19850624,7.0,2012-1-2 21:48:28,配乐无与伦比，张曼玉、王祖贤沁人心脾。
安大婶,8.9,2012-1-2 8:54:56,情，爱，美，撼，欲。华语电影中最美的电影。几个世纪前的故事，不同的角度。人的有趣，归根结底就是因为我们有情，有爱。小青从不懂，到流泪，是从妖变人的过程，也是讽刺法海身为人却无情的证明。
小时光匆匆丶,8.0,2011-12-29 2:02:14,张曼玉很媚，王祖贤很美
MadRock,7.0,2011-12-28 19:43:35,不知道为什么，这部电影现在看来异常滑稽，硬是把一部悲剧当喜剧来看的。张曼玉和王祖贤太妖了，好有拉拉氛围。徐克这色老头，就喜欢看两美女湿身。
老怪加老斯,9.6,2011-12-26 11:37:40,永远最爱的电影！人生如此，浮生如斯！
sam·P·G,8.1,2011-12-25 15:05:32,最初真的把爱想得太肤浅    知道影片的后半段才渐渐懂得   爱是一种过程
Iprobe,8.2,2011-12-24 14:10:24,情为何物？
小早川二虎,10,2011-12-23 5:38:11,问情为何物，你们自己也不知道
小笑大王,5.2,2011-12-22 21:23:55,真的不怎么样！
醋拌木耳,9.0,2011-12-20 16:46:52,李碧华的本子，爱恨如此，人生如此
zljhisoka,9.0,2011-12-20 16:35:20,怎么看怎么觉得惊艳，李碧华就爱把男人心底那种真实的情感给这么直白的表现出来。此片的法海也是经典。
蛤蟆的WHAT,10,2011-12-17 21:01:45,李碧华最了不起的剧本
橘涩小气球,8.0,2011-12-17 19:44:46,我心中永恒之经典~
梧桐sky,8.6,2011-12-13 13:40:46,道不尽所有感觉的一部，爱，有时候真的脆弱、坚强
谎言之躯,10,2011-12-12 15:11:28,徐克 很屌的说 这是我最喜欢的白蛇电影
赛蒙,7.8,2011-12-10 0:17:06,不过情欲二字 为什么会有人要抗拒
飞一半享受,10,2011-12-9 22:28:37,妖艳的可以
本少爺,9.0,2011-12-9 15:08:10,西湖边你俩的身影，勾住了两代人的深情~~~
血奴鹦鹉,8.2,2011-12-9 12:20:02,"一天一部电影推荐——《青蛇》：有一种诱惑叫妖媚，有一种美丽叫妖艳，是妖？是人？是仙？是神？不过是人生如此，浮生如斯。暂不说白蛇的媚，青蛇的妖，法海的帅，也不说故事的离奇与画面的美丽，这部电影单单是音乐就能够令人浮想联翩,流光飞舞、人生如此、莫呼洛迦、柳树细裙儿荡、识情......"
何翦燭,8.0,2011-12-6 0:04:34,经典很耐看
onlytony,8.0,2011-12-3 22:00:52,这才是徐克的犀利与前卫
紫蓝未央,,2011-12-3 12:21:04,人生如此，你知我知。
VeenaCheung,,2011-12-3 0:07:54,扭啊扭，扭啊扭啊扭……
驼铃,,2011-12-1 18:27:04,武侠，玄幻....
ilovebit,,2011-11-26 23:19:15,当年的经典……
盐酸伪麻黄碱,,2011-11-26 21:52:30,有种电影，虽然讲得是几百年前的故事，但不知不觉看了几十倍还不觉多
