ZJNEO,8.0,2019-2-4 1:15:30,片子很知名，一直没看是因为非常不喜欢那种混乱且不干净的环境，甚至有些恐惧。
Nemo先生,8.0,2019-1-23 8:46:48,面纱下的爱情
闻者,8.2,2018-12-4 10:00:59,揭去生活的重重面纱之后，爱情的真相原来这么残酷。正如影片中说的：“我想你是对的，我们寻找对方缺少的品质太傻了”。她在他身上找山、找海，找穿越千山万水的浪漫与激情，可最终发现他不过是虔诚地爱着她，那一刻她明白了爱情，也终究记住了，只有以死殉葬的爱情才是刻骨铭心。
长腿美大叔,9.0,2018-10-18 7:40:32,把我虐飞了
Dwarf,8.5,2018-5-12 23:56:27,也许需要补一下原著……
清竹,7.8,2018-5-6 8:33:30,爱过的被伤后的愈合是很漫长的，不爱的去寻找爱情也属自然，但深处远东无法联系外界，只能慢慢解开隔阂的心结，在揭开面纱时失去了男主，却得到了爱情。中国山水被拍摄的很美，薄薄的雾气犹如面纱一般。
我把桃花切一斤,7.4,2018-4-19 13:02:09,先结婚再出轨后恋爱
我把桃花切一斤,7.4,2018-4-19 13:01:32,先结婚再出轨后恋爱…
落影时光,7.9,2018-1-5 22:46:37,面纱，名字起的非常好。一段凄美的爱情故事，虽然剧情俗套，但却很真实，很贴近生活。生活中的点点滴滴，都会在彼此心中蒙上面纱，越来越迷茫，只有你的爱足够坚定，才会揭开面纱，直达心底。演员阵容很强大，几乎所有角色现在都是大碗了。
贵久,7.4,2017-9-16 21:55:59,这是个关于原谅的故事 也有点“中国版”霍乱时期的爱情的意思 和好莱坞很多国外主题取景的电影一样 本片的故事也是“发生在哪里都说得通”虽然尽力塑造了一个白求恩的男主形象和跌宕起伏的爱情故事 但本片的情节并没有很惊喜 过少的与“当地人”交流也让片子流于“观光”距离《走出非洲》这样伟大的异国爱情片还是有很大距离的 唯一让我觉得比较动容的是男主在特殊地区特殊时期选择原谅女主这一心理走向 非常符合客观真实和人物真实此外配乐太好
2mysoulmate,7.8,2017-9-1 20:04:35,最后的一幕感觉像告诉观众。儿子是第三者的
2mysoulmate,7.8,2017-8-31 16:39:55,看完后，回想自己，想到什么。带你出去，是希望我们精神层面在同一层次。当爱和责任合二为一，恩典便与你同在。
幽灵终结者,6.8,2017-8-27 20:31:29,故事设定还可以，但是女主最后的醒悟表达的不是很生动。
情深不寿,7.0,2017-8-21 21:33:38,娜奥米沃茨真美呀真美。这是一个伤感的爱情故事，当两个人最终放下一切伤害和成见，终于相爱的时候，其中一个人死掉了。虽然是很俗套的悲剧，可是依然动人。
尘曲,9.0,2017-8-8 11:29:03,这部我大爱的电影，不知道从哪里下手评价
王奋斗,6.0,2017-6-21 10:49:33,2007年通过电驴下载的。可能吸引中国观众的，只是外国人在中国。
七七家d猫猫,7.0,2017-6-12 6:51:55,平静生活之下的躁动，让人迷失自我，天真而愚蠢地飞蛾扑火；动乱社会之中的彷徨，反而寻找到了内心的安定，拨开云雾看到了灵魂的真实，唤醒了真正的共鸣。特殊年代之下的爱情，在和平与慌乱的颠倒之间，掀开面纱，找到自己。如诗如歌的画面和配角将东方的内敛神韵娓娓道来，细腻的情感有种独特的魅力。
lucifer1014076,9.0,2017-5-31 10:15:40,片尾曲都能听哭我，最爱的爱情片，没有之一。
过千帆,7.7,2017-5-13 22:01:01,两个都是我很喜欢的演员，然而总觉得剧中不怎么般配。广西山水好评，群众演员一般，黄秋生嘛…
屠龙侠912,7.5,2017-3-27 23:24:22,故事本身挺有趣，但改编的这个剧本太平淡了些，虽说内涵还算表达出来了。片子各方面都做得不错，符合西方人印象的东方美景、让人想到《赎罪》的悸动配乐，以及视角独特的东西文化碰撞，这些还是值得一看的。至少我觉得娜奥米·沃茨比在前一年的《金刚》里好看多了，非常漂亮，光是冲着这个就可以看看。
-IHI-,6.7,2017-2-26 11:40:31,H---《3650》
-IHI-,6.7,2017-2-26 11:39:53,H---《3650》
昆丁塔伦蒂诺的影迷,8.0,2016-12-30 21:32:59,影片不仅展现了桂林的山水幽情，也对国民的愚昧迷信加以刻画，剧情与中国元素结合得很好，主角的爱情令人扼腕叹息
小溪1981,7.0,2016-12-30 15:59:05,爱德华男神，演技一贯的好
殊聿,8.1,2016-9-26 8:57:03,画面好美
蛋黄派吖,7.5,2016-9-21 21:02:33,在相互伤害中获得和解，然而世事却总是充满遗憾。光看电影就已经感觉到原著的强大，有空一定要读读小说。
弗雷德里希,7.6,2016-8-2 19:10:53,尽管是中外合拍，然后并没有显得突兀。两位主演很好的诠释了角色。故事依托毛姆的小说，有舒缓平稳的叙述，也有惊心动魄的波澜，是一部温情佳片。
alannesta,8.0,2016-6-29 22:32:43,十年了，突然想翻出来再看一下这个片子
孤独的影,,2016-5-28 18:46:36,影片不仅展现了桂林的山水幽情，也对国民的愚昧迷信加以刻画，剧情与中国元素结合得很好，主角的爱情令人扼腕叹息，不过两人由相识到结婚去上海的情节缺少铺垫，节奏过快，与之后生活在梅潭府的情节节奏不是很协调。
yttony,9.0,2016-5-18 10:44:02,爱德华诺顿的平静让我觉得男人的平静时有力量的
edoeg,8.3,2016-5-10 3:44:08,一种对立差异的心灵触动
新一,,2016-5-9 20:56:50,女人不会因为一个男人品德高尚就喜欢他
格子810189,8.0,2016-4-12 13:58:08,根据毛姆小说《华丽的面纱》改编，20年代中国，人道主义医生的情感纠葛。美丽景色中的贫苦---
格子810189,8.0,2016-4-12 13:57:16,根据毛姆小说《华丽的面纱》改编，20年代中国，人道主义医生的情感纠葛。美丽景色中的贫苦---
y蓝色的梦境,7.9,2016-4-11 9:21:51,这部电影最大的优点就是给人很舒服的感觉，虽然是中外合拍片，但是那种自然与不造作，亲切与美好的基调一直贯穿影片始终，我猜想毛姆大概也是最了解中国的外国小说家了吧。剧情没有想象中那么波澜不惊与高潮迭起，节奏感很好，情感的路线虽不平稳，但是至少在感情上还是完满的，至少他们到最后得到了全部的彼此。
菜刀james,8.6,2016-2-22 10:46:49,中美合拍片里面最好的一部，好莱坞总算没把大陆拍的很奇怪。男女主角演技都好到爆。
丰杀,7.5,2016-1-23 13:36:31,改自毛姆，拍于广西。构图工整、安静，可惜影调还不够细，某些场景光总欠些味道。有点对霍乱时期爱情变奏的意思，已然抽离于混乱中的乡土中国，徐徐描绘着爱欲的时间差，蛮迷人且感人的纠结和遗憾。黄秋生与夏雨的表演空间较小，沦为龙套；中后有两段配乐很让人出戏，过犹不及。
SuperDolly,9.0,2016-1-8 10:44:57,It is noble when love and duty are one.很美的电影。
奶罩,8.0,2015-12-5 21:02:01,和看完迷失东京后的感觉差不多，平平淡淡的，但人被拖进了故事里，心里那种小小的失落挥不去，1991年到2006年之间只有3部文艺片我给了8分。诺顿和娜奥米沃兹都非常适合故事里的角色。
亲愛的,7.0,2015-11-7 21:23:40,摄影好美，配乐好听。故事一般，对感情的处理一般。娜奥米很美。节奏掌握相当好。黄秋生不亮。中国的场景很少，估计导演不想在横店拍，只想实景。
三百零九下,7.0,2015-10-26 11:46:11,为什么没有6.5的选项呢。
shmo,,2015-10-15 10:45:15,喜欢的两个演员  诺顿好帅
小姜1169106,8.0,2015-9-27 13:28:58,很不错的爱情片，容易体会到女主转变的原因及过程，观众也会被男主“白求恩式”的为人民服务精神所折服。
oxmt,8.0,2015-9-23 13:33:47,"《面纱》改编自英国作家 W.萨默塞特·毛姆的同名小说,原著是一部女性精神觉醒经典之作。从电影中,也真切地感受到这一点。对女主人公一开始的轻率、轻浮，到后来的真爱、悔恨，多有深刻揭示，悲天悯人！"
oxmt,8.0,2015-9-23 13:32:48,"《面纱》改编自英国作家 W.萨默塞特·毛姆的同名小说,原著是一部女性精神觉醒经典之作。从电影中,也真切地感受到这一点。对女主人公一开始的轻率、轻浮，到后来的真爱、悔恨，多有深刻揭示，悲天悯人！"
一种生活方式Tiger,8.3,2015-9-19 12:31:22,小说很悲壮，电影挺温馨，不得不说改得还真不错！
神奇狍子,8.0,2015-8-12 20:02:49,我似乎对这种风格的电影情有独钟。不过不知道为啥叫面纱。黄秋生英语说得还不错，夏雨在里面可以说根本就没有任何戏，还不如那个保镖宋青。
woniu2048,5.0,2015-8-9 21:42:53,男女主人公在影片一开始就经历了婚外情，在男主带着女主赎罪式地深入中国内陆治疗霍乱的同时，曾错位的爱情逐渐走到了一起，两人在互相了解、扶持下才把曾经闪婚的自私逐渐转变成情感上、生活上的互相需要。至于故事背后的疾病、战争动荡背景剧本上没有过多的阐述及影射，更多的是用来反衬出情感的热烈及对男主逝去的悲怆。
步伐不停,7.0,2015-8-2 11:20:19,#分享照片#算是合格吧，该有的都算有。几个台词很不错；目测小时比电影还要好点（中国的景多美啊）
夜游猫1867556,8.0,2015-7-25 21:13:04,安安静静地看完 居然没睡着 看完安安静静地对着月亮发呆
DANS-love,10,2015-7-3 12:09:10,好看
InBruges,7.7,2015-5-31 23:23:54,似乎很难通过强大的卡斯和唯美的镜头来提升我对平庸电影的好感，故事大背景着笔不少，还要反复渲染，什么都提到一点，但都泛泛地过去，东方角色不要讲性格塑造，好莱坞思维模式下做到不太脸谱化已经不容易了；而核心的情感故事：吉蒂自踏上旅程起便开始向传统价值观靠拢，那个勇敢的包法利夫人在没怎么受到命运胁迫的情况下就顺着剧情设计欣然倒戈了，情感的转折无一例外的唐突，人间炼狱下的男女像害怕寂寞的小孩子一样重归于好并不能让我相信爱情~
深森,8.0,2015-5-23 3:53:36,"""As if a woman ever loved a man for his virtue."" 这句话本身就暗藏着质疑 几分戏谑 几分自嘲吧。她不确定这句话代入的正是她自己。霍乱地区的爱情没有花前月下的跌宕起伏 唯一的紧张感便是Kitty被学生围困住的时刻 终于久违地释放了Walter的深情。喜欢他们坐在简陋的小屋里 围绕着运河与桥牌谈笑 暗想我们早就不该为对方身上没有的品质惋惜了。喜欢她撑着镂空花纹的伞 他问需要我带你一程吗 她笑 骑水牛吗。真希望 一切停留在那安静而缱绻的快乐。"
Florababy,7.8,2015-5-19 13:23:46,据说是小说改编，没看过原著，单纯电影而言，有些失望，感觉想表达的东西很多，但都没有说透~
微笑天使lilly,,2015-5-1 22:26:09,看过一遍的电影，又随意地碰上，所以重温了一次。感触比第一次多些了。感情的方式有好多种，而真心的却不多，或许它并非以你喜欢的样子出现。结尾的地方竟然忘记了，再看，有些惊讶，怎么就那样走了？看来生活中是没有那么多奇迹的。
江小鱼-V,7.9,2015-5-1 0:37:29,剧情上面并不算是一波三折，但是还算比较有余味。很喜欢男主女主的爱情，很有点《傲慢与偏见》的感觉。片子在中国拍的，听到诺顿讲中文好好笑【对不起我不应该笑的】
tycoon,9.8,2015-1-18 20:53:50,电影封面图片看似是温馨的，但更是凄美的。而看过之后，可能就只剩下“凄”了。这样的故事让人动容，主人公的行为也值得我们歌颂。喜欢男女主角的表演。
Master_Ethan,8.0,2014-12-27 19:44:04,As if woman ever loved a man for his virtue.
JealousJean,,2014-12-26 19:21:17,看完净想去广西了。女主不喜欢诺顿这型我喜欢呀，看着着急。
糖朵冉冉,8.0,2014-12-25 22:06:51,我只恨我自己，因为我曾经爱过你。
Victory815,7.8,2014-12-24 17:58:48,黄秋生的英语说得比中文好多了。。。
南极没有北极熊,9.0,2014-12-24 17:24:35,我想你是对的，我们寻找对方缺少的品质太傻了。原谅爱比抱怨和恨美多了。我爱你已久，永不能忘。
rainplace,8.0,2014-12-14 12:31:43,诶嘿，第一部全程啃生肉，中文字幕太鬼畜调不好··············最近跟各种字幕越来越八字不合···这是逼着我好好学英文么············【【【还好这部台词不多而且语速还较慢······【【【诺叔真的男神范儿啊，下一部去看美X嗯·····我好像对娜奥米脸盲，之前看过她两部还不知道是她，就觉着这女主怎么这么像AA啊不过比AA瘦多了【笑cry脸】
赛蒙,8.1,2014-12-7 20:54:54,矛盾显得并不尖锐，但是有诺顿这样的主角在片子里，必然也不会尖锐。
叛卡门,7.0,2014-9-24 13:02:02,科学和技术可以改善物质生活，却无力驱赶愚昧和虚荣。如果不是较美的湖光山色，对这部战争爱情片留不下过多印象。一直期待着爱德华诺顿说出那句念念不忘的“死的却是狗”，没想到却是直白的歉意。宗教和战争气氛完善了原著的不足，却失去了原著以女性精神觉醒为主线的精髓，而讽刺和堕落更是轻描淡写。小清新的风格让凯蒂这个灵魂角色失去了可以升华的光辉，独留充满遗憾的爱情余味在硝烟中惊恐退场。
靓坤lv0461,8.1,2014-9-21 19:51:27,爱情其实就那么简单，结局令人惋惜，竟然还有黄秋生，这家伙英语说的不错
织梦机,7.0,2014-9-18 16:21:26,死的却是狗
purity88,9.0,2014-9-5 22:03:42,当我走近你的时候，让我们相爱吧。片尾曲的那句歌词很感人：Il y a longtemps que je t'aime 我爱你已久， Jamais je ne t'oublierai 永不能忘。
美丽夜上海,8.5,2014-8-2 22:25:29,开始并没有觉得如何，以为很平常的那种电影，看到最后女主角和男主角从不爱对方，都深深的爱着对方，打动了我，太棒了！
Luna_星,8.0,2014-8-1 20:20:59,越来越喜欢诺顿了呢。 海报很好看，南方小镇，好多水，黄秋生真帅。 抛开霍乱和殖民的背景，我很喜欢这个故事，很少女漫画一样的别扭男主，长得好什么都能被原谅。
EndlessJT,8.0,2014-7-29 23:07:35,面纱，霍乱给了彼此重新认识的机会，也断了继续下去的路。
DavidWeeb,8.0,2014-7-27 21:04:51,诺顿的片子，抛开政治。片子不错，音乐和片子的节奏很搭，委婉的批了米国的宗教入侵。女一号表情很是到位。
小翼MILK,8.5,2014-6-30 15:17:20,爱情的方式有很多种，不过两个人价值观对等还是很重要的，若不是因为在特殊环境下，霍乱加异国他乡，女主不会转变，发现男主的闪光点，两人固有的不好印象也不会打破，最后，女主还是爱上了品质高尚的男主，男主的爱恨成就了女主的成长。电影名字好美，片尾曲好美，镜头里的中国好美，这里面拍的中国还满顺眼的。
陌夏之交,9.4,2014-6-27 14:49:23,波澜不惊却带给人无尽的回味。
为知为无,8.8,2014-6-16 21:23:40,逝去才是美好的最终时态
闲散的大懒人,7.7,2014-6-10 2:13:26,风景很美，人很养眼。事先不知道是BE，看完还是有点不好受，这个故事基调总觉得男女主不会死的。
西门吹沙,9.0,2014-6-6 20:31:34,情商比霍乱更难治愈
Maggie是MJ的海盗,9.5,2014-5-27 14:54:09,看完难受了很久。我想这部电影我会永远保存但不忍再看。《面纱》是我所看过的最特别最触动我的爱情片。
烈烈风,9.0,2014-5-19 9:49:58,爱，得来不易。
我的放纵是他的溃疡,8.2,2014-5-18 22:35:53,后知后觉。。。
ElizabethBacall,10,2014-5-15 0:54:39,除了《返老还童》以后，只有《面纱》让我这么心碎。
Samantha113,8.6,2014-5-14 20:56:46,诺顿真的帅哭啊！！片中景色太美了，配乐也刚刚好，这片节奏不算太慢，故事叙述的还可以，不过女主真心不太讨好，跟查理重逢这个主意真的很糟，我还沉浸在Walter死去的悲伤中的，突然这两个贱货出现了。。。
小乐,8.5,2014-5-7 23:45:45,爱情在战乱，疾病中变的坚韧而永恒
GiuseppeLee,9.1,2014-5-6 1:18:19,配乐恰到好处，A La Claire Fontaine优美的旋律，配上极具中国特色的乡村画面，绝对是一种享受啊！导演也并非一成不变的将小说转化为影像，删繁就简，几个短小精悍的回忆片段，就将人物关系，影片背景清晰的呈现给观众，张弛有度，一点也不显得拖沓。另外值得一提的就是，男女主角都好迷人啊，惨了，只怕又睡不着了啊。哈哈哈哈
阿舍,8.6,2014-4-28 1:57:16,当爱与责任融为一体时，恩泽与你同在，但愿不负初心。
溅溅,7.0,2014-4-25 17:19:20,只是一切来得太迟
Esidora,7.8,2014-4-15 19:58:25,"有如画的山水动人的故事，却没有拍出一部无硬伤的电影。结尾查理和女主母女的见面狗尾续貂。一下子将整个叙事角度从男女主角转移到了女主角，这是原著和电影切换的混乱之处。但依然有精湛的演技和振聋发聩的一句“I hate myself,because I have loved you"".诺顿喊出时，我的心也跟着碎了。"
TIMETIME,,2014-4-15 10:08:22,婚姻如此这般.........
凭空消失的猫,7.0,2014-3-31 0:24:40,这片儿分高到哪了？不喜慢片，女主太贱，国人渣渣，诺顿帅哭。鉴定完毕。
张小信,10,2014-3-29 17:43:13,他爱她的时候她不爱他，等到她爱上他的时候他却不在了，一切都是如此细腻如此美，不管是诺顿还是沃茨，不管是风景还是爱情。
heartfly,8.6,2014-3-23 14:08:22,像是为我们这种大龄女青年而拍的电影。好山好水好音乐~
冰泉miumiu,9.0,2014-3-19 14:52:11,很不错的片子 关于爱和忠诚
Yisus,8.3,2014-3-14 10:22:04,一眼万年的相遇，一桩情不由衷的婚姻，一段一厢情愿的婚外恋。在剖开真相相对时，爱时浓烈，恨之亦然地彼此折磨。。在更大的苦难面前，他们找到彼此发光的品质，共同经历的霍乱，让他们找回了自己，成就了这段爱情，也留下了一段遗憾。
shirley雪,7.0,2014-3-5 21:23:03,感觉很难入戏，中国的群众演员可不可以专业一点，完全硬生生的被带出戏，Waddington的爱人也口味略重吧，看着她在我面前摇摇曳曳的就直想快进。全套电影看点只有爱德华诺顿。
Xinzic,10,2014-3-2 20:53:04,今天终于看了期待已久的面纱！感动得一塌糊涂……娜奥米美哭了，诺顿依旧拥有如此致命的魅力。这大概是最棒的“中美合拍”了。只有毛姆才能写出这样虐心又不矫情的爱情故事吧，影片就像海报一样，唯美至极。感动点很多，一个英国生物学家为中国的瘟疫，为学术研究而倾其所有；原本一厢情愿的夫妻在生活的沉淀中找寻激情。“我们要求对方所缺少的东西实在太傻了。”要说美中不足，大概就是Walter死去的部分略显仓促，但在我心中，这部影片足够值得珍藏！
东海黄药师,7.6,2014-2-20 23:45:44,西方与东方绘画艺术的结合。
agoni4689014,7.8,2014-2-18 23:29:55,喜欢沃特，喜欢他深沉却又执着的爱。也许换个大背景更能引起我的共鸣。
披风童鞋,9.0,2014-2-18 16:50:14,娜奥米一直很喜欢，而诺顿，看了很多戏却一直苏不起来，大概看上去他太阴郁严肃了，但这次他的角色设定太符合我审美了，聪明内敛自制清高的白袍博士，安静专注从事自己的工作，面对妻子的出轨他愤怒，但他依然爱她直到死亡。据说书的重点在女主身上，娜奥米很棒，她一路的变化是清晰有迹可循的，直到最后的重生。最后，不管是风月老手还是克制学霸，面对美丽的女孩子都眼里闪光，尽管她们的自私骄纵让他们头疼。
扶摇君,8.0,2014-2-15 23:20:52,直到最后才知道你才是最值得我爱的那个人，所以让我为你做些什么。
SOLO自然卷,7.0,2014-2-10 21:31:20,死的有点突然 你们觉得呢？村子里的人口音很奇怪，地理和历史上有硬伤，诺顿还是很不错的，看演员也许能给八分。觉得普通吧！
kokichan,8.0,2014-2-10 12:02:01,影片中梅潭府的拍摄地是黄姚古镇，难怪观片时觉得那么的熟悉！
zoeydiule,10,2014-2-4 13:20:30,在陪姐姐重温《面纱》 ，这是一部值得花钱进影院看的电影。可惜那时候不知道。我爱你已久，永不能忘。
草莓刨冰,8.0,2014-1-29 17:58:20,当获得了爱情，不久人也就去了。又一份很令人惋惜的爱情。
chino1462675,7.0,2014-1-27 7:45:16,不得不承认主演们表演的确实不错，婚姻与感情的过度让我想起革命之路。但剧情的张力对我来说还是不够
阿佳妮的蓝眼睛,8.6,2014-1-18 22:00:56,在一段爱情关系中，要相互理解，投其所好
卡特宫,10,2014-1-8 16:17:22,把你我都投进火里，终有一天你会爱我。
荷花雨2660183,9.0,2014-1-4 21:58:22,很喜欢的一部关于爱情的电影
James·Dixon,9.0,2014-1-1 21:36:13,很平凡，很伟大，很清澈，很凝重。山水太美，诺顿太迷人
陌陌无闻,,2013-12-26 11:59:07,高中时看的，有好些都忘了，难忘的是几位主演。女主还是和男配，男主就最美啦~~打算再看一次才评分。
酋长,7.0,2013-12-25 12:11:01,脑海里闪过“英国病人”和“霍乱时期的爱情”两个词汇，话说从地貌看，明显不是长三角，中国西南还差不多
左青子,7.8,2013-12-24 18:57:49,迷恋东方文化的诺顿，好久不听到他的消息了
Leo你的名字我的姓氏,6.5,2013-12-23 23:00:01,这片子褒贬不一啊导演对中国了解的还不够 很多地方流于表面 那时候的中国人是封建 但是封建≠愚昧无知啊。。
邂逅的回忆,7.9,2013-12-15 20:11:20,精致 细腻 有些凄美 相互包容理解 我觉得在这样的残酷环境下 男女会自然而然的让心走在一起
多多猫咪,9.0,2013-12-9 14:31:15,实现了大屏幕后较早看到片子，震撼！画质、剧情、表演。
浮光·掠影,7.0,2013-12-3 21:02:55,青山秀水下有两个老外，显得很不搭。
喵喃,8.5,2013-12-3 13:39:41,"抛开对彼此缺少品质的追求，忘掉种种偏见与伤害,让我们相爱，以为太晚，却也太美。"
Neo·Destin,,2013-11-22 16:26:01,#电影原著#《教父》 《沉默的羔羊》  《面纱》 ··········
先贝,9.0,2013-11-20 20:49:30,有些时候就想去看看这些老片子，这样的片子更适合一个人安静地去看。优美的音乐，优美的中国南方山水，还有重新活过来的爱情。如果一直这样该有多好。就在沃特和吉蒂都开始明白身边的人才是自己的幸福的时候，沃特却染上了霍乱。吉蒂亲眼看着自己的爱人埋葬在中国的祥贝河边。一同埋葬掉的，或者一同新生的，还有吉蒂对爱情或者生活的理解和态度。
Dakota,8.7,2013-11-18 19:50:53,细腻的感情渗透人心
月亮上的人儿啊,9.0,2013-11-17 11:07:24,默默不语、待对方，是等不到，只有你我都透彻心扉！娜奥米·沃茨，哇.....
DyingInTheSun,7.0,2013-11-5 9:05:03,霍乱时期的爱情
John想想,8.4,2013-10-28 21:37:41,很感人的故事，两位演员的演技都非常细腻和自然，而且片尾响起的曲子真的很赞。
摇滚小白,7.0,2013-10-20 5:36:19,还不错呢，就是太久之前了不记得了。
Momen,10,2013-10-19 14:14:24,太复杂，又说不清
尕子子子啊,8.0,2013-10-18 23:40:31,所有的好时光 都是在消失之后 能笑着哼唱的一首老歌儿
快乐一辈子,9.0,2013-10-18 21:31:09,这世界，男人有的忠贞不渝，一颗朱砂恒印在心。 　　 　　也有的，处处风流，说着何必太认真。 　　 　　女人有的聪敏，内心明镜，懂得争取幸福。 　　 　　有的却迷恋镜花水月，以为自是特别，该当拥有荡气回肠的爱情。 　　 　　于是愚钝者难免被骗受伤，这不是上帝的错。只是不清醒的人该当此报。
鄭伊健,9.0,2013-10-1 7:19:42,看了很感触，绝作
夏目透,7.8,2013-9-27 10:44:43,很有意思的故事，主人公内心描绘的竟如此细致。
Kalpana,8.0,2013-9-24 23:24:53,很干净的电影
neos,8.0,2013-9-19 0:08:57,其间的情感很细腻，英式爱情和中式爱情其实有些异曲同工之妙，毕竟比较传统。美式爱情就不同了，风风火火，轰轰烈烈
Gamble,8.2,2013-9-12 20:58:56,细腻...最大的特点就是细腻！
何家言,7.9,2013-9-5 18:04:55,@青青 诺顿在耶鲁学过中国历史这我是信的，但是貌似导演这方面功课没做好，比如，你见过人死了要葬在河边？
Wendy1s,8.9,2013-9-1 15:10:54,帅哥与美女~剧情很不错，很感人
光de下午茶,8.4,2013-8-29 16:08:03,爱情片看过不少，有一部总留在心里。用曾经流行的一句话说：当你喜欢我的时候，我不喜欢你，当你离开我的时候，我却爱上了你。喜欢爱德华·诺顿、娜奥米·沃兹的演技，也很少有哪部外国电影，能将旧中国的偏远乡村，拍出这样如梦如醉的山水景致。我们不奢求像伍迪·艾伦对待巴黎一样，也给我们拍一段“类风光纪录片”。我们只要知道，有个美丽无助的异域爱情故事，曾经发生在这里，便也足矣。
號咸魚,8.1,2013-8-23 11:41:02,平静的电影，平静的剧情，平静的在霍乱时期下滋生的爱情，诺顿平静却不失深度的演技和沃特对太太付出的爱，平静的中国山水画般的溪流，青山，泛舟。爱这东西在经过一些考验之后平平静静的延续下去就好。电影也让人记住了个地方-黄姚古镇。
sss3973075,7.8,2013-8-15 0:20:46,爱情的发生有时只差一个时机，爱情片的话不那么浪漫，表现乱世也不够深沉，但相信有人单凭这风景就能爱上这部片
Latinizer,8.0,2013-8-10 14:34:23,黄姚古镇~~
hey_Se7en,8.1,2013-8-9 18:23:58,看电影时逐步经历了立场的转变，全部看完之后再回过头过一遍，对很多情节又有了新的感觉。沃茨和诺顿的对手戏都十分精彩！
見上,,2013-8-7 9:51:21,爱是不是都在等待一个契机，他不过来，你也无法过去；你过去，也许他也正好过来。若这是一场静默的相爱，没有台词，我想通片应该是伴随着口琴的悠扬空旷。从不懂爱，到懂得爱，一份刻骨铭心的爱情够一辈子回味了——《面纱》 
RocMan·,8.1,2013-8-5 17:38:26,又一场霍乱时期爱情的救赎之旅，一厢情愿的浪漫换来的是对忠贞的领悟。当爱情不再是年轻时的干柴烈火，而已是沧海桑田后，望断天涯路的缱绻，在绝境中才会脱下面纱，显出它的本真。
青青,10,2013-8-4 19:14:44,又看一遍←。←，，再没有见过比这更真实的诺顿，他有一千面，我最爱这一面。他低头慢慢眨眼然后抬头那个惊讶小动作在这电影里出现最多，也最可爱。（这电影我竟投了10分，果然是脑残粉这片啊）
邓绿禾,8.0,2013-8-4 15:06:52,景美，女主的vintage美，糯顿更美！沃特倒是胸襟宽阔，这种爱情观目前为止只能尊重无法理解。至于吉蒂的思想转变与解放，不知道该说什么了。
cici误入地球,9.0,2013-8-2 1:42:20,有点说不出话来，好美，真的好美
Zoe0503,9.0,2013-7-29 16:26:09,人总有时会犯错，那是应为她还没有爱上你！
chen10781,7.0,2013-7-27 19:31:29,枯燥 剧情平静的像水 也是快进着看的 看完怎么那么不开心  压抑的不行 真心不喜欢这样的电影 一定不要为了某种目的和不了解的人结婚 也一定不要和模范夫妻之一发生婚外情 人充满浪漫的心思活得才能精彩
石头菇凉,10,2013-7-13 15:17:06,我爱你已久 永不能忘。 当爱与职责合二为一时 恩典与你同在
大言亦凤,9.3,2013-7-3 0:31:00,一切的误会也只是窗户纸。
沈秋下,7.3,2013-7-1 19:42:24,太慢热了。。实在是看不下去
三昧反刍,8.3,2013-6-29 13:32:53,一部进行爱情方法论思考的电影。
梵冥,,2013-6-29 11:07:02,吕燕怪异的存在真的是让人忧桑
野餐派,7.5,2013-6-25 19:38:17,一对小夫妻因为某一方出轨了到异国他乡的小地方散心，当彼此二人重拾爱情的时候，一方又突然死掉什么的最令人觉得心疼，特别是一方已步入黄土，另一方回到家乡，二人永离什么的最令人难受了
寻影作乐,8.9,2013-6-24 23:54:13,有些亲密关系的存在就是为了让你知道何谓相互的真爱并心怀大爱。
tracy-o,,2013-6-24 11:32:54,看着封面觉得很有意境，进入到电影情节里后就没有了这种感觉，山水依旧很美，可是那个时候在人们的眼中却并没有那么重要了。
绍晓南FM,8.0,2013-6-12 9:57:45,终究是爱着，什么都能被原谅。
mylittlek,9.4,2013-6-10 17:58:19,奥斯卡竟然只给了最佳配乐。。。
sennyrong,9.0,2013-6-3 10:54:36,工科男的爱情悲剧。
彩虹足迹,8.5,2013-5-31 1:39:24,男主气质很迷人 开始的求婚感觉超级浪漫最近看多了中国电影  果然还是国外的质量好一些啊
Adan02,,2013-5-20 3:17:49,Alexandre Desplat 的配乐保持住了这部电影的品质。
Nightwish,8.7,2013-5-15 22:21:51,中国水墨画下的西方爱情故事，二人泛舟江上的画面让我忘记了他们置身霍乱中，在那么美的风景中怎么会不相爱呢，男人用自己的执着，正直，善良最后获得了女人的心。
神张同学,9.0,2013-5-15 21:41:50,激情最终都会归于平淡
绿豆xx,7.9,2013-5-14 17:44:26,女主的表演很棒，盖过了诺顿
jillchoy,9.0,2013-5-12 23:52:49,每次看都很是感动 诺顿好帅
不知今夕何夕,9.0,2013-5-12 0:09:44,最喜欢的爱情片之一，优美动人。爱德华诺顿和纳奥米沃茨都很精彩～～～
we-won,,2013-5-11 12:20:58,好酒要细细品尝，《面纱》要一点一点体会！
cliosong,7.8,2013-4-27 14:52:13,那孩子25年左右怀上的，二十年后正好到参军的年龄。
cliosong,7.8,2013-4-27 14:07:29,这片子现在估计拿不到准生证吧。作为异国情调的中国都很有意思，就像末代皇帝。
htreffart,10,2013-4-22 7:39:05,是中外合拍电影中拍的很好的了，而且故事情节演员都很不错，只是不知道为什么两边不讨好，中国上映没什么叫好声，本来写中国故事的电影国外的更是爱答不理。片子里诺顿演的医生一个儒雅君子，片子也像山水画一样平静
血奴鹦鹉,7.6,2013-4-19 10:30:45,一部电影是好看还是不好看真的和观映时的心情有关吗？每一次看这部电影时的感受都不太一样......
阿默ss,8.0,2013-4-13 19:41:40,很简单很清新，只是到了结尾那么动人。
Zz_Witch,9.0,2013-4-12 19:45:29,到头来最动人的还是平静的日子
钢牙1989,9.0,2013-4-8 12:12:47,哀伤，是不是不经历波折就体会不到真爱
互撸娃,7.0,2013-4-7 23:06:43,不论他们来中国为何目的 不可否认他们为旧中国做出了牺牲和贡献
西风独步,7.0,2013-4-7 19:04:05,哎哟卧槽，面纱原著居然是毛姆大爷。以前看的时候下手太狠了，给分有点低。
能让我发的评论显示吗,8.0,2013-4-7 9:16:08,算不算是就输
张小信,10,2013-4-5 17:58:41,他爱她的时候她不爱他，等到她爱上他的时候他却不在了，一切都是如此细腻如此美，不管是诺顿还是沃茨，不管是风景还是爱情。
Santa_Cruz,7.3,2013-3-31 22:06:55,其实根据片名和霍乱时期的背景，猜救赎类剧情毫无难度，无非最后是男主挂还是女主挂还是两个一起挂的区别。男女主角都是著名演技派，片中的发挥也很好，就是莫名其妙出来个吕燕顿时有吃了苍蝇的感觉。
Rebecca·ME,,2013-3-29 12:31:19, 最心疼的就是这样了 刚刚发现自己深爱的就是长久以来都没有彼此真正了解的枕边人  眼看幸福就在手边却抓不住因为爱人已逝  诺顿的演技真不是盖的  这么深沉深情深邃的男人的深爱表达的淋漓尽致  
阿莫依,8.9,2013-3-27 22:46:30,时隔多年再看一次觉得好像一场梦！是个很好的故事不经历磨难哪里有爱情，不经过耳鬓厮磨怎么会有宽容和原谅！(你滚啦)...诺顿软软的好好捏~音画超棒QvQ
绿箜,9.0,2013-3-27 18:49:24,毛姆在人心上写得犀利，松散而可怕的中国村子，父亲，女主角本身。看原著，她最后都没有爱上自己的丈夫。显然，电影温情多了。
哈桃,9.0,2013-3-8 13:49:53,本来Walter的死只是哽咽了几下，可是后面那首歌弄得我眼泪在打转。希望孩子是Walter的。
Neptunian,7.0,2013-3-2 11:20:58,霍乱时期的畸恋
Godiva1,9.0,2013-3-2 9:34:33,Very typical Europ. love story.
于斯为盛,,2013-2-27 22:15:07,风景如画的漓江风光，一场霍乱，两个老外上演一场爱情故事。爱情是跨越文化的，可西方人看中国的视角，中国观众并不认同。
煙小塵,8.0,2013-2-21 11:13:09,动荡的时代背景下，风景如画的中国山水小镇，氤氲的雾气笼罩在山头和一对同床异梦的英国夫妻心中。他爱她，即便知道她的自私与娇惯，他沉默的包容。她不爱他，哪怕出轨偷情也叫嚷一个不能让自己妻子爱自己的男人是无能的。一个女人不会因为男人的伟大而去爱他，她更直观的感受或许是被逼成婚后郁郁寡欢的生活。如果开局是错误的，两个人都在为自己的选择受折磨，可在遥远异乡的霍乱之地，他们打开心中柔软的地方，洗尽铅华后去牵起了对方的面纱。
Defecto,8.0,2013-2-19 15:56:33,全片如涓涓细流，将两个人的感情一点一滴慢慢汇聚
天真狼狈,7.5,2013-2-18 9:30:05,面对霍乱时期的大灾大难可以解开两个人爱情的隔膜，可惜女主的婚外情让人大失好感，电影过于平淡，连诺顿死都死得那么缺乏渲染
恐惧绿色,9.4,2013-2-14 14:03:36,小说翻拍电影的基本毛病，节奏不够完美而已，女人不会因为男人的品德产生爱，反之更甚。
气息泥,7.0,2013-1-22 16:36:05,我是冲着诺顿来的，还行吧，他的情敌不是金刚狼里的哥哥么一脸的反派像。
Morning_,8.2,2013-1-21 1:32:48,故事的确是个好故事，但是细节上的处理不是那么完美，比如，Norton和他妻子之间的情感变化可以再着重刻画一下，Norton后面的死感觉也没那么震撼....总体还是不错，说白了也是冲着Norton来了，但没失望，画面唯美啊。这种平平淡淡，清清爽爽的感觉也是挺不错的。
超人不会飞,7.0,2013-1-20 15:57:10,我到现在还记得这个片子，男主难看死了，要不是女主真看不下去
小明哥,9.0,2013-1-19 0:43:33,老外镜头下的中国山水如此迷人，故事拍的不浮躁，画面幽静缠绵，配乐迷人动听！面纱，爱情有很多面纱，需要去揭开一些，敞开心扉……爱到分离才相遇，这样的爱是永恒的，Forgivenness comes at price...
天秤的一端,8.1,2013-1-16 19:39:14,老外拍中国题材，除了《末代皇帝》还真没看到有多么让人眼前一亮的，不过此片其实只是借了中国的场景而已，内核还是外国的价值观。诺顿扮演的医生太苦逼了，金刚女的角色倒是给人以转变，国内的众多配角也算不错。
CUI影视工作室,,2013-1-16 17:28:44,伤感。女人总是容易被甜言蜜语所迷惑。却真不了解男人对自己到底是什么样的情感
Charity,,2013-1-15 9:57:42,综合：C文艺：1娱乐：1偏好：0
红笺无色,8.7,2013-1-13 23:20:55,虽然看的时候没有很爱的感觉 但是结尾煽情到掉下泪来 至今也没法忘记
evermore凛冬,8.8,2013-1-13 9:12:46,娜奥米沃茨惊艳了，在水墨画中
MCThirteen,9.0,2013-1-8 22:09:04,非常安静的电影，真心想说，我爱你，中国。25岁，我期待的下一次的义无反顾的远行~~
天马_行空,8.3,2013-1-5 21:33:52,”影片的魅力不仅源于两位主人公的故事，还与古老文明的动荡背景密不可分“。英国人在中国的故事，又一个白求恩。
大帅哥ai,7.0,2013-1-4 19:25:30,我才不管你怎么结合时代背景。不能让我心动的片子都是烂片
马尔穆特,8.1,2013-1-1 20:43:46,为什么老外拍的片子里中国人说话听起来总是很别扭~
蜗牛看电影4311976,8.0,2013-1-1 15:16:31,美丽的广西，爱情的救赎
echo2448147,8.0,2012-12-29 20:59:23,悲伤而凄美的一个故事，情节不复杂，画面简单流畅，两位主演的演技熠熠生辉。不要去寻找爱人身上那些缺失的品质，更多的付出、真诚，这些才真正能温暖人心。
spiefuxkingel,7.9,2012-12-24 21:09:40,我喜欢《面纱》、《爱在遥远的附近》、《猜心》这几个译名，或者某种意义上的，霍乱时期的爱情。
初夏,8.2,2012-12-23 18:48:38,爱德华·诺顿饰演的男主很值得去爱~
Yolanda_090,9.3,2012-12-20 21:18:19,情节紧凑，两个小时的电影不知不觉就结束了，诺顿太有魅力了
会飞的靴子,8.4,2012-12-19 21:06:49,听片名就很想掀开这层面纱~景色服装道具主演都很养眼~虽说心里一直在猜想男主会死，但对故事结局还是有点接受不了~诺顿很绅士，很希望能多看到他和秋生大叔的对手戏~但感觉导演不太会拍中国人~
MiniV5,9.0,2012-12-15 23:51:11,即使最终结局，即便我要离你而去，我亦是要你明白，我爱你
加利亚,9.0,2012-12-14 17:02:55,褪去铅华忘掉仇怨才会得到宁静 爱情短暂却又永恒 虽不情意绵绵却让人回味无穷
狸猫漫步,8.0,2012-12-10 14:01:55,我就是为了看男主的，，
翊泽是个魔术师,8.0,2012-12-7 15:24:20,我相信书会更细腻，更精彩。
边城-叶开,6.8,2012-11-30 13:39:28,who is he mum? 记得最后小男孩的那句话吗？ 妈妈怎么回答她？  老妈当年的炮友！  当她骗儿子的时候 不感觉心里有愧吗    对于别的不想多做评论！ 爱情 出轨  不做评论了吧   就感觉里面的一句话不错   爱情和责任合二为一的时候才是爱情
pp牛,8.0,2012-11-28 9:51:06,费恩的死虽然伤感，但却是一个完美的结局
李雨晴,7.3,2012-11-27 23:38:56,够文艺，够煽情，但是对于奋不顾身抗病救灾的情节我总觉得有点假
帕拉多克斯,8.1,2012-11-26 23:42:05,祖国的大好山水需要更多的电影来记录。可惜国人似乎毫不珍惜这天赐美景。《那山那人那狗》湘西景色惊艳，就没印象有哪部电影记录大自然静谧之美。连纪录片《美丽中国》也是和BBC合拍的。
朱利安国王万岁,8.7,2012-11-21 23:11:23,可惜没有早点爱上你。。。
Lifas祥,7.0,2012-11-21 11:08:39,可能是有中国元素吧，好感加了许多
真实的我,9.0,2012-11-19 1:01:11,好美丽的田园风光！环境决定欲望的善恶、、、
kira闲,8.3,2012-11-17 12:03:51,时间不对····
神秘的L君,8.0,2012-11-16 20:56:16,“你真的那么恨我吗？”“不，我只是恨自己”“为什么？”“因为我曾经爱过你”
巫丹,9.1,2012-11-11 15:12:01,全面认识诺顿后锁定这个片儿，他说这是第一部在中国拍摄的西部片，如果说这画面是外国人对中国的印象，那这种美好只能说明他们比我们更喜爱和懂得中国的美~再简单不过的爱情故事，开始或许并不完美，那是因为没肯真心去了解身边这个人，强扭的瓜未必不甜啊！最后的结尾有点唏嘘
热液虾,7.0,2012-11-7 7:42:08,"很美情节细腻,可是改变了书的原意"
伊儿,8.3,2012-11-5 22:08:31,故事以中国20年代为背景，已经为电影本身做了很扎实的奠基。在中国古老的年代，一件出轨的事情发生，已经是死罪了。但男主角一直用自己善良的品行宽恕着女主角，感染着女主角。在中国大环境与男主角小环境的双重生活中，女主角终于理解了丈夫的爱，并真真正正的爱上了丈夫。虽然男主角染病而亡，但爱长存。
裤子的鸡零狗碎,7.0,2012-11-1 23:48:46,戏剧张力不够啊，风景拍的真心美
走走邹琼,8.9,2012-10-31 19:59:06,含蓄而内敛的Edward Norton，一直这么迷人。拨开面纱，你想珍惜他已远走。
谁是真实的人,9.5,2012-10-27 18:31:21,我是诺顿的脑残粉
mr_real,7.0,2012-10-27 12:28:46,普通的爱情故事没有矫揉造作  床戏刚好  norton的音调怎么那么高
木偶手萨丽,8.9,2012-10-27 0:42:15,看之未晚，总算没有错过。
Leto,9.0,2012-10-25 22:21:26,完全无法平静，这是一部让人深深难忘的杰出电影。最好的形容，是《面纱》具有迷人的如树影摇曳般的动人气质，这一点是很多好电影欠缺的一点美的感受。它的风格，正如它的原著毛姆的写作风格一般，简单，平实，不拖沓，不浪费，细节之处，人物情感微妙之处，人性变化之处，尤其深刻。该片让我想到了一句话，来自纪伯伦。“从来，爱不知道自己的深度。直到别离的那一刻。”好电影，浅浅珍藏于心。
亲密之人,8.0,2012-10-20 21:23:06,很有特色的一部爱情片啊。“你永远分不清男人是真的爱你还是假装在爱你”。说这句话的男人是玩弄人的，所以你是真的分不清了。整个片子的感觉有点压抑，两个人缺少沟通，便不存在爱情。环境却让一个女人改变了，更为注重内心的女人是成熟的。男主角死于感染瘟疫的时候苦惨了，原以为他们会好好在一起。结局很完美，她独自抚养孩子，日子阳光充实，也能直面那个曾经玩弄她的男人。
栗色雪,8.8,2012-10-16 21:05:39,非常精彩的合拍片，能排进我看过的“最好看的合拍片”的TOP 3.虽然整体节奏都很慢，但镜头精致，两位主演爱德华·诺顿和诺米·瓦茨的表演都丝丝入味，情感发展也合乎逻辑。关于爱情、婚姻与性格的思考很适合这个浮躁的现代社会放下情绪和成见来看待与回味。
海盗Frankie,8.5,2012-10-16 14:32:38,平行线是否能相交？它们是自由的，两个世界。比一厢情愿的执着与酒精挥洒的寂寞更重要的是当爱成为责任所带来的长久恩典。失去什么是为了找到重注的原料。回到水乡梦境，难忘悠扬旋律。
维恩B,7.8,2012-10-8 23:25:39,命运总是让人措手不及，却又似乎冥冥注定。
虚掷青春1354883,8.0,2012-10-6 19:12:33,伟大的爱应该可以改变和包容一切，它经得起时间的考验，在面临困难的时候毫不退缩。
chloe941,8.4,2012-10-1 19:08:24,在被问到拍摄《面纱》最大的收获时，norton的回答太赞了，“曾在耶鲁大学的一位老师，写过一本书《去改变中国》，如今的美国人依然抱着这样的“自以为是”，以为所谓的专业知识与科学，就能解决一切，能改变一个国家，他们错了。”
boz_valen,9.5,2012-9-29 17:06:02,缓慢而冗长却让人停不下来 拥有那么深沉的爱的Walter在诺顿的演绎上真是一开口就想让我去拥抱 他说&quot;I will do anything to make you happy.Anything at all.&quot;可是他做的唯一一件让她幸福的事就是爱她吧 另外西方制作与东方背景的融合与冲突也增添韵味 无论是画面还是配乐都实在精致 两人共坐竹筏行与桂林山水间时心都醉了 黑发的Naomi也好美
吖Sue,8.0,2012-9-23 0:01:35,很唯美的一部电影，淡淡的爱其实也是最令人深刻的爱
红美人,,2012-9-22 14:28:03,山水烟雾中。爱一声。
mikoiamyours,10,2012-9-20 20:39:07,太美了 好感动 something can't express by words
飞鸟与椰子,9.3,2012-9-15 10:56:59,我爱你已久，永不能忘。
樱桃米米,10,2012-9-6 10:03:02,看哭了给.....这部一直没看存在盘里，景色太美，和情节相辉映张.....虽然诺顿的影片这不是第一部，但是是我目前最喜欢的角色了。
武田雲信,8.3,2012-9-4 20:10:48,我想说，我真的很喜欢这部电影，无论是剧情，导演，画面，音乐似乎都无可挑剔。不过，有句话不吐不快，黄秋生的国语尽然不比诺顿强多少，而夏雨在片中似乎都没说过一句国语，全是用的英文对话
阿橙崽,9.0,2012-8-28 21:16:52,关于迷途知返 抵制诱惑的故事 EN此处不是诱惑 囧
mu_l,8.0,2012-8-25 23:25:54,115.喜欢norton的这个“书呆子”，naomi也很漂亮。。。
Blundell,8.5,2012-8-25 21:36:46,被感动了、
未知者,8.1,2012-8-23 19:34:17,很少有外国的导演能把中国这么破旧的小镇拍的那么美的，而且大量华人参演不可否认的确实容易吸引中国影迷。故事很美，对爱的诠释让人惋惜。诺顿演出不一样的味道，喜欢这种淡淡的忧伤。
我真的无昵称,8.4,2012-8-21 8:09:27,因为没看过原著，所以我觉得这部片子还是很好的。环境很好，风景很美。在这样一个天人交汇的地方如果不发生一点爱情故事是会遭天谴的。所以两人之间的感情发生的顺其自然，不造作。另外，诺顿演的男主角在妻子外遇时的冷处理，刚开始看会觉得他很懦弱，但是看下去你会发现，这是一种很智慧、很包容的方法。而女主角你会觉得她是一个势力、娇惯的女人，同样，看下去的话，你会发现，她只不过是一个不愿对命运妥协的、勇敢的、有自己想法的斗士。
EricDchao,,2012-8-19 7:33:07,#个人魅力极强的演员#觉的 面纱不错
nebula_D,10,2012-8-17 18:05:39,这种淡淡的忧伤的感觉我很喜欢，觉得这里面是最诺顿的诺顿了，给我的感觉，诺顿就应该是这样，话很少很忧郁的样子。黄秋生也是眼前一亮啊，英语说得很好，虽然台词很少，但严肃正直的感觉很到位。背景音乐配着这个唯美的爱情故事，情感完全融进去了，结尾，那个结尾，看完了好想哭啊.....
Moviest,8.2,2012-8-13 20:50:56,很唯美的爱情故事。
David瘦老头,7.0,2012-8-12 22:15:10,#你希望它被重拍#《面纱》 ，绝对是面纱，觉得小说挺多精华都没拍出来，又加了堆其他的东西
祥妮Echo,9.0,2012-8-11 16:54:35,"it's not a mask, it's a veil~"
David瘦老头,7.0,2012-8-1 13:29:58,《面纱》 其实这片子远不如小说好看，毛姆写的不错的
每天都是毕业日,8.1,2012-7-29 6:04:59,不相爱是两个人的错 但是爱总会有淡的时候 这没办法阻止 但是也没道理到处厮混 伤害彼此 谋求慰藉 本来觉得K很自私 不爱他还要嫁给他 还期望W能给她所有想要的 原谅她 但是后来觉得W也是贱人 明知道K不爱他 还要硬把她留在身边 奢求她会爱上自己 错从来都不只有一方的错 但是后来能爱一次 真的太好了
落英神箭V,8.8,2012-7-27 21:50:24,一部我看了30分钟就给了9分的电影，一种妙不可言的韵味的好电影
纯洁的缺德梅,8.5,2012-7-27 17:43:13,我最不喜欢的历史时期，我最不喜欢的电影类型，但我喜欢这种淡淡的感觉，又有一种古典美，电影煽情但感觉又像喜剧，没有什么生离死别等老套骗眼泪的情节，片尾的歌也不错。
蝶衣3659124,10,2012-7-27 0:30:45,哭的一塌糊涂
miu美羽,10,2012-7-26 23:47:03,播放列表里放了大半年，终于看掉了，与其叫《面纱》，更偏向于叫《炒面》，但是，如果没有诺顿叔和Naomi Watts的话，我也不会看，因为海报太唯美，对爱情片不抱任何希望，看完才发现，最最吸引我的原来是剧情~世上最痛苦的莫过于深爱后的失去，我一直不认为感情是可以培养的，不喜欢就是不喜欢嘛，尽管诺顿叔一直嘴硬，傻子都看得出他多爱他的老婆，所以吧，好男人是可遇而不可求的，再不喜欢也会被吸引，惺惺相惜就是他们的结果，可惜结局。。。也好~
蝴蝶先森,8.8,2012-7-26 21:55:32,画面，时代背景，人物关系，太赞了！
littletree,8.1,2012-7-25 0:27:32,男女主角都是大爱哇~~~喜欢这种淡淡的味道，爱情确实需要耐心的经营提炼
skyclear,8.1,2012-7-22 13:33:31,人是真实的，必然会犯错。但只要是真实的，必然会回归到真实。真爱必然永存！
MovieHolic,8.0,2012-7-22 0:51:46,相比小说，电影的结局已经美好多了。
牵手彤彤,,2012-7-15 23:16:39,“Forgive me ”
亚里士不缺德,,2012-7-9 14:27:50,诺顿5分，结尾音乐2分
shylotte,,2012-7-3 13:17:06,不是不可逾越的鸿沟，是面纱，不是没有共通的世界，是面纱，不是穷尽所有都无法理解的世界上最遥远的距离，是只要你想，只要你试就可以揭开一窥其景的面纱
nickless,,2012-6-29 9:27:11,风雨江南，拾得真爱。故事平平，叙事平平。
龟速船长,,2012-6-28 0:49:20,女主角正宗白富美7分，在桂林拍的加1分么么哒。
臭老恶,,2012-6-27 22:19:42,安静的影片
小卓1461239,9.0,2012-6-22 23:47:55,缓慢的节奏渗透出淡淡的爱
J-Deity,9.8,2012-6-18 19:29:03,思考了很久电影名 面纱阻隔了两颗根本不熟的心，你说揭开了吧，人又不在了，让心心相印提升到一个高度是好的，但非得要诺顿死啊！！ 闹心........ 但是 我仍爱这部电影 仍爱沃茨和诺顿！
Alice113,8.6,2012-6-13 16:58:58,最近总是看这种淡淡的爱情电影。很喜欢电影中的Walter和Kitty，很互补的一对，很讨人喜欢的爱情故事。还有，很美丽的中国的小村庄~~
